case_id,category,local_index,expected_valid,observed_valid,expected_first_control,observed_first_control,expected_control_hit,false_accept,false_reject,clean_rejection,artifact_hash,elapsed_seconds,detail
invalid-semantic_hash-0000,semantic_hash,0,False,False,semantic_problem_hash,semantic_problem_hash,True,False,False,True,c51d8f7adce57d7003ffc46567461d3caee4f26ab5b6c5ac13181b2ddbe00a61,0.075393000,artifact source hash matches independently canonicalized problem
invalid-semantic_hash-0001,semantic_hash,1,False,False,semantic_problem_hash,semantic_problem_hash,True,False,False,True,5c51334193a5063b666875b3513be2e224a9b508865cb2d1b70537266635e513,0.075498583,artifact source hash matches independently canonicalized problem
invalid-semantic_hash-0002,semantic_hash,2,False,False,semantic_problem_hash,semantic_problem_hash,True,False,False,True,46297d4ee4233dcbdee3c5129ce4a43873b2000151a0f7c4561acceaf1cb5a03,0.074860500,artifact source hash matches independently canonicalized problem
invalid-semantic_hash-0003,semantic_hash,3,False,False,semantic_problem_hash,semantic_problem_hash,True,False,False,True,64eb1136eacdbafff6e15ea311945d8cff4ebac4beaf40754ab595e1019894ee,0.075579250,artifact source hash matches independently canonicalized problem
invalid-semantic_hash-0004,semantic_hash,4,False,False,semantic_problem_hash,semantic_problem_hash,True,False,False,True,0e186a13b8c06422b9860db7bff688e915f3d61a4ff042cf627935d5219d31f4,0.074160875,artifact source hash matches independently canonicalized problem
invalid-semantic_hash-0005,semantic_hash,5,False,False,semantic_problem_hash,semantic_problem_hash,True,False,False,True,30232fed6e78573673a0a24e9f00e757c1e37c864cc4030aaa2efa0a50174090,0.074964792,artifact source hash matches independently canonicalized problem
invalid-semantic_hash-0006,semantic_hash,6,False,False,semantic_problem_hash,semantic_problem_hash,True,False,False,True,ca27d0270bc3cfbc9ff5eacc28e875347ca83db9d198fceec3b2ed43e7adf82a,0.074612959,artifact source hash matches independently canonicalized problem
invalid-semantic_hash-0007,semantic_hash,7,False,False,semantic_problem_hash,semantic_problem_hash,True,False,False,True,891276841fc26fb05cad93a793ae955e69004e932ad4b7527b32baf38e23169b,0.075621458,artifact source hash matches independently canonicalized problem
invalid-semantic_hash-0008,semantic_hash,8,False,False,semantic_problem_hash,semantic_problem_hash,True,False,False,True,88143eb7be5faba97e98ad81f23bec20a53707b9dd0767518ffad82c73d3d181,0.076024709,artifact source hash matches independently canonicalized problem
invalid-semantic_hash-0009,semantic_hash,9,False,False,semantic_problem_hash,semantic_problem_hash,True,False,False,True,cbc6fa1138a470ca5433954564217ac15713aca7c6753cce466a9e564ec56eea,0.075099500,artifact source hash matches independently canonicalized problem
invalid-semantic_hash-0010,semantic_hash,10,False,False,semantic_problem_hash,semantic_problem_hash,True,False,False,True,2ac713d3a0624657a0bb8112dbe3deb5445c14c17b89d553819ff090364054b0,0.075925959,artifact source hash matches independently canonicalized problem
invalid-semantic_hash-0011,semantic_hash,11,False,False,semantic_problem_hash,semantic_problem_hash,True,False,False,True,56bcb979b11de9842d0ffba4af0945a4e71f9e49a8856a077ba56b3cff0df323,0.076615792,artifact source hash matches independently canonicalized problem
invalid-semantic_hash-0012,semantic_hash,12,False,False,semantic_problem_hash,semantic_problem_hash,True,False,False,True,ebf7212ec5ee0564e5b36ed5aaba35449065e32004dcf2ac54c5feea48b6100c,0.076135792,artifact source hash matches independently canonicalized problem
invalid-semantic_hash-0013,semantic_hash,13,False,False,semantic_problem_hash,semantic_problem_hash,True,False,False,True,897a3cc8ffa6372be64a760f670f5632774dd774c81c387d39e0824d147ec2e6,0.075346708,artifact source hash matches independently canonicalized problem
invalid-semantic_hash-0014,semantic_hash,14,False,False,semantic_problem_hash,semantic_problem_hash,True,False,False,True,b591611a4848cc942a714b911ab244a09303cc7816f0e8c22d3712068e6b161f,0.074678375,artifact source hash matches independently canonicalized problem
invalid-semantic_hash-0015,semantic_hash,15,False,False,semantic_problem_hash,semantic_problem_hash,True,False,False,True,218c5f6fcef742122cab2342abc561fa39d9bed19668b2ae711150e59648afaf,0.075692583,artifact source hash matches independently canonicalized problem
invalid-semantic_hash-0016,semantic_hash,16,False,False,semantic_problem_hash,semantic_problem_hash,True,False,False,True,78fce583af2df459a00793537477ab9a7422550f320435a38c9fff5f28ee1b2e,0.075801250,artifact source hash matches independently canonicalized problem
invalid-semantic_hash-0017,semantic_hash,17,False,False,semantic_problem_hash,semantic_problem_hash,True,False,False,True,cf60e3ea02cb40b96c80944409896064b9c33e758fe33cc61d712f5701372a88,0.075528958,artifact source hash matches independently canonicalized problem
invalid-semantic_hash-0018,semantic_hash,18,False,False,semantic_problem_hash,semantic_problem_hash,True,False,False,True,17ec978e461e4978e6b81b29f83ad495f50983b32cf043421c237d32fb8310eb,0.075773167,artifact source hash matches independently canonicalized problem
invalid-semantic_hash-0019,semantic_hash,19,False,False,semantic_problem_hash,semantic_problem_hash,True,False,False,True,b572a59ae893684cfd2f817f46d4677949e729a18fff4c0e8bfd4a00cd38eab3,0.074943250,artifact source hash matches independently canonicalized problem
invalid-semantic_hash-0020,semantic_hash,20,False,False,semantic_problem_hash,semantic_problem_hash,True,False,False,True,8f221c2b3d3b0ddd18fbc3291b0ae5a40589db6da532de1e7883d38f2ef34f8f,0.075837917,artifact source hash matches independently canonicalized problem
invalid-semantic_hash-0021,semantic_hash,21,False,False,semantic_problem_hash,semantic_problem_hash,True,False,False,True,7b144ddcfd97a27026aa536d658b0344a051a5b84d768774c1bb5d36a0e82997,0.076171625,artifact source hash matches independently canonicalized problem
invalid-semantic_hash-0022,semantic_hash,22,False,False,semantic_problem_hash,semantic_problem_hash,True,False,False,True,ab130ad8f998861f634630f74480bcb70e1d2be2d7b906de99d9be0fca46f631,0.076562167,artifact source hash matches independently canonicalized problem
invalid-semantic_hash-0023,semantic_hash,23,False,False,semantic_problem_hash,semantic_problem_hash,True,False,False,True,cdce479059da554b05cde7001e5eb3b906649099c33efd0d9141f728e57f4062,0.076197834,artifact source hash matches independently canonicalized problem
invalid-semantic_hash-0024,semantic_hash,24,False,False,semantic_problem_hash,semantic_problem_hash,True,False,False,True,674b9270513335f1a4c2c2e2f44043228081e2869b53abf96aa8ed61d62961e8,0.077273125,artifact source hash matches independently canonicalized problem
invalid-semantic_hash-0025,semantic_hash,25,False,False,semantic_problem_hash,semantic_problem_hash,True,False,False,True,442dec4d09458966cc2aa97bd4ed0be3c7484f50294f56dea41782f943df1a48,0.077532667,artifact source hash matches independently canonicalized problem
invalid-semantic_hash-0026,semantic_hash,26,False,False,semantic_problem_hash,semantic_problem_hash,True,False,False,True,bbe28f99dd79c7e8efe4b334c157a1ac61d77635b487c8db900558655e3de438,0.075963291,artifact source hash matches independently canonicalized problem
invalid-semantic_hash-0027,semantic_hash,27,False,False,semantic_problem_hash,semantic_problem_hash,True,False,False,True,456920b2d2a819c6cbcb55340fe5d256bcab8abb1f4c61f357278acbd6a4d2da,0.074763958,artifact source hash matches independently canonicalized problem
invalid-semantic_hash-0028,semantic_hash,28,False,False,semantic_problem_hash,semantic_problem_hash,True,False,False,True,07846a15dc485f8fefcd9f0d142d8da0629ddeb4d8ab6e6ffd79af6ae253a757,0.075330625,artifact source hash matches independently canonicalized problem
invalid-semantic_hash-0029,semantic_hash,29,False,False,semantic_problem_hash,semantic_problem_hash,True,False,False,True,c7cba2e6edf70df5bd036187df424afd134a6deb96499e669987678be44348e0,0.075575041,artifact source hash matches independently canonicalized problem
invalid-semantic_hash-0030,semantic_hash,30,False,False,semantic_problem_hash,semantic_problem_hash,True,False,False,True,3c90dde4e74c3daf9de61581beefc56ed93d18acf28aa430ce5adac66724909f,0.074939334,artifact source hash matches independently canonicalized problem
invalid-semantic_hash-0031,semantic_hash,31,False,False,semantic_problem_hash,semantic_problem_hash,True,False,False,True,ba992f7aca9e9d16f7dbdd729b0300e04f4fe848f174d3c2a991c181ac2ac1f5,0.075412167,artifact source hash matches independently canonicalized problem
invalid-semantic_hash-0032,semantic_hash,32,False,False,semantic_problem_hash,semantic_problem_hash,True,False,False,True,103f48e872e81d444f788341bcd27a627114d5d7529b86c14753119727d34918,0.075865791,artifact source hash matches independently canonicalized problem
invalid-semantic_hash-0033,semantic_hash,33,False,False,semantic_problem_hash,semantic_problem_hash,True,False,False,True,36182f1c5776ce6bffc1d14867d4df120fb0d4abbee5b300d2e9ef179e80b1d9,0.075154500,artifact source hash matches independently canonicalized problem
invalid-semantic_hash-0034,semantic_hash,34,False,False,semantic_problem_hash,semantic_problem_hash,True,False,False,True,12ef3e3ab2c12d8a0360d87a3b924a4f4666693e3f1ac6f0ff5f62cd0a3dbc08,0.075965625,artifact source hash matches independently canonicalized problem
invalid-semantic_hash-0035,semantic_hash,35,False,False,semantic_problem_hash,semantic_problem_hash,True,False,False,True,e3d6090c8ff3407df78a30c99c069873b6cf7c30eec6dff0eac0d07e214d42fd,0.075828166,artifact source hash matches independently canonicalized problem
invalid-semantic_hash-0036,semantic_hash,36,False,False,semantic_problem_hash,semantic_problem_hash,True,False,False,True,34da969a764f2eb9567e1eb6caae69e47aae147ef9e7d7edf6c0dca567999c8e,0.102950917,artifact source hash matches independently canonicalized problem
invalid-semantic_hash-0037,semantic_hash,37,False,False,semantic_problem_hash,semantic_problem_hash,True,False,False,True,3bc794e7894cde5835bc02ec74fc54c4e1d35ae0aa51d953dd55a68d9bab1555,0.086137458,artifact source hash matches independently canonicalized problem
invalid-semantic_hash-0038,semantic_hash,38,False,False,semantic_problem_hash,semantic_problem_hash,True,False,False,True,fef77d7e7a3dbd5804774a2a7c7fa4a1c9ab7a167018de6b61f3328dfba701ae,0.074392083,artifact source hash matches independently canonicalized problem
invalid-semantic_hash-0039,semantic_hash,39,False,False,semantic_problem_hash,semantic_problem_hash,True,False,False,True,2f0993ae4cd97fae033623338e314beb6f3cdcf01c669cf8a733ccdaa3de3080,0.074950958,artifact source hash matches independently canonicalized problem
invalid-semantic_hash-0040,semantic_hash,40,False,False,semantic_problem_hash,semantic_problem_hash,True,False,False,True,78364c2b2ac052ab4a381c95b60bbbce0b0d87a94a18dd414ea9001167c64f21,0.075119000,artifact source hash matches independently canonicalized problem
invalid-semantic_hash-0041,semantic_hash,41,False,False,semantic_problem_hash,semantic_problem_hash,True,False,False,True,f63ce0c22a8d52dcc667ebdd79d92182459b33ab6765036934ffa92669aaa6a1,0.074656709,artifact source hash matches independently canonicalized problem
invalid-semantic_hash-0042,semantic_hash,42,False,False,semantic_problem_hash,semantic_problem_hash,True,False,False,True,20a34947bee98a75551c696380b305692830477bfaabf5d6a33203f342408c96,0.074885166,artifact source hash matches independently canonicalized problem
invalid-semantic_hash-0043,semantic_hash,43,False,False,semantic_problem_hash,semantic_problem_hash,True,False,False,True,67b9d64a83d26e0137efecd0296f2c6d95ec285b6cf0724319e80fad29ceda71,0.074953167,artifact source hash matches independently canonicalized problem
invalid-semantic_hash-0044,semantic_hash,44,False,False,semantic_problem_hash,semantic_problem_hash,True,False,False,True,2ec61f6344d82831e64f3215a619b38d9ca0256bc9b787189eb99168119f92c7,0.075478541,artifact source hash matches independently canonicalized problem
invalid-semantic_hash-0045,semantic_hash,45,False,False,semantic_problem_hash,semantic_problem_hash,True,False,False,True,3e0d15cf4df98f1d9065c84193c950bb5e215243c341ec91c5f135a55135a94c,0.075050125,artifact source hash matches independently canonicalized problem
invalid-semantic_hash-0046,semantic_hash,46,False,False,semantic_problem_hash,semantic_problem_hash,True,False,False,True,d0be00fd999f79ea8b18b9dbb1f390409b348a1cd946ea990d4cbf3d979809df,0.075042000,artifact source hash matches independently canonicalized problem
invalid-semantic_hash-0047,semantic_hash,47,False,False,semantic_problem_hash,semantic_problem_hash,True,False,False,True,220b9a45b55a44c1c2aa12258faa6f8ad6d296fcbb6e6ed3c3a93e5367f343d4,0.074831000,artifact source hash matches independently canonicalized problem
invalid-semantic_hash-0048,semantic_hash,48,False,False,semantic_problem_hash,semantic_problem_hash,True,False,False,True,52ca0e3d25c03e769fc98ea1869d02321a11d7e0e4d81f7165fd0d805ceeeab4,0.075482625,artifact source hash matches independently canonicalized problem
invalid-semantic_hash-0049,semantic_hash,49,False,False,semantic_problem_hash,semantic_problem_hash,True,False,False,True,c31f22e88f6d30a8b7dc4b5ad9373fd75062bfc7bdeb072dd23e16ac13c72be4,0.075613417,artifact source hash matches independently canonicalized problem
invalid-semantic_hash-0050,semantic_hash,50,False,False,semantic_problem_hash,semantic_problem_hash,True,False,False,True,55c70b54868a0cc206bb1a01a6c401adbe8058ad88e264522009185c0bcaa908,0.076458625,artifact source hash matches independently canonicalized problem
invalid-semantic_hash-0051,semantic_hash,51,False,False,semantic_problem_hash,semantic_problem_hash,True,False,False,True,db5afd48482703c2cd3fe8fc973d048ac35500bb535a4571b39abdbe46f25979,0.075669541,artifact source hash matches independently canonicalized problem
invalid-semantic_hash-0052,semantic_hash,52,False,False,semantic_problem_hash,semantic_problem_hash,True,False,False,True,3e63b4d63fd29a83ada46de58b2127a048046bb8c4baebf77f0800dc5b375dee,0.075544958,artifact source hash matches independently canonicalized problem
invalid-semantic_hash-0053,semantic_hash,53,False,False,semantic_problem_hash,semantic_problem_hash,True,False,False,True,f00e9022532bd367e0fe4896b7ac6288e64cb77901fcd587d45e9f840fda2524,0.076445708,artifact source hash matches independently canonicalized problem
invalid-semantic_hash-0054,semantic_hash,54,False,False,semantic_problem_hash,semantic_problem_hash,True,False,False,True,86def55661885b9f390da45ab3241cbb86be566042e3f3642c124631c2aaf3f6,0.075716584,artifact source hash matches independently canonicalized problem
invalid-semantic_hash-0055,semantic_hash,55,False,False,semantic_problem_hash,semantic_problem_hash,True,False,False,True,6bf5a88dce590ce24ad3a9457699630d0b9989c8ee9d3e8366c58ddc33bae0c1,0.075436041,artifact source hash matches independently canonicalized problem
invalid-semantic_hash-0056,semantic_hash,56,False,False,semantic_problem_hash,semantic_problem_hash,True,False,False,True,78d2a0be70fb92b210f7547a77cbf89b4c2212c29f92f708fb780aadc11796c4,0.075764125,artifact source hash matches independently canonicalized problem
invalid-semantic_hash-0057,semantic_hash,57,False,False,semantic_problem_hash,semantic_problem_hash,True,False,False,True,1f49d580a4aeb0e347dbc135ffcd03da1c33323218157f3af76fac05e0c860a7,0.076013333,artifact source hash matches independently canonicalized problem
invalid-semantic_hash-0058,semantic_hash,58,False,False,semantic_problem_hash,semantic_problem_hash,True,False,False,True,52392226651f570bcfc3e64195032f3d5c836743287f621abd92c66f816a3a0d,0.075653250,artifact source hash matches independently canonicalized problem
invalid-semantic_hash-0059,semantic_hash,59,False,False,semantic_problem_hash,semantic_problem_hash,True,False,False,True,e67ddf620bf3c02f04bb20b984e052bfe0805320615c266ee971ab928562cf4b,0.076036791,artifact source hash matches independently canonicalized problem
invalid-semantic_hash-0060,semantic_hash,60,False,False,semantic_problem_hash,semantic_problem_hash,True,False,False,True,443a43796ab06b3262a087352802ac0913fd9fda77d3abeae2c129363c37e68c,0.075181750,artifact source hash matches independently canonicalized problem
invalid-semantic_hash-0061,semantic_hash,61,False,False,semantic_problem_hash,semantic_problem_hash,True,False,False,True,d043cfd48010ddfbca78d7283a9843d430a3ca8593c2f73267aa286499ee6534,0.076165542,artifact source hash matches independently canonicalized problem
invalid-semantic_hash-0062,semantic_hash,62,False,False,semantic_problem_hash,semantic_problem_hash,True,False,False,True,4e6c658ab6ea0adc4ac00149c2dab65d09c827ce9805878d9742f116d1d208a4,0.075542208,artifact source hash matches independently canonicalized problem
invalid-semantic_hash-0063,semantic_hash,63,False,False,semantic_problem_hash,semantic_problem_hash,True,False,False,True,cd2d4606e31d7ccf34e19a7350c890f9fd22feadef8b2e7ef0e0b8addeed0c7e,0.075835542,artifact source hash matches independently canonicalized problem
invalid-semantic_hash-0064,semantic_hash,64,False,False,semantic_problem_hash,semantic_problem_hash,True,False,False,True,56b2a503382e7ebb15d501a9e88f2565d8ff99dd21f49ee2561ae0fd4aae403a,0.076364875,artifact source hash matches independently canonicalized problem
invalid-semantic_hash-0065,semantic_hash,65,False,False,semantic_problem_hash,semantic_problem_hash,True,False,False,True,76bc5d9acfce77eafc507989b3e326e769df4d97be9fb577bb974e9d16394f77,0.075987375,artifact source hash matches independently canonicalized problem
invalid-semantic_hash-0066,semantic_hash,66,False,False,semantic_problem_hash,semantic_problem_hash,True,False,False,True,3b63104d29fcd27e97e5f67d6322ba203a45a812d9db4abf199d26759e1e4297,0.074724792,artifact source hash matches independently canonicalized problem
invalid-semantic_hash-0067,semantic_hash,67,False,False,semantic_problem_hash,semantic_problem_hash,True,False,False,True,9ca625110afdc59c31c76496a1d897c30ac2055ccfab7f9639815e55ae6320b2,0.075670042,artifact source hash matches independently canonicalized problem
invalid-semantic_hash-0068,semantic_hash,68,False,False,semantic_problem_hash,semantic_problem_hash,True,False,False,True,13b038a2ef6d0e4ec106626c3889800bb8d0218d0433b07e97e997573f39e546,0.074451292,artifact source hash matches independently canonicalized problem
invalid-semantic_hash-0069,semantic_hash,69,False,False,semantic_problem_hash,semantic_problem_hash,True,False,False,True,da70596b927ca3216ccb50db8d14395f575126907d597b0cd64e047f06bf3cff,0.075399708,artifact source hash matches independently canonicalized problem
invalid-semantic_hash-0070,semantic_hash,70,False,False,semantic_problem_hash,semantic_problem_hash,True,False,False,True,567734b61ca02c4e46f25f9805b1131e787b8cce32a32cc7b00a699808f98877,0.075031875,artifact source hash matches independently canonicalized problem
invalid-semantic_hash-0071,semantic_hash,71,False,False,semantic_problem_hash,semantic_problem_hash,True,False,False,True,f72e4f36fafe3e188c062583ceafc28dd3329b8b2480715c03d1102ea4e223a5,0.074294958,artifact source hash matches independently canonicalized problem
invalid-semantic_hash-0072,semantic_hash,72,False,False,semantic_problem_hash,semantic_problem_hash,True,False,False,True,615fb8448797e67f787da48f5fb61c35dacab81d4d682258fc84fbdf3a5c1d94,0.074998458,artifact source hash matches independently canonicalized problem
invalid-semantic_hash-0073,semantic_hash,73,False,False,semantic_problem_hash,semantic_problem_hash,True,False,False,True,8d0f82e70b2c3038267e1a9ed722d2c8d9b86b0412323da6645d44cbf1c83367,0.075497500,artifact source hash matches independently canonicalized problem
invalid-semantic_hash-0074,semantic_hash,74,False,False,semantic_problem_hash,semantic_problem_hash,True,False,False,True,1ec1a91f2b7456631b6c82e776fad04e9835e95d2c71304466c5e4b66b7625ed,0.075142708,artifact source hash matches independently canonicalized problem
invalid-semantic_hash-0075,semantic_hash,75,False,False,semantic_problem_hash,semantic_problem_hash,True,False,False,True,5dacb949b4cb959d1738bebfeea9d5499a2d97df49852de4e8404e5d25fddbf8,0.075371083,artifact source hash matches independently canonicalized problem
invalid-semantic_hash-0076,semantic_hash,76,False,False,semantic_problem_hash,semantic_problem_hash,True,False,False,True,c864bb1d1fe6a29c5615bf74e79f73d97e569bc08955179eb1f325a544baf872,0.076039667,artifact source hash matches independently canonicalized problem
invalid-semantic_hash-0077,semantic_hash,77,False,False,semantic_problem_hash,semantic_problem_hash,True,False,False,True,7853dd170da2817145ed1136af3516238bf9a389bedf7e70534d7dffd628b494,0.075788375,artifact source hash matches independently canonicalized problem
invalid-semantic_hash-0078,semantic_hash,78,False,False,semantic_problem_hash,semantic_problem_hash,True,False,False,True,7e0cbdf05468041a9bfb64d9aece4c7d4c73e7bb525772371794473f319e83fd,0.075515500,artifact source hash matches independently canonicalized problem
invalid-semantic_hash-0079,semantic_hash,79,False,False,semantic_problem_hash,semantic_problem_hash,True,False,False,True,5245a0ddb1a179ac91b23b0387c9041a4d0735f9f6d5082610d093bcc3f1029d,0.075552583,artifact source hash matches independently canonicalized problem
invalid-semantic_hash-0080,semantic_hash,80,False,False,semantic_problem_hash,semantic_problem_hash,True,False,False,True,7ed3e712fc3da3cd980d08f0a0941f5607bc7da3e5d27098615c8731bb83de72,0.076033291,artifact source hash matches independently canonicalized problem
invalid-semantic_hash-0081,semantic_hash,81,False,False,semantic_problem_hash,semantic_problem_hash,True,False,False,True,3cb4e096aa35797d788fcc6fde050d743210c50ae8b90b55f10d19bbe483bcbb,0.076092208,artifact source hash matches independently canonicalized problem
invalid-semantic_hash-0082,semantic_hash,82,False,False,semantic_problem_hash,semantic_problem_hash,True,False,False,True,23dcfe3880363c2bedba7d27c3bdcb3d165f91338f8abb78a217460e8d849cff,0.074900792,artifact source hash matches independently canonicalized problem
invalid-semantic_hash-0083,semantic_hash,83,False,False,semantic_problem_hash,semantic_problem_hash,True,False,False,True,ba6427ecd2572e32390a49bc6b210919c67b89a8878004fe63f0918def1f3795,0.075794375,artifact source hash matches independently canonicalized problem
invalid-semantic_hash-0084,semantic_hash,84,False,False,semantic_problem_hash,semantic_problem_hash,True,False,False,True,28676e09faf84770cca2f93c9f6bd35904bc93f4cee96390b979f84bceef0b2b,0.075925625,artifact source hash matches independently canonicalized problem
invalid-semantic_hash-0085,semantic_hash,85,False,False,semantic_problem_hash,semantic_problem_hash,True,False,False,True,1d96cc94a9dd2fafe3f8fef2da263b003cab0d1c3f0e0f6a99ee51bd9bf73396,0.075584709,artifact source hash matches independently canonicalized problem
invalid-semantic_hash-0086,semantic_hash,86,False,False,semantic_problem_hash,semantic_problem_hash,True,False,False,True,3914617c276c0e78a2954eeea71fc0f8fd6e786c8e617493cf190f398a82948c,0.076289625,artifact source hash matches independently canonicalized problem
invalid-semantic_hash-0087,semantic_hash,87,False,False,semantic_problem_hash,semantic_problem_hash,True,False,False,True,b5a7337390425e988c4a3a9a7f660489b2748bc1a108c1c2f6e1ec02c7d458fd,0.075050834,artifact source hash matches independently canonicalized problem
invalid-semantic_hash-0088,semantic_hash,88,False,False,semantic_problem_hash,semantic_problem_hash,True,False,False,True,3c9b92a9fe5065fa3f1447cdfaea452cdf9d53ec875b9e11efa144f4ab83a555,0.074901125,artifact source hash matches independently canonicalized problem
invalid-semantic_hash-0089,semantic_hash,89,False,False,semantic_problem_hash,semantic_problem_hash,True,False,False,True,404eadf994f853800c066023402d76a32da218f5732e1ad91f6b37a420b3587b,0.076774792,artifact source hash matches independently canonicalized problem
invalid-semantic_hash-0090,semantic_hash,90,False,False,semantic_problem_hash,semantic_problem_hash,True,False,False,True,0133f7a44361e210f1ba439d3421fe21d15922af685f25579c71c7bc47ec6a2e,0.077238500,artifact source hash matches independently canonicalized problem
invalid-semantic_hash-0091,semantic_hash,91,False,False,semantic_problem_hash,semantic_problem_hash,True,False,False,True,03257ffa0f988a8560a4e28cf5f66a43cd5fb0cd9e4fd2e3cc06a4e1d6bd0992,0.075248667,artifact source hash matches independently canonicalized problem
invalid-semantic_hash-0092,semantic_hash,92,False,False,semantic_problem_hash,semantic_problem_hash,True,False,False,True,f987b90e2f50735a3de1fa3d44c64c420f3fa17b43fb07e08089b90846e73258,0.076344875,artifact source hash matches independently canonicalized problem
invalid-semantic_hash-0093,semantic_hash,93,False,False,semantic_problem_hash,semantic_problem_hash,True,False,False,True,cc6f803fe54473bdf5b5c44124913a36f144606bfda3192696bccc2699e500f9,0.076689958,artifact source hash matches independently canonicalized problem
invalid-semantic_hash-0094,semantic_hash,94,False,False,semantic_problem_hash,semantic_problem_hash,True,False,False,True,f37964927a69af2b5b6364e3765fb684f17a165512cbb679e6e8e1ae281acdc0,0.075725584,artifact source hash matches independently canonicalized problem
invalid-semantic_hash-0095,semantic_hash,95,False,False,semantic_problem_hash,semantic_problem_hash,True,False,False,True,99cf730b1ba4f3aa4df26696fc89fb7cf46d047cb05540dc9762f6c091c59ad0,0.074895833,artifact source hash matches independently canonicalized problem
invalid-semantic_hash-0096,semantic_hash,96,False,False,semantic_problem_hash,semantic_problem_hash,True,False,False,True,85fba2e52ba18996774e437f865589d57c0658c02d0027fbec8858f40c869648,0.075630417,artifact source hash matches independently canonicalized problem
invalid-semantic_hash-0097,semantic_hash,97,False,False,semantic_problem_hash,semantic_problem_hash,True,False,False,True,04139828a7df8b0e237a5410454f6ef05eed801dcc1293b7b1f6cccb64111c71,0.076425666,artifact source hash matches independently canonicalized problem
invalid-semantic_hash-0098,semantic_hash,98,False,False,semantic_problem_hash,semantic_problem_hash,True,False,False,True,6b27b37d9535e9721b92bff882ac00466d236b1706c792408974207325068e23,0.075014667,artifact source hash matches independently canonicalized problem
invalid-semantic_hash-0099,semantic_hash,99,False,False,semantic_problem_hash,semantic_problem_hash,True,False,False,True,2ce0494899d7312a157010d9c38248dbd283a22679d57e693bef66dfe5188fbd,0.075976125,artifact source hash matches independently canonicalized problem
invalid-document_hash-0000,document_hash,0,False,False,document_hash,document_hash,True,False,False,True,3d4a729c1e63020d33c41acca6b325c187f738a35520cc71781af0422f2cbea6,0.075822709,artifact document hash matches exact problem document
invalid-document_hash-0001,document_hash,1,False,False,document_hash,document_hash,True,False,False,True,de37d23b5fb6f927cadf4951117adec694ac0a9c60e5d0d69d57ea5793ee35d0,0.075836083,artifact document hash matches exact problem document
invalid-document_hash-0002,document_hash,2,False,False,document_hash,document_hash,True,False,False,True,7d3e2e7a6cb590255232ab515bf4d04476ef4a3a7bf5cbfeaba1aaf288ee95b3,0.076715625,artifact document hash matches exact problem document
invalid-document_hash-0003,document_hash,3,False,False,document_hash,document_hash,True,False,False,True,0754765b8214bac14ce1585cfab3d41e9aec514eb017a63a8f7673a22909845a,0.075933625,artifact document hash matches exact problem document
invalid-document_hash-0004,document_hash,4,False,False,document_hash,document_hash,True,False,False,True,94c092959e49d92421134366d3102e17007e84a0218fb18571d87cece9cfee4e,0.075778666,artifact document hash matches exact problem document
invalid-document_hash-0005,document_hash,5,False,False,document_hash,document_hash,True,False,False,True,3733727649c5fb503c00ca359ec01839146004d55b97c4f1d903bc813df62540,0.076572500,artifact document hash matches exact problem document
invalid-document_hash-0006,document_hash,6,False,False,document_hash,document_hash,True,False,False,True,e801a87b73d9c2739b96ef7baaa82e25e949a7bf8ab5523faa672b471a740171,0.076900209,artifact document hash matches exact problem document
invalid-document_hash-0007,document_hash,7,False,False,document_hash,document_hash,True,False,False,True,a150049f192b44d4bf261d15d0574d9fe34a49a0a5ccd981bc1b0fb6e3b0f090,0.076498792,artifact document hash matches exact problem document
invalid-document_hash-0008,document_hash,8,False,False,document_hash,document_hash,True,False,False,True,09394c8e63e2cd48ce28ee865b18bb2c096189896c0f1b953fca151238a88ed7,0.075923417,artifact document hash matches exact problem document
invalid-document_hash-0009,document_hash,9,False,False,document_hash,document_hash,True,False,False,True,19098c04cae70f825eb6d5c72b625d6f585fd55ebfeddd7da91373f6f34c6155,0.076337209,artifact document hash matches exact problem document
invalid-document_hash-0010,document_hash,10,False,False,document_hash,document_hash,True,False,False,True,3b53b8761a7e9a8bdcc1359a0d7549e4c584e63a34a150971e5761d3605fe1ff,0.075460667,artifact document hash matches exact problem document
invalid-document_hash-0011,document_hash,11,False,False,document_hash,document_hash,True,False,False,True,19750151f42500297247c76aa93ba4473cc2074f557f9ccfa2861a5d60f40968,0.075001209,artifact document hash matches exact problem document
invalid-document_hash-0012,document_hash,12,False,False,document_hash,document_hash,True,False,False,True,b15d1f56ec8ae5ff889ef9a8b29348879424eaac02748a8ccdfc4c793c1f36bb,0.075941209,artifact document hash matches exact problem document
invalid-document_hash-0013,document_hash,13,False,False,document_hash,document_hash,True,False,False,True,9bfb7dde21d63ed99ce84202f5df87db59b533417985a3dd592b1be9e37c5df1,0.076834958,artifact document hash matches exact problem document
invalid-document_hash-0014,document_hash,14,False,False,document_hash,document_hash,True,False,False,True,fb6db766e228d6545f3002f1ad326962e2c160fb69f1f63d6105c0bdf3fbf63f,0.075406708,artifact document hash matches exact problem document
invalid-document_hash-0015,document_hash,15,False,False,document_hash,document_hash,True,False,False,True,a0e418ad801c4f890b2a11575d3246e5f05a407c35216fafaeb3aaa388b80e90,0.074532000,artifact document hash matches exact problem document
invalid-document_hash-0016,document_hash,16,False,False,document_hash,document_hash,True,False,False,True,d7f1df7c35612c3e652758ed0c3363672019665638d8cc6717e61077f0822b6a,0.074437750,artifact document hash matches exact problem document
invalid-document_hash-0017,document_hash,17,False,False,document_hash,document_hash,True,False,False,True,26938a488e21a54e1de8b483f3548210e83efb7f59700e2432dc5ea86e533c70,0.075050833,artifact document hash matches exact problem document
invalid-document_hash-0018,document_hash,18,False,False,document_hash,document_hash,True,False,False,True,209b95729da8e773f9e426accb40e6f955e678082f5f10b39dc550ae205bb409,0.074844584,artifact document hash matches exact problem document
invalid-document_hash-0019,document_hash,19,False,False,document_hash,document_hash,True,False,False,True,a6cb3b52f63e86f480938f1258b18f5d5f7b2c4b2bdab5b21b1c68cb81380731,0.074536792,artifact document hash matches exact problem document
invalid-document_hash-0020,document_hash,20,False,False,document_hash,document_hash,True,False,False,True,5fb440e132bf65e44eba540932af558280c1e0bb397cf70afaec53f5204dcd3b,0.075978666,artifact document hash matches exact problem document
invalid-document_hash-0021,document_hash,21,False,False,document_hash,document_hash,True,False,False,True,98b9947c3a34912ce24f32b813e45b04a2257a2474df226180daa241ece14fa7,0.075182458,artifact document hash matches exact problem document
invalid-document_hash-0022,document_hash,22,False,False,document_hash,document_hash,True,False,False,True,a41974000cefddc53164b539a925c8bb89465cf9bc054d5c0633e8043a69325b,0.075259042,artifact document hash matches exact problem document
invalid-document_hash-0023,document_hash,23,False,False,document_hash,document_hash,True,False,False,True,f0758f16293c49024943d2bc463fdea9a78e633c6cacf45b77fb591d7a32da65,0.075056083,artifact document hash matches exact problem document
invalid-document_hash-0024,document_hash,24,False,False,document_hash,document_hash,True,False,False,True,a5de55b79b50a5a57f4a7db1f730651f90395b5d1617b41e26307875cd44f877,0.075504458,artifact document hash matches exact problem document
invalid-document_hash-0025,document_hash,25,False,False,document_hash,document_hash,True,False,False,True,52766b762e7f3e5e98d77e6daa6721ef39efc035d6fb4fcece175e0df89d23f6,0.076120708,artifact document hash matches exact problem document
invalid-document_hash-0026,document_hash,26,False,False,document_hash,document_hash,True,False,False,True,c0963ff6a2b9f049260f5ffc7fb6719d91229ab2bde42c63d4eebe8bf7a00a7c,0.075699041,artifact document hash matches exact problem document
invalid-document_hash-0027,document_hash,27,False,False,document_hash,document_hash,True,False,False,True,ea29d03a76168f609332e96f270f3b74f6abd400a03eb0e274fe6a14e4a3afba,0.074890916,artifact document hash matches exact problem document
invalid-document_hash-0028,document_hash,28,False,False,document_hash,document_hash,True,False,False,True,26a0313f13107ded91f1963c9635152b146294a0d73933f01a61b3b719dad5aa,0.075920167,artifact document hash matches exact problem document
invalid-document_hash-0029,document_hash,29,False,False,document_hash,document_hash,True,False,False,True,6c2246567c56571c8694d1c4b67dfa9ec188266173708b1be00c707c6c488b7a,0.075035334,artifact document hash matches exact problem document
invalid-document_hash-0030,document_hash,30,False,False,document_hash,document_hash,True,False,False,True,e27aef0736aa8404edc335ece8598d808fee5bcdc36596eb0861ab4d41aa0e09,0.074911917,artifact document hash matches exact problem document
invalid-document_hash-0031,document_hash,31,False,False,document_hash,document_hash,True,False,False,True,ba75b8dead925ebd33c2768f40d9d1998668b5876e2f5813e426e91f3d9e1830,0.075671958,artifact document hash matches exact problem document
invalid-document_hash-0032,document_hash,32,False,False,document_hash,document_hash,True,False,False,True,4c7767beb62243546c2c6d75eeacba7c70f33ba1f47f57f1c4ae942cfc7acdcc,0.074448042,artifact document hash matches exact problem document
invalid-document_hash-0033,document_hash,33,False,False,document_hash,document_hash,True,False,False,True,046b79c1b0bb12119777d0b722fa0b92e3d21982deede9742229c88ca1611f87,0.079831041,artifact document hash matches exact problem document
invalid-document_hash-0034,document_hash,34,False,False,document_hash,document_hash,True,False,False,True,e3e9bc065c3ccf688d8fb2e8ef29bc9c4584da1d51a18184b107f69c3422cea2,0.076456542,artifact document hash matches exact problem document
invalid-document_hash-0035,document_hash,35,False,False,document_hash,document_hash,True,False,False,True,a0186e88b04b319bbf6ea616b8f9eb0fe80f25612963de5d948a6bb593a1fa5b,0.074630125,artifact document hash matches exact problem document
invalid-document_hash-0036,document_hash,36,False,False,document_hash,document_hash,True,False,False,True,e75780cc1de47bd5e3605eddb60e040d0e4ff185b9218c8411f1e52e787dfd6c,0.075079000,artifact document hash matches exact problem document
invalid-document_hash-0037,document_hash,37,False,False,document_hash,document_hash,True,False,False,True,ba0560482b89c540127df267cd0dd9755740da922b9ce9b3e5a97d29d3ae1ac9,0.075125667,artifact document hash matches exact problem document
invalid-document_hash-0038,document_hash,38,False,False,document_hash,document_hash,True,False,False,True,cb69b5f9afd3d46644c21e41509d6fe334db4fda23c128b05416b6d3d8a0e2c0,0.074906042,artifact document hash matches exact problem document
invalid-document_hash-0039,document_hash,39,False,False,document_hash,document_hash,True,False,False,True,3d288183e113f73800917ee6ef13eac6f841f38c95c10df0666a4b22c92b1cc8,0.075064375,artifact document hash matches exact problem document
invalid-document_hash-0040,document_hash,40,False,False,document_hash,document_hash,True,False,False,True,5d964a8fd46adea3e0a320314babacbb0f9b31da55eea3d4e0bc0bcfc520481d,0.075591250,artifact document hash matches exact problem document
invalid-document_hash-0041,document_hash,41,False,False,document_hash,document_hash,True,False,False,True,46534d3fed2c608235777225b125bdf1376fc6385e782b23c9e71b2173508292,0.075686292,artifact document hash matches exact problem document
invalid-document_hash-0042,document_hash,42,False,False,document_hash,document_hash,True,False,False,True,4ac4c6535f7362364fc6ea91149ed8ccb187cbb66cc7475840c092607e6e058a,0.075989000,artifact document hash matches exact problem document
invalid-document_hash-0043,document_hash,43,False,False,document_hash,document_hash,True,False,False,True,ae13f835ed1eb3fcec3bc2a258ea8bb371a9606b17368ec0211d617c27e92b52,0.075327375,artifact document hash matches exact problem document
invalid-document_hash-0044,document_hash,44,False,False,document_hash,document_hash,True,False,False,True,fd4a273f7b6da9ccf5a74a7855bc94b02359fdf9329dcf8faf17bb75791ae36f,0.075478792,artifact document hash matches exact problem document
invalid-document_hash-0045,document_hash,45,False,False,document_hash,document_hash,True,False,False,True,86109c60c25525674953193c93a5a89147bcea2b33c57c563e9845026d28ad93,0.075916458,artifact document hash matches exact problem document
invalid-document_hash-0046,document_hash,46,False,False,document_hash,document_hash,True,False,False,True,254ce786181c89d043dac0bde7574ec82f34e04496c8fd8852a1facb6d16a4ab,0.076190083,artifact document hash matches exact problem document
invalid-document_hash-0047,document_hash,47,False,False,document_hash,document_hash,True,False,False,True,1d67575e832f4edade411c2c77a6beb2c5e2927e97cd3d27d4a1999caac9b613,0.075505250,artifact document hash matches exact problem document
invalid-document_hash-0048,document_hash,48,False,False,document_hash,document_hash,True,False,False,True,2c81ff87f930c9e20175956226f89259e5f28632f75ca68597330b8416be0990,0.076476833,artifact document hash matches exact problem document
invalid-document_hash-0049,document_hash,49,False,False,document_hash,document_hash,True,False,False,True,02246a7ce68147e80b74ea47fc6e5a3196e82668835a7d80d6eb01185fa670a7,0.076333666,artifact document hash matches exact problem document
invalid-document_hash-0050,document_hash,50,False,False,document_hash,document_hash,True,False,False,True,65c1b19cf779335d65c88b66abca909b55e57e28c3c24a33b5be3b82dde3f5c2,0.075569375,artifact document hash matches exact problem document
invalid-document_hash-0051,document_hash,51,False,False,document_hash,document_hash,True,False,False,True,c0df6c3094e02ca7786ebf326feaab615e5352ff6fe478a768b104c4acea8bca,0.075492041,artifact document hash matches exact problem document
invalid-document_hash-0052,document_hash,52,False,False,document_hash,document_hash,True,False,False,True,bdbf0fa06a59cf30b9602d507a5b84e649ff571e8f578b8515aa04e54a1390bb,0.076033833,artifact document hash matches exact problem document
invalid-document_hash-0053,document_hash,53,False,False,document_hash,document_hash,True,False,False,True,71259b3031ce750f20a7e0c7492cae80f11a954727befa8a893fb82ed05d7351,0.075206416,artifact document hash matches exact problem document
invalid-document_hash-0054,document_hash,54,False,False,document_hash,document_hash,True,False,False,True,c1fe9798fea8fcc45a598b5883695a70ff48ec7b107deb9d5a735620ff731e65,0.075757917,artifact document hash matches exact problem document
invalid-document_hash-0055,document_hash,55,False,False,document_hash,document_hash,True,False,False,True,5ecaabe9657c2cb7cba72af1f8b3b32d626e56678285a9caaec477effd40d4d5,0.076361000,artifact document hash matches exact problem document
invalid-document_hash-0056,document_hash,56,False,False,document_hash,document_hash,True,False,False,True,ebddfa14436147f3051f4c79a73cc9ec815db183de3b076422ad4aa4e0f70572,0.073695833,artifact document hash matches exact problem document
invalid-document_hash-0057,document_hash,57,False,False,document_hash,document_hash,True,False,False,True,443d50f1b252fc0a91aa5c6c051591733028f73d366a03cf217f3cee1cfca280,0.074347917,artifact document hash matches exact problem document
invalid-document_hash-0058,document_hash,58,False,False,document_hash,document_hash,True,False,False,True,0f2fcbc75cf92bb2c3f7a1145e211033fc3cd89b0b85cfe16ab028a3d4b18ace,0.075969000,artifact document hash matches exact problem document
invalid-document_hash-0059,document_hash,59,False,False,document_hash,document_hash,True,False,False,True,be44a6e56d6141fcdcf51c587702ddb32b3d3846c0b1adf256b0bda6a4ab4119,0.075887958,artifact document hash matches exact problem document
invalid-document_hash-0060,document_hash,60,False,False,document_hash,document_hash,True,False,False,True,bd519b9b56d88ee27f0b330470893c529f5f54381a0dddedfeec3152d0b4b494,0.075236666,artifact document hash matches exact problem document
invalid-document_hash-0061,document_hash,61,False,False,document_hash,document_hash,True,False,False,True,6c40027ba7b5d79bd77868ef136953acd47460e7d57cab446d21e2a8d9168e71,0.075153625,artifact document hash matches exact problem document
invalid-document_hash-0062,document_hash,62,False,False,document_hash,document_hash,True,False,False,True,2238385e190e05740a958df06aae7500d6f9eee381c8623c6e3b39140114ceb0,0.075508917,artifact document hash matches exact problem document
invalid-document_hash-0063,document_hash,63,False,False,document_hash,document_hash,True,False,False,True,2452873c4dfe85307b0a88695edad4049ca29d021cc4b24e6dae0fef482b6ae5,0.075795875,artifact document hash matches exact problem document
invalid-document_hash-0064,document_hash,64,False,False,document_hash,document_hash,True,False,False,True,2b702dc59b18ddc8356addeaca4784d53dafc60e070b2ba8b835cbd585aa1de0,0.075449167,artifact document hash matches exact problem document
invalid-document_hash-0065,document_hash,65,False,False,document_hash,document_hash,True,False,False,True,50cb152178bab148d9d917627a98b66ea87e9dad9c3107262fc90a88c9c7875b,0.075901667,artifact document hash matches exact problem document
invalid-document_hash-0066,document_hash,66,False,False,document_hash,document_hash,True,False,False,True,f2a922c932251c4c7e2f3a1a2e4b60c215a46f15a2ee3172f11cd72fa37669aa,0.076170375,artifact document hash matches exact problem document
invalid-document_hash-0067,document_hash,67,False,False,document_hash,document_hash,True,False,False,True,b7ddf610b4f0c2c0d4aee5a73eb082aa7407fe91c9fae8eeecfec249bccec77e,0.075586167,artifact document hash matches exact problem document
invalid-document_hash-0068,document_hash,68,False,False,document_hash,document_hash,True,False,False,True,38d1e48a792eb8f0559900d9427c91280532c0ad3085e16d654ebb80291d9837,0.075472958,artifact document hash matches exact problem document
invalid-document_hash-0069,document_hash,69,False,False,document_hash,document_hash,True,False,False,True,8889e5245faf36d6eac394b88e42628f7bc1e5a0c82c643726434cfb89b5461b,0.076158083,artifact document hash matches exact problem document
invalid-document_hash-0070,document_hash,70,False,False,document_hash,document_hash,True,False,False,True,4e1a805b34bd81bb7b6e600b73dd83e472602f638f0081af244fbd2097bcaaef,0.076522875,artifact document hash matches exact problem document
invalid-document_hash-0071,document_hash,71,False,False,document_hash,document_hash,True,False,False,True,30710252e0fd15b03b42689679328795ca93651f22a3310e6c629f96f7648ee0,0.075767375,artifact document hash matches exact problem document
invalid-document_hash-0072,document_hash,72,False,False,document_hash,document_hash,True,False,False,True,c5ab7884d3c8456acfc8e16bcd64c7a26af09020d9d392a070f290dc4c8b530f,0.076128583,artifact document hash matches exact problem document
invalid-document_hash-0073,document_hash,73,False,False,document_hash,document_hash,True,False,False,True,ea8f906faa392ab1a2d275e170a3eb53635cfaa6491d64439d41d77ff0f309cc,0.075610625,artifact document hash matches exact problem document
invalid-document_hash-0074,document_hash,74,False,False,document_hash,document_hash,True,False,False,True,f82132249f62e155d1383be3704ce1aa86c758275ccda632d66dd645049df2f7,0.075441542,artifact document hash matches exact problem document
invalid-document_hash-0075,document_hash,75,False,False,document_hash,document_hash,True,False,False,True,35d6dd81ea79a47b2f93446f848c774ba29e07b07c9e9a4eebfb740917f30fb4,0.075506708,artifact document hash matches exact problem document
invalid-document_hash-0076,document_hash,76,False,False,document_hash,document_hash,True,False,False,True,70c8b1029e8ff43d2a504157a361fefd0c428cc742dae0a2a7da41e4422b8e8d,0.075780250,artifact document hash matches exact problem document
invalid-document_hash-0077,document_hash,77,False,False,document_hash,document_hash,True,False,False,True,fb44c881ec86321ac355087d52ae793b66ec78495f8949e279d8bbcc7807a185,0.075746834,artifact document hash matches exact problem document
invalid-document_hash-0078,document_hash,78,False,False,document_hash,document_hash,True,False,False,True,7cbf2cc985d0fc3d4ca4c4edef2a12b520511c61027b6d8d9f78421d69524579,0.075867458,artifact document hash matches exact problem document
invalid-document_hash-0079,document_hash,79,False,False,document_hash,document_hash,True,False,False,True,0d34d57a0babfa26d366fd000ccc9dabc04efd515939f86c63b83439af119f23,0.076072667,artifact document hash matches exact problem document
invalid-document_hash-0080,document_hash,80,False,False,document_hash,document_hash,True,False,False,True,7cf8601cd27c42b2288532353dad3cc4bd023da090c39e507272437d86c91212,0.074401500,artifact document hash matches exact problem document
invalid-document_hash-0081,document_hash,81,False,False,document_hash,document_hash,True,False,False,True,88c42997da467c8aa4162fd7945374c5aaeffa04d0749b3615166744de5be248,0.075493959,artifact document hash matches exact problem document
invalid-document_hash-0082,document_hash,82,False,False,document_hash,document_hash,True,False,False,True,fd7cb14c34456be81b9f46f03dfe78f37a376fe3ec22c8e88e9251590472aafb,0.075324458,artifact document hash matches exact problem document
invalid-document_hash-0083,document_hash,83,False,False,document_hash,document_hash,True,False,False,True,5c816b2317943a2c93550df81f0b3e1275619cee7d5b37fe3e2e5d9f479f520f,0.075663250,artifact document hash matches exact problem document
invalid-document_hash-0084,document_hash,84,False,False,document_hash,document_hash,True,False,False,True,803b8349359d67ec52edff11649e412495fa15de523db7e792062d63f0fe27cb,0.075520791,artifact document hash matches exact problem document
invalid-document_hash-0085,document_hash,85,False,False,document_hash,document_hash,True,False,False,True,248404ee2aa61ccfa0620f876a4bd7350ded86c2680b71086952bf472aa40466,0.075961750,artifact document hash matches exact problem document
invalid-document_hash-0086,document_hash,86,False,False,document_hash,document_hash,True,False,False,True,f974c65b101c18678ea4fa8930a0594e759a2f8faca1c35a8db22b90eb2ff06c,0.075919458,artifact document hash matches exact problem document
invalid-document_hash-0087,document_hash,87,False,False,document_hash,document_hash,True,False,False,True,0867338d70aaf6a61451be7042b74d44af4091a8fa1bf573a6d61f36a722e48a,0.075014417,artifact document hash matches exact problem document
invalid-document_hash-0088,document_hash,88,False,False,document_hash,document_hash,True,False,False,True,3f679abf5fb181c362d15a49e728f61529ddf128002c22e62e9971d6586b5ead,0.076105625,artifact document hash matches exact problem document
invalid-document_hash-0089,document_hash,89,False,False,document_hash,document_hash,True,False,False,True,3fe35ef5caae8d4b88f6589c6bb083de925bc5187fddf5de4416e918f6103da4,0.075181333,artifact document hash matches exact problem document
invalid-document_hash-0090,document_hash,90,False,False,document_hash,document_hash,True,False,False,True,f9513d9d701f98484ec0b3ab9ec4db6f1f8b2c83cc8ed06206a9a3cb57d95eaf,0.075454500,artifact document hash matches exact problem document
invalid-document_hash-0091,document_hash,91,False,False,document_hash,document_hash,True,False,False,True,83b6bff93cdfd9b6677277deecb28df33aec4e4e052098e02687df1fff6088c2,0.075626875,artifact document hash matches exact problem document
invalid-document_hash-0092,document_hash,92,False,False,document_hash,document_hash,True,False,False,True,060e88cc5ded61186b368a91071f9879842be94ce5c74069c7626adab63813a5,0.075009000,artifact document hash matches exact problem document
invalid-document_hash-0093,document_hash,93,False,False,document_hash,document_hash,True,False,False,True,9ba6b0439dc89d9b2ffdf94d4427943761f0063d8324fde0cbc7dcfb0658a02e,0.075900709,artifact document hash matches exact problem document
invalid-document_hash-0094,document_hash,94,False,False,document_hash,document_hash,True,False,False,True,9a84773ddfd99b65f25021404a67ff5c4937711f6654c4d8be88948a28e822eb,0.076549625,artifact document hash matches exact problem document
invalid-document_hash-0095,document_hash,95,False,False,document_hash,document_hash,True,False,False,True,2a492c1417953aae867f4dccbeb9806ef3f59da3428f868234aa23f2d264493b,0.075299042,artifact document hash matches exact problem document
invalid-document_hash-0096,document_hash,96,False,False,document_hash,document_hash,True,False,False,True,b1abffb4de138c929bd1bf5df1e292ed8d16f53e6ac36038e75ddef397d0ba15,0.072934875,artifact document hash matches exact problem document
invalid-document_hash-0097,document_hash,97,False,False,document_hash,document_hash,True,False,False,True,70e1448dfdb23779d7adbc1fd9ca9539bd677e8abdbf16c2721eddc8cc6455a6,0.076133917,artifact document hash matches exact problem document
invalid-document_hash-0098,document_hash,98,False,False,document_hash,document_hash,True,False,False,True,f52588fc78a4f2de627ba4261e720f5cce915d868faa97526b6ab3053d3d12ac,0.075636083,artifact document hash matches exact problem document
invalid-document_hash-0099,document_hash,99,False,False,document_hash,document_hash,True,False,False,True,388417b24879841c830c2c28fc3c77013409493f5a6dd81e6073c091806311fb,0.076403166,artifact document hash matches exact problem document
invalid-topology_claim-0000,topology_claim,0,False,False,topology,topology,True,False,False,True,660f15708447ffe6c117f63a029c0ef969acee51a1b9eed40e3601cdef8450ff,0.076229375,artifact topology equals problem topology
invalid-topology_claim-0001,topology_claim,1,False,False,topology,topology,True,False,False,True,81ce89aa63037b39e7ca140f4e21f14d644065fdb188357aef6a6a8d09003170,0.074545667,artifact topology equals problem topology
invalid-topology_claim-0002,topology_claim,2,False,False,topology,topology,True,False,False,True,95bdd303abebd4ea73b8380d7ee350ab6830e2278721fb0609f78717c6c68bbf,0.075155375,artifact topology equals problem topology
invalid-topology_claim-0003,topology_claim,3,False,False,topology,topology,True,False,False,True,23bae93f17997c398b557f39f8687208323c9c3b75507dbc8f964cc7670b7723,0.074924000,artifact topology equals problem topology
invalid-topology_claim-0004,topology_claim,4,False,False,topology,topology,True,False,False,True,2df11c98ea1469b9c052d7b97cf6fe3e87c5fe5163b6d582fea0e25ae13259e4,0.075025000,artifact topology equals problem topology
invalid-topology_claim-0005,topology_claim,5,False,False,topology,topology,True,False,False,True,cfbc82fcf205783077ae3e4460dc372ee176e5ebc9a7f94f4ff86ebde1ee5dac,0.075748334,artifact topology equals problem topology
invalid-topology_claim-0006,topology_claim,6,False,False,topology,topology,True,False,False,True,beafb766b800e04fa7127badee46e00bc8e95aad46c5075bb5693503a610d34e,0.074967625,artifact topology equals problem topology
invalid-topology_claim-0007,topology_claim,7,False,False,topology,topology,True,False,False,True,dbae88f379248f83fd0b63f68ae3b46037b84e7d9c75212068a5489d3711f5b1,0.075855583,artifact topology equals problem topology
invalid-topology_claim-0008,topology_claim,8,False,False,topology,topology,True,False,False,True,62011894afb608ac060346b5b917faf2b8beff96fd13681a1a53987b28fac8de,0.076330042,artifact topology equals problem topology
invalid-topology_claim-0009,topology_claim,9,False,False,topology,topology,True,False,False,True,212d4bbd59e95fa50cc6c9e1cc8fcff6e16906c9de2a9b62ba511c93cfffd098,0.075106792,artifact topology equals problem topology
invalid-topology_claim-0010,topology_claim,10,False,False,topology,topology,True,False,False,True,6f1a2e3d89d358bdeaa09d32f8bd2410bb74794df0947735290bfbf39750f073,0.075347709,artifact topology equals problem topology
invalid-topology_claim-0011,topology_claim,11,False,False,topology,topology,True,False,False,True,220ddfb5f7b5e4bd3e821a72e12b941d84c1d16f3679d840f92966d074458f65,0.075333667,artifact topology equals problem topology
invalid-topology_claim-0012,topology_claim,12,False,False,topology,topology,True,False,False,True,17bf38628508ada116c6cd31f9aa27631be9eecf830573b4c1343be1a6042fdb,0.075377000,artifact topology equals problem topology
invalid-topology_claim-0013,topology_claim,13,False,False,topology,topology,True,False,False,True,680eb3d6cfb44abc8cc085edfe3112372b7ec70ee46b0d4f6288a4afb5775961,0.076129958,artifact topology equals problem topology
invalid-topology_claim-0014,topology_claim,14,False,False,topology,topology,True,False,False,True,74393b9ff5c3861ec0db65518c08696f908a971c505e6730d0009c975dbcb590,0.075415208,artifact topology equals problem topology
invalid-topology_claim-0015,topology_claim,15,False,False,topology,topology,True,False,False,True,896d53aae71d20e2dffbb510866c3d853fd28ff44571eb3a8f9b5c56c7f4b2fd,0.076270291,artifact topology equals problem topology
invalid-topology_claim-0016,topology_claim,16,False,False,topology,topology,True,False,False,True,2f1ce671c1e37f9d66a480831d20c795f12cd5d134c8f4262c18e0d9df8e96cc,0.076022958,artifact topology equals problem topology
invalid-topology_claim-0017,topology_claim,17,False,False,topology,topology,True,False,False,True,5f45cbc6b9734f6c7909bdecc2b70c09af8bfca9a530e04c31497e33f5604efe,0.073638584,artifact topology equals problem topology
invalid-topology_claim-0018,topology_claim,18,False,False,topology,topology,True,False,False,True,0c2c892c7191c2aab52961efaedc0bc8759371feda70394166239f9f23606654,0.075142208,artifact topology equals problem topology
invalid-topology_claim-0019,topology_claim,19,False,False,topology,topology,True,False,False,True,c13628552924dd88dc877c4fbb20df75781e269d98e2b721590abd5200798c9a,0.076611375,artifact topology equals problem topology
invalid-topology_claim-0020,topology_claim,20,False,False,topology,topology,True,False,False,True,e8d36b75b8d24a16c25612c26861a3b38a1523728a24fe5a66cfe5fae2fceb1a,0.075250333,artifact topology equals problem topology
invalid-topology_claim-0021,topology_claim,21,False,False,topology,topology,True,False,False,True,a408cf9d910738e6c6885fda8b49b6300f470510a45715c671ce1ff7a2bf51f6,0.075495125,artifact topology equals problem topology
invalid-topology_claim-0022,topology_claim,22,False,False,topology,topology,True,False,False,True,a46f12ac5c54d362acc551015a7f1fedce5b0133122d4f68185fae964f122c4c,0.076086958,artifact topology equals problem topology
invalid-topology_claim-0023,topology_claim,23,False,False,topology,topology,True,False,False,True,b9d46e2943cedfba458bce694fefba9cc9d850f38722ca6d431f405e03908858,0.075028917,artifact topology equals problem topology
invalid-topology_claim-0024,topology_claim,24,False,False,topology,topology,True,False,False,True,a139ce09824a0df35199e6f1890f28f7cfca26bd230a7df3502abb67cc5efb41,0.076573125,artifact topology equals problem topology
invalid-topology_claim-0025,topology_claim,25,False,False,topology,topology,True,False,False,True,b2535e40a2d5b6130234029b35824f7b5007cbabff7d44e8b7150ef3516c1bc3,0.076113667,artifact topology equals problem topology
invalid-topology_claim-0026,topology_claim,26,False,False,topology,topology,True,False,False,True,18b567be716d17a04f6b1192cdb95809346a327afb0db9903745877c78832891,0.075686959,artifact topology equals problem topology
invalid-topology_claim-0027,topology_claim,27,False,False,topology,topology,True,False,False,True,f4f2df63d3e11ab0c377c48a433b7b95532771edc384a151209f1e98722535dc,0.076179750,artifact topology equals problem topology
invalid-topology_claim-0028,topology_claim,28,False,False,topology,topology,True,False,False,True,bd3df5145907ff520bb32752e0929a00de7625339ea6448946034221e1418bf1,0.076865333,artifact topology equals problem topology
invalid-topology_claim-0029,topology_claim,29,False,False,topology,topology,True,False,False,True,04ffc479fe20bf6417ea7643c71d90663d6a31800476bd4e7a62479c19b29529,0.075263584,artifact topology equals problem topology
invalid-topology_claim-0030,topology_claim,30,False,False,topology,topology,True,False,False,True,3a41b0b66a0babe18fef96b050551997755139cff13d10d8323dd7813c09f609,0.075771250,artifact topology equals problem topology
invalid-topology_claim-0031,topology_claim,31,False,False,topology,topology,True,False,False,True,6655fe61b1b2e36a016d15aff9d164faef30051657670da97b35ade64cf0b5f7,0.076159083,artifact topology equals problem topology
invalid-topology_claim-0032,topology_claim,32,False,False,topology,topology,True,False,False,True,67bb7945eaf1b928580143f83cd1ef08a85662c506109f9aebb955a994dbd75d,0.075626667,artifact topology equals problem topology
invalid-topology_claim-0033,topology_claim,33,False,False,topology,topology,True,False,False,True,4eecdd7d08814474c4817b4bf17392ba2294558abcd40462d7c0239c357a7857,0.076183875,artifact topology equals problem topology
invalid-topology_claim-0034,topology_claim,34,False,False,topology,topology,True,False,False,True,cab566de88ef172cf41d25dc63ccefbc832c4e7ea16af3ab8242c352a45674c5,0.075493375,artifact topology equals problem topology
invalid-topology_claim-0035,topology_claim,35,False,False,topology,topology,True,False,False,True,a1e7add14cedb3d7fb17d4b1fb91a1eedbeef266ebce5fa980b0fa1bd951ef46,0.075797542,artifact topology equals problem topology
invalid-topology_claim-0036,topology_claim,36,False,False,topology,topology,True,False,False,True,727852c5800748e50833464ebbcc0a7341b7ad4174e9807c91f181aa6bea4d1f,0.074858542,artifact topology equals problem topology
invalid-topology_claim-0037,topology_claim,37,False,False,topology,topology,True,False,False,True,3d2f5dfcfc7f2fb3bb734c3605063d30b6afe7f9546534a92c172e06f60e5613,0.076107542,artifact topology equals problem topology
invalid-topology_claim-0038,topology_claim,38,False,False,topology,topology,True,False,False,True,bac09430fccb347e822c086a61582108cc56ebf6ddf71087f0ee420ac953c41d,0.074637250,artifact topology equals problem topology
invalid-topology_claim-0039,topology_claim,39,False,False,topology,topology,True,False,False,True,c7b6adbdccbc0c1d31136e5f5a903c2a7869f2f5c812ee7133ba524eabf11499,0.075544959,artifact topology equals problem topology
invalid-topology_claim-0040,topology_claim,40,False,False,topology,topology,True,False,False,True,63ee162cbcb14a6f20a275c30a42c573b345eee09e69571955c5780f8f27707f,0.076368333,artifact topology equals problem topology
invalid-topology_claim-0041,topology_claim,41,False,False,topology,topology,True,False,False,True,7b6697ca8eb1f6543be1751f9fc8c4e7bd9f648a0fe22c74fee90876eb9a434e,0.080262084,artifact topology equals problem topology
invalid-topology_claim-0042,topology_claim,42,False,False,topology,topology,True,False,False,True,27b72c09d0e0b850617429fcb845251cb1e2f4cfcbeb78c04b50a0d5e48bb419,0.074340625,artifact topology equals problem topology
invalid-topology_claim-0043,topology_claim,43,False,False,topology,topology,True,False,False,True,1045c6637a038710f3314432484fc967e316297f34a42dfd7ea3aea31fa6a2c9,0.074861666,artifact topology equals problem topology
invalid-topology_claim-0044,topology_claim,44,False,False,topology,topology,True,False,False,True,17feb5397e897fa69d3a28873b4195a5d85e7dc3fc17a2c3a8b6256d72b63457,0.074556708,artifact topology equals problem topology
invalid-topology_claim-0045,topology_claim,45,False,False,topology,topology,True,False,False,True,950cc93f76b5fcdf61e3126aae2000208d16d15707b6bef81b3ece9208a4e916,0.075590000,artifact topology equals problem topology
invalid-topology_claim-0046,topology_claim,46,False,False,topology,topology,True,False,False,True,0f77cd17678e11e2e88fe3591175214c367ef46fdb82174551b999c5962e94fc,0.075887875,artifact topology equals problem topology
invalid-topology_claim-0047,topology_claim,47,False,False,topology,topology,True,False,False,True,f68ca935229f570a3d665ae5daa31a3fa1414461a41cb6bdf0a8b79bc0c038ab,0.076154417,artifact topology equals problem topology
invalid-topology_claim-0048,topology_claim,48,False,False,topology,topology,True,False,False,True,b67c2295b39bac8f3cd1be79ed63cff356d4005a3bf81563960efa0435956a48,0.076351208,artifact topology equals problem topology
invalid-topology_claim-0049,topology_claim,49,False,False,topology,topology,True,False,False,True,bea38c5460faa38efd59b66a78b3c91c1ea219349cfcd25476b33f72c4208e8d,0.078949709,artifact topology equals problem topology
invalid-topology_claim-0050,topology_claim,50,False,False,topology,topology,True,False,False,True,d373a90ca1165f0443265df2728d706b9bfd90de1579c620830f0cfbb764ae66,0.075164917,artifact topology equals problem topology
invalid-topology_claim-0051,topology_claim,51,False,False,topology,topology,True,False,False,True,d072cb043c20cea0aacce86ee2eb80b58a49d868dbfe28b85be43bd8d2adaef0,0.084088334,artifact topology equals problem topology
invalid-topology_claim-0052,topology_claim,52,False,False,topology,topology,True,False,False,True,803bc105e72a716fcb1a139785fb600a8893e4310e5417b116f37484f3431cac,0.075569334,artifact topology equals problem topology
invalid-topology_claim-0053,topology_claim,53,False,False,topology,topology,True,False,False,True,32fc91bcdddf4f9193dbdce414a3327c96149e68cb636d77a75af179f6f8da19,0.077338000,artifact topology equals problem topology
invalid-topology_claim-0054,topology_claim,54,False,False,topology,topology,True,False,False,True,55512c9e49d50ef24e563e38c422c5c7d47df9de3812820adbe0c49f9cc8d828,0.076539792,artifact topology equals problem topology
invalid-topology_claim-0055,topology_claim,55,False,False,topology,topology,True,False,False,True,3fd0aa88908ffe3afa1eb37776d53f56c3893d70f81c71b8d614dbd99fbbe647,0.076934625,artifact topology equals problem topology
invalid-topology_claim-0056,topology_claim,56,False,False,topology,topology,True,False,False,True,0633a5ab1a7b8dcf9bf74d9b498b8ea8958aac839081ec8d0b0051e9b5fca892,0.075333708,artifact topology equals problem topology
invalid-topology_claim-0057,topology_claim,57,False,False,topology,topology,True,False,False,True,aacc5cc6069881f3e2b9c2bd337ea7c8c5108b6c0942b272f288fdd6ade2cd83,0.074805750,artifact topology equals problem topology
invalid-topology_claim-0058,topology_claim,58,False,False,topology,topology,True,False,False,True,54c99623d2cb23eff0ee85e023b770c29c193b69fab4661bd1ae43d2a88876fb,0.077545583,artifact topology equals problem topology
invalid-topology_claim-0059,topology_claim,59,False,False,topology,topology,True,False,False,True,e582cb998df9399eaa1d37ff09b37bd4ff46591ed93d36495ca11d224f4b0a83,0.076737167,artifact topology equals problem topology
invalid-topology_claim-0060,topology_claim,60,False,False,topology,topology,True,False,False,True,10036ab52fed8cae4b4085d7b9c310d68446381c48f412ce5ab70165b08430b8,0.077496125,artifact topology equals problem topology
invalid-topology_claim-0061,topology_claim,61,False,False,topology,topology,True,False,False,True,0f90f5d0c8bf0ba25f2b86fc78af3ea87dd5d737c993fc1dbd9274742e7502b7,0.077419833,artifact topology equals problem topology
invalid-topology_claim-0062,topology_claim,62,False,False,topology,topology,True,False,False,True,b17c6e403656d339c1e0e9a8d058e592fddf9a102f16633a170822bad8c550d5,0.077494208,artifact topology equals problem topology
invalid-topology_claim-0063,topology_claim,63,False,False,topology,topology,True,False,False,True,5860e499a96ae66c491b351b4dac8107c914b3f614ae45b0108a24b9fbe62332,0.077260000,artifact topology equals problem topology
invalid-topology_claim-0064,topology_claim,64,False,False,topology,topology,True,False,False,True,f36e84538c7a34520c751d8f106cdf314ce6a3878019b5ff404d68e32bbe401d,0.077071792,artifact topology equals problem topology
invalid-topology_claim-0065,topology_claim,65,False,False,topology,topology,True,False,False,True,d3665cb9fb7b3861c329a9496c01a34544c1b8a1b8ed19eeef06b203838f5985,0.076523208,artifact topology equals problem topology
invalid-topology_claim-0066,topology_claim,66,False,False,topology,topology,True,False,False,True,fbe027592d354eafb4f2ded70bfe7f5e4343acd3440c7e51f879bfb62bb38fde,0.076483167,artifact topology equals problem topology
invalid-topology_claim-0067,topology_claim,67,False,False,topology,topology,True,False,False,True,4b8ddb88b6cd4fa0533cccf70e60c1ba676c051aef1aa35cf3e9691563826413,0.075858250,artifact topology equals problem topology
invalid-topology_claim-0068,topology_claim,68,False,False,topology,topology,True,False,False,True,fcdaf6f0df63b65050452b9edbce30ab910f0a4754f144e91ceaf3c52d5c350d,0.075263625,artifact topology equals problem topology
invalid-topology_claim-0069,topology_claim,69,False,False,topology,topology,True,False,False,True,1074ebfb15970b776146ee09b5f46b85792d54a29e5b806070cb0b688c251990,0.074765958,artifact topology equals problem topology
invalid-topology_claim-0070,topology_claim,70,False,False,topology,topology,True,False,False,True,4c1a2390e6813375b7c6327f40b446876391c555a662e7c3e9ba72733b642fcb,0.076133208,artifact topology equals problem topology
invalid-topology_claim-0071,topology_claim,71,False,False,topology,topology,True,False,False,True,1c1ae7ff9c8bdd9482d1431c86276f74e0552c48bca1b704005a2e3f6e92606e,0.075271750,artifact topology equals problem topology
invalid-topology_claim-0072,topology_claim,72,False,False,topology,topology,True,False,False,True,91690c67f2836b6c2285325e60211fb1f818d251b2837e5efaaaa5290560ab27,0.076007542,artifact topology equals problem topology
invalid-topology_claim-0073,topology_claim,73,False,False,topology,topology,True,False,False,True,ef37b6c033806c9dff3d2de62b97630fb0278e134f285b90a3e589f6996fc522,0.075414917,artifact topology equals problem topology
invalid-topology_claim-0074,topology_claim,74,False,False,topology,topology,True,False,False,True,666cbd24c118c02cebebc40c18fcf28efb1b9f9932eb47bf8eadb9b1fb35313d,0.076634583,artifact topology equals problem topology
invalid-topology_claim-0075,topology_claim,75,False,False,topology,topology,True,False,False,True,077ccf24b6e5c006521a24c9c2bcc195c10d33d219d61e618141c3716052a087,0.075764000,artifact topology equals problem topology
invalid-topology_claim-0076,topology_claim,76,False,False,topology,topology,True,False,False,True,46b2cf45aacd44e140b4b43af381d72544692908d7e0c76a442e0750279b7449,0.076156458,artifact topology equals problem topology
invalid-topology_claim-0077,topology_claim,77,False,False,topology,topology,True,False,False,True,69710712815c3a15f9de7762f314aac187217c11b75e8a535484f178a00ffa60,0.074990750,artifact topology equals problem topology
invalid-topology_claim-0078,topology_claim,78,False,False,topology,topology,True,False,False,True,ac861d90078eeb0dc2a53d3fa34b19a3ba5020322da7d14b9136fb6bd3f5f272,0.074697667,artifact topology equals problem topology
invalid-topology_claim-0079,topology_claim,79,False,False,topology,topology,True,False,False,True,3c0b87f80887488168bc1af0e48734e7e08554bf78139e0b8cc7edfc3e03b693,0.074876584,artifact topology equals problem topology
invalid-topology_claim-0080,topology_claim,80,False,False,topology,topology,True,False,False,True,7beeb46412c9e42b7e2f5432f3f9f6f8bfabcf70132879c521de94f1bb3c89e3,0.075375500,artifact topology equals problem topology
invalid-topology_claim-0081,topology_claim,81,False,False,topology,topology,True,False,False,True,35ef40061e87c8ad44556f9b3c6ad38c94d2974befae91875ab5a625af22f392,0.076648000,artifact topology equals problem topology
invalid-topology_claim-0082,topology_claim,82,False,False,topology,topology,True,False,False,True,716b90f05bae272a55d25c7cb9c69468f7c988ae203737077a1fb72b9f53ed4c,0.075687541,artifact topology equals problem topology
invalid-topology_claim-0083,topology_claim,83,False,False,topology,topology,True,False,False,True,588eb43da2806b2896f6bec4225b9bd865b626107b8f24c9c73294804de7d3fb,0.075700208,artifact topology equals problem topology
invalid-topology_claim-0084,topology_claim,84,False,False,topology,topology,True,False,False,True,4302a1d44eab73ee5291152d488874d3e4802124caad5037a384bc338bb0e9d2,0.075895875,artifact topology equals problem topology
invalid-topology_claim-0085,topology_claim,85,False,False,topology,topology,True,False,False,True,fb8e68e825704ad4384bab067f11dbe3ef965a011023d1bc38191d566f9f743b,0.076191666,artifact topology equals problem topology
invalid-topology_claim-0086,topology_claim,86,False,False,topology,topology,True,False,False,True,6159cdd5373d28187b274159ff73995a1f8955f95164416a7e115fe7af155262,0.075917792,artifact topology equals problem topology
invalid-topology_claim-0087,topology_claim,87,False,False,topology,topology,True,False,False,True,9dd807be0bc1270da0792825f7d47deed3095df52774675b57ea72a63b86d4a2,0.075838291,artifact topology equals problem topology
invalid-topology_claim-0088,topology_claim,88,False,False,topology,topology,True,False,False,True,62fb41eddb80635d7a85e943c66f9e65834ce1361d16c437cb120fc42f55d7f7,0.076035750,artifact topology equals problem topology
invalid-topology_claim-0089,topology_claim,89,False,False,topology,topology,True,False,False,True,4e4569a1cdb1bb508c7055d7cbaf64c6d6274f25c3dcae2a02f3632cffe9ad6e,0.076434542,artifact topology equals problem topology
invalid-topology_claim-0090,topology_claim,90,False,False,topology,topology,True,False,False,True,51ac8c0c72bb71ed6ff49a5831fed4544487f0a86a18c2ffe8bc74b853d76fb3,0.076787250,artifact topology equals problem topology
invalid-topology_claim-0091,topology_claim,91,False,False,topology,topology,True,False,False,True,232d74e62a937b13148d9a535187b6eec3bdb963c978cdc8b3af93a4ba2fe2fe,0.075795833,artifact topology equals problem topology
invalid-topology_claim-0092,topology_claim,92,False,False,topology,topology,True,False,False,True,c6a61a0c047368270eed88fca34fb39e1fb4d5eaa33e6a4d445c47d1d3227154,0.075018167,artifact topology equals problem topology
invalid-topology_claim-0093,topology_claim,93,False,False,topology,topology,True,False,False,True,807896f09fc42b48af941ddcae7202de0c99d482fd3d283e93ca07dbc9f91880,0.075771375,artifact topology equals problem topology
invalid-topology_claim-0094,topology_claim,94,False,False,topology,topology,True,False,False,True,96ee99c35c7f5d7a29645767037520e39e20b5882c61a165ef25e6f285632a9e,0.075040708,artifact topology equals problem topology
invalid-topology_claim-0095,topology_claim,95,False,False,topology,topology,True,False,False,True,0cc4a89397063186b8814ca8a15488f86dda59a3064cc2b6c9cba1ba03a36495,0.075974583,artifact topology equals problem topology
invalid-topology_claim-0096,topology_claim,96,False,False,topology,topology,True,False,False,True,e6c3e51500f0c7bdb1d5939593f65870627a29503d8506d12b3ac44c9a4155ea,0.075120083,artifact topology equals problem topology
invalid-topology_claim-0097,topology_claim,97,False,False,topology,topology,True,False,False,True,7e1279909ea68bd9e8b1db7330e03dc5d83b7b058816826e7589f0552d984720,0.076265792,artifact topology equals problem topology
invalid-topology_claim-0098,topology_claim,98,False,False,topology,topology,True,False,False,True,5abcfd085adc7d750a9b2653164ef4ffe4e9dd8e7b3ad1ed111fee2860f8cce7,0.076322959,artifact topology equals problem topology
invalid-topology_claim-0099,topology_claim,99,False,False,topology,topology,True,False,False,True,451d7d59b1af51070010037933ec1fdc3239c9a96b51dc430dadd90f1ee968c9,0.075991791,artifact topology equals problem topology
invalid-tau_signed_generator-0000,tau_signed_generator,0,False,False,tau_support_signed,tau_support_signed,True,False,False,True,78e391a4f2d6d80845fe4a4c02b11e6610b0c112b88d65c4863e268f657d6d54,0.077988667,artifact tau support equals the independently derived signed subgroup
invalid-tau_signed_generator-0001,tau_signed_generator,1,False,False,tau_support_signed,tau_support_signed,True,False,False,True,f647e73a5b4d5a0cfc215f4954e26a0e25ac0c71442755041d93ca913867ae14,0.077754417,artifact tau support equals the independently derived signed subgroup
invalid-tau_signed_generator-0002,tau_signed_generator,2,False,False,tau_support_signed,tau_support_signed,True,False,False,True,0851b9825a1db0fe15bd0dc61ba4d1eb7e02c109120a6c70b1be3324ccf3158c,0.078675750,artifact tau support equals the independently derived signed subgroup
invalid-tau_signed_generator-0003,tau_signed_generator,3,False,False,tau_support_signed,tau_support_signed,True,False,False,True,d6e2d8a257b2b4289aea32336ad39ad15d16c392bec354bae3061a2f1f7a2824,0.078420416,artifact tau support equals the independently derived signed subgroup
invalid-tau_signed_generator-0004,tau_signed_generator,4,False,False,tau_support_signed,tau_support_signed,True,False,False,True,3526e9a5d80f031b98ba7f0124dd253ca6b1a711515b892c1a62de86a21f9c2d,0.076696167,artifact tau support equals the independently derived signed subgroup
invalid-tau_signed_generator-0005,tau_signed_generator,5,False,False,tau_support_signed,tau_support_signed,True,False,False,True,9276236ca2451d60f4dae87b497fff04385b27bbe529568de1ad18e97d886a2f,0.077380584,artifact tau support equals the independently derived signed subgroup
invalid-tau_signed_generator-0006,tau_signed_generator,6,False,False,tau_support_signed,tau_support_signed,True,False,False,True,968f22a25a01a049eaa90d291d964ccac32d4206b02859282454d8f437af4de1,0.077112041,artifact tau support equals the independently derived signed subgroup
invalid-tau_signed_generator-0007,tau_signed_generator,7,False,False,tau_support_signed,tau_support_signed,True,False,False,True,8c90339b3c69338a0d949cc2f4fce45167fea62ac9b7ecaf4cfcb949b12dbcd1,0.077781042,artifact tau support equals the independently derived signed subgroup
invalid-tau_signed_generator-0008,tau_signed_generator,8,False,False,tau_support_signed,tau_support_signed,True,False,False,True,7534468137dd87307dd785fffd80d8065938628c4b7fe99a17b2f574733e2954,0.077898458,artifact tau support equals the independently derived signed subgroup
invalid-tau_signed_generator-0009,tau_signed_generator,9,False,False,tau_support_signed,tau_support_signed,True,False,False,True,c9e04ec1707563c5e5bd98807fe1caee1d63cac68ae2f17f4597911855387448,0.077207917,artifact tau support equals the independently derived signed subgroup
invalid-tau_signed_generator-0010,tau_signed_generator,10,False,False,tau_support_signed,tau_support_signed,True,False,False,True,60caa1d5b45e9e9a5f74cf92444e3bfb0dfc3515f7b3b658cfc15e5559dde14d,0.076762792,artifact tau support equals the independently derived signed subgroup
invalid-tau_signed_generator-0011,tau_signed_generator,11,False,False,tau_support_signed,tau_support_signed,True,False,False,True,a270eb5cea5e7a0287838ed6de328d222c273e86282f78855c2b23483f1a2d5a,0.076877041,artifact tau support equals the independently derived signed subgroup
invalid-tau_signed_generator-0012,tau_signed_generator,12,False,False,tau_support_signed,tau_support_signed,True,False,False,True,ed928c3bed90f1e88feeeeda39122a30c51c31a068e6ff724d8cc3e97e50e290,0.077367125,artifact tau support equals the independently derived signed subgroup
invalid-tau_signed_generator-0013,tau_signed_generator,13,False,False,tau_support_signed,tau_support_signed,True,False,False,True,a81d547757d16a49b152cbdc5f79a853136be0a020149905e24591fa8b4c659e,0.077354083,artifact tau support equals the independently derived signed subgroup
invalid-tau_signed_generator-0014,tau_signed_generator,14,False,False,tau_support_signed,tau_support_signed,True,False,False,True,563bc1a1eaed4afb8ff4dd3b86faca851a76032fc988070147d819e544c1354b,0.078491000,artifact tau support equals the independently derived signed subgroup
invalid-tau_signed_generator-0015,tau_signed_generator,15,False,False,tau_support_signed,tau_support_signed,True,False,False,True,a821d1d34d9bb7ac1a7456197e3464d26fa35417690e067cc4f0622ba9c9daac,0.077749833,artifact tau support equals the independently derived signed subgroup
invalid-tau_signed_generator-0016,tau_signed_generator,16,False,False,tau_support_signed,tau_support_signed,True,False,False,True,b8edabff33b8250684774677e1872862857e380bb3ecd473b56b1535f0c84545,0.077645667,artifact tau support equals the independently derived signed subgroup
invalid-tau_signed_generator-0017,tau_signed_generator,17,False,False,tau_support_signed,tau_support_signed,True,False,False,True,13239ba504f16428a38ef32ad170107dbf2fd04df385430adef95b11ffaee03a,0.078839958,artifact tau support equals the independently derived signed subgroup
invalid-tau_signed_generator-0018,tau_signed_generator,18,False,False,tau_support_signed,tau_support_signed,True,False,False,True,8b6b96b5bd760ebf37a2865591ead435cab29d6f3adb12e8f4417bde9c08183f,0.077172916,artifact tau support equals the independently derived signed subgroup
invalid-tau_signed_generator-0019,tau_signed_generator,19,False,False,tau_support_signed,tau_support_signed,True,False,False,True,095918879d9f5b554abdc9b1561f3d89c3115725cdb4830f2b50eb2712c99243,0.078260750,artifact tau support equals the independently derived signed subgroup
invalid-tau_signed_generator-0020,tau_signed_generator,20,False,False,tau_support_signed,tau_support_signed,True,False,False,True,bb1491de3cf890900635104fb525279c7adb7191c4e206bd797d10d495a3ff6e,0.077112042,artifact tau support equals the independently derived signed subgroup
invalid-tau_signed_generator-0021,tau_signed_generator,21,False,False,tau_support_signed,tau_support_signed,True,False,False,True,d6e1e75518c5b33d0b5ef9bc2900a0fc10fc08a4e771751fe0b32806b71c94e9,0.076787583,artifact tau support equals the independently derived signed subgroup
invalid-tau_signed_generator-0022,tau_signed_generator,22,False,False,tau_support_signed,tau_support_signed,True,False,False,True,a11241352051f596493219fff759e71fc753c49c173f19712254c77f66de5f4a,0.076957916,artifact tau support equals the independently derived signed subgroup
invalid-tau_signed_generator-0023,tau_signed_generator,23,False,False,tau_support_signed,tau_support_signed,True,False,False,True,590fae123123a0e25d184370978684f8411444db9e95354ec19dcdd1a8184cf0,0.077706000,artifact tau support equals the independently derived signed subgroup
invalid-tau_signed_generator-0024,tau_signed_generator,24,False,False,tau_support_signed,tau_support_signed,True,False,False,True,d3ce8cd2fa66e24c9116995c6644b15963069050402e76d8e00724c2346474e4,0.078615750,artifact tau support equals the independently derived signed subgroup
invalid-tau_signed_generator-0025,tau_signed_generator,25,False,False,tau_support_signed,tau_support_signed,True,False,False,True,add661a24e5610887ccd7f7e472b1afb96bbc1cef33e8b113f480ef35bfeaafb,0.076918583,artifact tau support equals the independently derived signed subgroup
invalid-tau_signed_generator-0026,tau_signed_generator,26,False,False,tau_support_signed,tau_support_signed,True,False,False,True,ca4260ec56b194fcca8941399e5286ffa9e40da41db1e5d6d3ba38881f7e2a2d,0.076739583,artifact tau support equals the independently derived signed subgroup
invalid-tau_signed_generator-0027,tau_signed_generator,27,False,False,tau_support_signed,tau_support_signed,True,False,False,True,e188712cb9283850e276ab469c70ee6de2aea4bbea970fd81c07787021abde75,0.076107542,artifact tau support equals the independently derived signed subgroup
invalid-tau_signed_generator-0028,tau_signed_generator,28,False,False,tau_support_signed,tau_support_signed,True,False,False,True,b4ed90617729f7d93758afb4ced5de9f6fdbacd70ad277da82faa713b6db1c3c,0.078337542,artifact tau support equals the independently derived signed subgroup
invalid-tau_signed_generator-0029,tau_signed_generator,29,False,False,tau_support_signed,tau_support_signed,True,False,False,True,fbb7a58ec199e821bc8b1649818b78392b6063bf46c78fb27826a7a7f376c213,0.078999083,artifact tau support equals the independently derived signed subgroup
invalid-tau_signed_generator-0030,tau_signed_generator,30,False,False,tau_support_signed,tau_support_signed,True,False,False,True,9652e3e9f58a2cf729e4543976d54ffd143356678bd8f83fc57920a4d0ad3320,0.078105292,artifact tau support equals the independently derived signed subgroup
invalid-tau_signed_generator-0031,tau_signed_generator,31,False,False,tau_support_signed,tau_support_signed,True,False,False,True,ce4cf6d6635e17f519f8d97ac550df92df1d4bdbe59360a37c491e3bbcfb87d3,0.077456416,artifact tau support equals the independently derived signed subgroup
invalid-tau_signed_generator-0032,tau_signed_generator,32,False,False,tau_support_signed,tau_support_signed,True,False,False,True,d2bf6ed1b0d02c3e7e6eb5eca78eec66ce7f799426e7a97bfbfaa2fef74e7ee1,0.078269666,artifact tau support equals the independently derived signed subgroup
invalid-tau_signed_generator-0033,tau_signed_generator,33,False,False,tau_support_signed,tau_support_signed,True,False,False,True,6a26aa6103444de2a6b57e4ad58240146bbcab834a1ace06ed05f373746f96b1,0.077153000,artifact tau support equals the independently derived signed subgroup
invalid-tau_signed_generator-0034,tau_signed_generator,34,False,False,tau_support_signed,tau_support_signed,True,False,False,True,1f59b4e370c690497acdcf714b9d8b3e274ba6e258695c05b1a09a29e58179b2,0.076555875,artifact tau support equals the independently derived signed subgroup
invalid-tau_signed_generator-0035,tau_signed_generator,35,False,False,tau_support_signed,tau_support_signed,True,False,False,True,1cef2aa3a005be02da4bb19c3393987b06f8381520f2017a5b63eff3ab95f8de,0.076446500,artifact tau support equals the independently derived signed subgroup
invalid-tau_signed_generator-0036,tau_signed_generator,36,False,False,tau_support_signed,tau_support_signed,True,False,False,True,777f9dcce2dd823daf0a3ba81f8990cef054dd2c5c444116885b4a63f27dbc86,0.078077250,artifact tau support equals the independently derived signed subgroup
invalid-tau_signed_generator-0037,tau_signed_generator,37,False,False,tau_support_signed,tau_support_signed,True,False,False,True,42bc04e482218948453f928e7e997a10640261789e6782a3f4cdca2918af6053,0.076899083,artifact tau support equals the independently derived signed subgroup
invalid-tau_signed_generator-0038,tau_signed_generator,38,False,False,tau_support_signed,tau_support_signed,True,False,False,True,e0f5b965a9b35bb40120f46620510ccceab6811fbb441484b0c6cc7d2f4232d2,0.076298708,artifact tau support equals the independently derived signed subgroup
invalid-tau_signed_generator-0039,tau_signed_generator,39,False,False,tau_support_signed,tau_support_signed,True,False,False,True,50936bdad3b397526587738a0ab94ceb72c3d105c7e8372d209f897fda082f55,0.077615583,artifact tau support equals the independently derived signed subgroup
invalid-tau_signed_generator-0040,tau_signed_generator,40,False,False,tau_support_signed,tau_support_signed,True,False,False,True,135b485988605218cf239c6e1d74443ef1f15767d2b3fb52edf5f84a4f6ce66b,0.078373500,artifact tau support equals the independently derived signed subgroup
invalid-tau_signed_generator-0041,tau_signed_generator,41,False,False,tau_support_signed,tau_support_signed,True,False,False,True,fd04a8b001eec22f317bf1b6e7647d8f853558e095680c5cd910965481a2647d,0.078052250,artifact tau support equals the independently derived signed subgroup
invalid-tau_signed_generator-0042,tau_signed_generator,42,False,False,tau_support_signed,tau_support_signed,True,False,False,True,eb997a538b996c1395f3a23f6043d09f9743620642be93e3dffa837322566fc2,0.077498041,artifact tau support equals the independently derived signed subgroup
invalid-tau_signed_generator-0043,tau_signed_generator,43,False,False,tau_support_signed,tau_support_signed,True,False,False,True,a2b8c368a5680eaa12801c2453de49c159262340ed0efcd8411fa945979da0f2,0.076872958,artifact tau support equals the independently derived signed subgroup
invalid-tau_signed_generator-0044,tau_signed_generator,44,False,False,tau_support_signed,tau_support_signed,True,False,False,True,247bd69ee4bd88ab55bd7fe577169126a022ee99ae4956459aa4d56e7ff438e0,0.078389292,artifact tau support equals the independently derived signed subgroup
invalid-tau_signed_generator-0045,tau_signed_generator,45,False,False,tau_support_signed,tau_support_signed,True,False,False,True,76ff4791cebb631a56a784dfcb3892146759e14b0088b11268ba32eeede4ab3c,0.076850042,artifact tau support equals the independently derived signed subgroup
invalid-tau_signed_generator-0046,tau_signed_generator,46,False,False,tau_support_signed,tau_support_signed,True,False,False,True,93159d12850e852bfad97008676d24c540c097cd16e6c3a2caaf271b3779febb,0.077279667,artifact tau support equals the independently derived signed subgroup
invalid-tau_signed_generator-0047,tau_signed_generator,47,False,False,tau_support_signed,tau_support_signed,True,False,False,True,f0596b1c51ff265ac7c0986899210e9f5310b0907c662b7586d2546dae3c5598,0.076997666,artifact tau support equals the independently derived signed subgroup
invalid-tau_signed_generator-0048,tau_signed_generator,48,False,False,tau_support_signed,tau_support_signed,True,False,False,True,e1eebe937d65943a27820ea57dc41d73aed0854042c0f00be90532ddad611eb8,0.077514583,artifact tau support equals the independently derived signed subgroup
invalid-tau_signed_generator-0049,tau_signed_generator,49,False,False,tau_support_signed,tau_support_signed,True,False,False,True,0f7b9e0a2d1a03e1a7b8dd9c9617d17dc1ae1db0fa0a5cfe5398077745b86f71,0.077535125,artifact tau support equals the independently derived signed subgroup
invalid-tau_signed_generator-0050,tau_signed_generator,50,False,False,tau_support_signed,tau_support_signed,True,False,False,True,7c5f1ee4011cf5a6cd357af4f76719d1e485c9ede0c370ebb09cad46acedc2d2,0.076702333,artifact tau support equals the independently derived signed subgroup
invalid-tau_signed_generator-0051,tau_signed_generator,51,False,False,tau_support_signed,tau_support_signed,True,False,False,True,68d05d2cd709fba3f4fe76ccd92ea4fa65821d2439521e5b8e48da89ad143731,0.077535750,artifact tau support equals the independently derived signed subgroup
invalid-tau_signed_generator-0052,tau_signed_generator,52,False,False,tau_support_signed,tau_support_signed,True,False,False,True,1262f4155dc90c9ddee5c8f4245e65efc49f67ae3982085db1e52ddca7395ec0,0.077639333,artifact tau support equals the independently derived signed subgroup
invalid-tau_signed_generator-0053,tau_signed_generator,53,False,False,tau_support_signed,tau_support_signed,True,False,False,True,1bd4dbc5460c1b7dc3fe1aff0fcfdf1f6745d0c3e49ceeed6b79820cad96abe4,0.077936125,artifact tau support equals the independently derived signed subgroup
invalid-tau_signed_generator-0054,tau_signed_generator,54,False,False,tau_support_signed,tau_support_signed,True,False,False,True,6d8b3e98bc871f0eb8bc3b8885572bf185530469f6a0c3054d020b2c14871747,0.080287458,artifact tau support equals the independently derived signed subgroup
invalid-tau_signed_generator-0055,tau_signed_generator,55,False,False,tau_support_signed,tau_support_signed,True,False,False,True,3a9fbd1ee544e5bd4636a6d121623d10b60408b4efe823c105a1057f91082659,0.078400458,artifact tau support equals the independently derived signed subgroup
invalid-tau_signed_generator-0056,tau_signed_generator,56,False,False,tau_support_signed,tau_support_signed,True,False,False,True,a052bad6508892a66edb57dba7d99cc4765db8ae4ec1814a9d473109c55bd3ef,0.076740750,artifact tau support equals the independently derived signed subgroup
invalid-tau_signed_generator-0057,tau_signed_generator,57,False,False,tau_support_signed,tau_support_signed,True,False,False,True,9e1867ffe5e8d432b6ebf92b8d6956f1631378fa08cbaad17805c387f1bdbd12,0.077703750,artifact tau support equals the independently derived signed subgroup
invalid-tau_signed_generator-0058,tau_signed_generator,58,False,False,tau_support_signed,tau_support_signed,True,False,False,True,8a8606f8972d241289c2576a8975bf5e93096311ec524c0a2a01eec576238681,0.078553708,artifact tau support equals the independently derived signed subgroup
invalid-tau_signed_generator-0059,tau_signed_generator,59,False,False,tau_support_signed,tau_support_signed,True,False,False,True,074d823cd5a18cdd4c7acc2436823ed2058556426bb0e80356819946f0de9385,0.077955750,artifact tau support equals the independently derived signed subgroup
invalid-tau_signed_generator-0060,tau_signed_generator,60,False,False,tau_support_signed,tau_support_signed,True,False,False,True,e616737adf0b4877eba3ee365b97af8ea6e72e933a2edb519f726433b334ee78,0.077453625,artifact tau support equals the independently derived signed subgroup
invalid-tau_signed_generator-0061,tau_signed_generator,61,False,False,tau_support_signed,tau_support_signed,True,False,False,True,eb7add46bd6257e5306548b27f1d560a4049ffb25cc2e9fc5960c0cd44801b44,0.077098333,artifact tau support equals the independently derived signed subgroup
invalid-tau_signed_generator-0062,tau_signed_generator,62,False,False,tau_support_signed,tau_support_signed,True,False,False,True,ca860057b2f3f96f1b104c53ee3ea656b7daea98257920e1d4cbf0d686a45ded,0.076950125,artifact tau support equals the independently derived signed subgroup
invalid-tau_signed_generator-0063,tau_signed_generator,63,False,False,tau_support_signed,tau_support_signed,True,False,False,True,31e2e049e0b1af1134a11b40c753a91674867169ce044722bfe38c89b801247c,0.079135000,artifact tau support equals the independently derived signed subgroup
invalid-tau_signed_generator-0064,tau_signed_generator,64,False,False,tau_support_signed,tau_support_signed,True,False,False,True,ff29ac3d874e6be77022aeb24f946380e4ebbf0ae9aeae98dda1741914f50b82,0.077744500,artifact tau support equals the independently derived signed subgroup
invalid-tau_signed_generator-0065,tau_signed_generator,65,False,False,tau_support_signed,tau_support_signed,True,False,False,True,eff6eb93418bb09d082144a2903f9541b122a63575dd8f3b28243aa5d55232aa,0.075700250,artifact tau support equals the independently derived signed subgroup
invalid-tau_signed_generator-0066,tau_signed_generator,66,False,False,tau_support_signed,tau_support_signed,True,False,False,True,e03dcb5947090178917d1ffd6c56139c083233a48c51e88aa399702bdf671eea,0.077078500,artifact tau support equals the independently derived signed subgroup
invalid-tau_signed_generator-0067,tau_signed_generator,67,False,False,tau_support_signed,tau_support_signed,True,False,False,True,b7ead834cfb1f75afc8c96b8bda07c277d7805cf29be59219fa986b5fd12f198,0.077660708,artifact tau support equals the independently derived signed subgroup
invalid-tau_signed_generator-0068,tau_signed_generator,68,False,False,tau_support_signed,tau_support_signed,True,False,False,True,b7347be76ef334d88221b0aea22a668e81f7ad1b9dbdd0c5eda6dcd32fe4a483,0.077982208,artifact tau support equals the independently derived signed subgroup
invalid-tau_signed_generator-0069,tau_signed_generator,69,False,False,tau_support_signed,tau_support_signed,True,False,False,True,17fef7fdd8eda464fd7e0a2c5a4a38a108225b9d80743e27a6e4b835fdea0249,0.077481583,artifact tau support equals the independently derived signed subgroup
invalid-tau_signed_generator-0070,tau_signed_generator,70,False,False,tau_support_signed,tau_support_signed,True,False,False,True,95d82519599e080260965ec2214d9c05c57ddad4610b2adc84a0277e6673fe51,0.077482417,artifact tau support equals the independently derived signed subgroup
invalid-tau_signed_generator-0071,tau_signed_generator,71,False,False,tau_support_signed,tau_support_signed,True,False,False,True,86c690c81fe4d248eabcde3872e42dbd914aa78822156726ebe3f831b579da34,0.077731333,artifact tau support equals the independently derived signed subgroup
invalid-tau_signed_generator-0072,tau_signed_generator,72,False,False,tau_support_signed,tau_support_signed,True,False,False,True,323208b56d1b7afd3dd33fc638fe499039316ad3af265194d34357406674c683,0.077795208,artifact tau support equals the independently derived signed subgroup
invalid-tau_signed_generator-0073,tau_signed_generator,73,False,False,tau_support_signed,tau_support_signed,True,False,False,True,680d779c85b51e966be96a1ce968dbcf96c16f95acf9b0211ee2b886377b42c8,0.077952250,artifact tau support equals the independently derived signed subgroup
invalid-tau_signed_generator-0074,tau_signed_generator,74,False,False,tau_support_signed,tau_support_signed,True,False,False,True,3369d3262553f9ecb217f187991dcc21f658dd2834881d525ec2d2cd979a9d30,0.077727834,artifact tau support equals the independently derived signed subgroup
invalid-tau_signed_generator-0075,tau_signed_generator,75,False,False,tau_support_signed,tau_support_signed,True,False,False,True,8475be1944d6c9c47bd66eae9a1686ee8b88bd10693bf68a1242bf4a408f0aaa,0.078052791,artifact tau support equals the independently derived signed subgroup
invalid-tau_signed_generator-0076,tau_signed_generator,76,False,False,tau_support_signed,tau_support_signed,True,False,False,True,54ac391be1ea93178187e0ba651b2999c7e71b675c9a431a271660d89d676b87,0.078035167,artifact tau support equals the independently derived signed subgroup
invalid-tau_signed_generator-0077,tau_signed_generator,77,False,False,tau_support_signed,tau_support_signed,True,False,False,True,c6d5030d1bde06617203f26d021a2dfdec1c6bba773288b18486a4d885794e63,0.078032709,artifact tau support equals the independently derived signed subgroup
invalid-tau_signed_generator-0078,tau_signed_generator,78,False,False,tau_support_signed,tau_support_signed,True,False,False,True,82d72a4df1c4c896c2353fc10ee70ea7c567fad944edffc059ddf459dc6fd5ba,0.077793958,artifact tau support equals the independently derived signed subgroup
invalid-tau_signed_generator-0079,tau_signed_generator,79,False,False,tau_support_signed,tau_support_signed,True,False,False,True,07b6b493e0321e34b4202250c8dc382374d7d81e122a78a40fb3f0e50c2bd5fd,0.077609625,artifact tau support equals the independently derived signed subgroup
invalid-tau_signed_generator-0080,tau_signed_generator,80,False,False,tau_support_signed,tau_support_signed,True,False,False,True,51042c5c9e400660f5392e4a265757d526ceb77ea817cc570908128e87ec0282,0.077908416,artifact tau support equals the independently derived signed subgroup
invalid-tau_signed_generator-0081,tau_signed_generator,81,False,False,tau_support_signed,tau_support_signed,True,False,False,True,956310feb6d015cb640015376a296fafb9558e592718299dd405acc1e29d51ee,0.077591417,artifact tau support equals the independently derived signed subgroup
invalid-tau_signed_generator-0082,tau_signed_generator,82,False,False,tau_support_signed,tau_support_signed,True,False,False,True,bad3095de0c1698d61b0b930e917c26fb3f7621cdabde6d9a647333d0943afc4,0.078451000,artifact tau support equals the independently derived signed subgroup
invalid-tau_signed_generator-0083,tau_signed_generator,83,False,False,tau_support_signed,tau_support_signed,True,False,False,True,fa43c41988dd7dea4fb08f354379ece4f5f1a0601c7730e9c816d38107889c6d,0.077749000,artifact tau support equals the independently derived signed subgroup
invalid-tau_signed_generator-0084,tau_signed_generator,84,False,False,tau_support_signed,tau_support_signed,True,False,False,True,3ff8a863b1e3d6b374cb636b5af9205e97f7b32f757621a630b8eb5812ce5389,0.077909000,artifact tau support equals the independently derived signed subgroup
invalid-tau_signed_generator-0085,tau_signed_generator,85,False,False,tau_support_signed,tau_support_signed,True,False,False,True,1b522957312280062f29e6ecc8d30908dd4db9ee1f97e74f876741e73d369f42,0.077154917,artifact tau support equals the independently derived signed subgroup
invalid-tau_signed_generator-0086,tau_signed_generator,86,False,False,tau_support_signed,tau_support_signed,True,False,False,True,ff51e3587013de849fa054d2f771753eb29c178da521c7ecc897e5c40b7ea560,0.078145875,artifact tau support equals the independently derived signed subgroup
invalid-tau_signed_generator-0087,tau_signed_generator,87,False,False,tau_support_signed,tau_support_signed,True,False,False,True,8011228545757aaebd5fa204575a5536ec64df605d693f0fbedd1f54cd7aa1f0,0.077821542,artifact tau support equals the independently derived signed subgroup
invalid-tau_signed_generator-0088,tau_signed_generator,88,False,False,tau_support_signed,tau_support_signed,True,False,False,True,1023d93c8a9fad25cae5c19265e0853f5050280c585d51b371599daab9c22121,0.075931041,artifact tau support equals the independently derived signed subgroup
invalid-tau_signed_generator-0089,tau_signed_generator,89,False,False,tau_support_signed,tau_support_signed,True,False,False,True,7c3a0032e15f1b0eaed543879b33a03e2b7a6a78d5689a2a101c096a403ec36f,0.077239292,artifact tau support equals the independently derived signed subgroup
invalid-tau_signed_generator-0090,tau_signed_generator,90,False,False,tau_support_signed,tau_support_signed,True,False,False,True,cecc7a83bd5216435133923b7305dff16be782c94cb7a6a4de8d1c1394a27860,0.078207792,artifact tau support equals the independently derived signed subgroup
invalid-tau_signed_generator-0091,tau_signed_generator,91,False,False,tau_support_signed,tau_support_signed,True,False,False,True,485567f357a43a7a8061dac71f85d1dfe25d58709476b5eb6b37acca8943a509,0.077655958,artifact tau support equals the independently derived signed subgroup
invalid-tau_signed_generator-0092,tau_signed_generator,92,False,False,tau_support_signed,tau_support_signed,True,False,False,True,c1be2ab743ec5a4f4a4a1e1241522d169178a4d2647ba54144371874ec27a60a,0.077376458,artifact tau support equals the independently derived signed subgroup
invalid-tau_signed_generator-0093,tau_signed_generator,93,False,False,tau_support_signed,tau_support_signed,True,False,False,True,694abdb06aeb6c36769dfd735199e08c673e1634d1a3b190ea3324431421d2da,0.078128500,artifact tau support equals the independently derived signed subgroup
invalid-tau_signed_generator-0094,tau_signed_generator,94,False,False,tau_support_signed,tau_support_signed,True,False,False,True,2d2f47ab85dc3847d503db6733e06a4282f7ea69f1ae5d51f586e7286513e29e,0.077342750,artifact tau support equals the independently derived signed subgroup
invalid-tau_signed_generator-0095,tau_signed_generator,95,False,False,tau_support_signed,tau_support_signed,True,False,False,True,86175b8d89091a7573945894015c9bc8bf8d3a1fcd872fb5230ac4014ba8a3f6,0.078860667,artifact tau support equals the independently derived signed subgroup
invalid-tau_signed_generator-0096,tau_signed_generator,96,False,False,tau_support_signed,tau_support_signed,True,False,False,True,1cb2421424f7ebd887541c3f5b293bd928b9d6833f6ddf85edc20ce66f59d88b,0.078412250,artifact tau support equals the independently derived signed subgroup
invalid-tau_signed_generator-0097,tau_signed_generator,97,False,False,tau_support_signed,tau_support_signed,True,False,False,True,1ee7b7e3254e56dffa434159d16184e166f6a3f5880040530cda9813d95ef8b6,0.085431750,artifact tau support equals the independently derived signed subgroup
invalid-tau_signed_generator-0098,tau_signed_generator,98,False,False,tau_support_signed,tau_support_signed,True,False,False,True,95a59bc54dcac37ead01ac7d0153accd2b97fc00a5a98c60ff13ad63dc82d24a,0.076941250,artifact tau support equals the independently derived signed subgroup
invalid-tau_signed_generator-0099,tau_signed_generator,99,False,False,tau_support_signed,tau_support_signed,True,False,False,True,1168b043ead8f275d6e0656b0983db114fed020c6486b71c09aece23cc621e08,0.077999875,artifact tau support equals the independently derived signed subgroup
invalid-tau_dimensions-0000,tau_dimensions,0,False,False,tau_support_dimensions,tau_support_dimensions,True,False,False,True,6d67c12fb6f19acbce74b17993334f716aa0f83db7361a6c951a9b17fb7f4a86,0.076006417,"rank=16, logical_qubits=4"
invalid-tau_dimensions-0001,tau_dimensions,1,False,False,tau_support_dimensions,tau_support_dimensions,True,False,False,True,230d9c73989a13a764139071c206ad9655bad41ff585844b362b00ad06632339,0.074166250,"rank=16, logical_qubits=4"
invalid-tau_dimensions-0002,tau_dimensions,2,False,False,tau_support_dimensions,tau_support_dimensions,True,False,False,True,ea3accfe8b7f66a263c63bf74218988ee870254b489709524446bd731bc840bc,0.074602125,"rank=16, logical_qubits=4"
invalid-tau_dimensions-0003,tau_dimensions,3,False,False,tau_support_dimensions,tau_support_dimensions,True,False,False,True,c3eaa7038346bedb1abdc987037b9864bf38e431e9b3fbf3c0e3f12c1a0c339d,0.075825292,"rank=16, logical_qubits=4"
invalid-tau_dimensions-0004,tau_dimensions,4,False,False,tau_support_dimensions,tau_support_dimensions,True,False,False,True,6a3fa0d950e84ff2ef669df62c1383ccac22ab89c6b08203572931a7e10f981b,0.075480125,"rank=16, logical_qubits=4"
invalid-tau_dimensions-0005,tau_dimensions,5,False,False,tau_support_dimensions,tau_support_dimensions,True,False,False,True,f381b451ba932e30f6aaa67529dcf7ae9c276ac8cd585f2457e8cf6b532880f5,0.075262292,"rank=16, logical_qubits=4"
invalid-tau_dimensions-0006,tau_dimensions,6,False,False,tau_support_dimensions,tau_support_dimensions,True,False,False,True,6d67c12fb6f19acbce74b17993334f716aa0f83db7361a6c951a9b17fb7f4a86,0.074642416,"rank=16, logical_qubits=4"
invalid-tau_dimensions-0007,tau_dimensions,7,False,False,tau_support_dimensions,tau_support_dimensions,True,False,False,True,6d67c12fb6f19acbce74b17993334f716aa0f83db7361a6c951a9b17fb7f4a86,0.075847500,"rank=16, logical_qubits=4"
invalid-tau_dimensions-0008,tau_dimensions,8,False,False,tau_support_dimensions,tau_support_dimensions,True,False,False,True,230d9c73989a13a764139071c206ad9655bad41ff585844b362b00ad06632339,0.074881084,"rank=16, logical_qubits=4"
invalid-tau_dimensions-0009,tau_dimensions,9,False,False,tau_support_dimensions,tau_support_dimensions,True,False,False,True,ea3accfe8b7f66a263c63bf74218988ee870254b489709524446bd731bc840bc,0.075361542,"rank=16, logical_qubits=4"
invalid-tau_dimensions-0010,tau_dimensions,10,False,False,tau_support_dimensions,tau_support_dimensions,True,False,False,True,c3eaa7038346bedb1abdc987037b9864bf38e431e9b3fbf3c0e3f12c1a0c339d,0.075071334,"rank=16, logical_qubits=4"
invalid-tau_dimensions-0011,tau_dimensions,11,False,False,tau_support_dimensions,tau_support_dimensions,True,False,False,True,6a3fa0d950e84ff2ef669df62c1383ccac22ab89c6b08203572931a7e10f981b,0.075420334,"rank=16, logical_qubits=4"
invalid-tau_dimensions-0012,tau_dimensions,12,False,False,tau_support_dimensions,tau_support_dimensions,True,False,False,True,f381b451ba932e30f6aaa67529dcf7ae9c276ac8cd585f2457e8cf6b532880f5,0.075567584,"rank=16, logical_qubits=4"
invalid-tau_dimensions-0013,tau_dimensions,13,False,False,tau_support_dimensions,tau_support_dimensions,True,False,False,True,6d67c12fb6f19acbce74b17993334f716aa0f83db7361a6c951a9b17fb7f4a86,0.075868417,"rank=16, logical_qubits=4"
invalid-tau_dimensions-0014,tau_dimensions,14,False,False,tau_support_dimensions,tau_support_dimensions,True,False,False,True,6d67c12fb6f19acbce74b17993334f716aa0f83db7361a6c951a9b17fb7f4a86,0.075412334,"rank=16, logical_qubits=4"
invalid-tau_dimensions-0015,tau_dimensions,15,False,False,tau_support_dimensions,tau_support_dimensions,True,False,False,True,230d9c73989a13a764139071c206ad9655bad41ff585844b362b00ad06632339,0.075330959,"rank=16, logical_qubits=4"
invalid-tau_dimensions-0016,tau_dimensions,16,False,False,tau_support_dimensions,tau_support_dimensions,True,False,False,True,ea3accfe8b7f66a263c63bf74218988ee870254b489709524446bd731bc840bc,0.075494542,"rank=16, logical_qubits=4"
invalid-tau_dimensions-0017,tau_dimensions,17,False,False,tau_support_dimensions,tau_support_dimensions,True,False,False,True,c3eaa7038346bedb1abdc987037b9864bf38e431e9b3fbf3c0e3f12c1a0c339d,0.075987584,"rank=16, logical_qubits=4"
invalid-tau_dimensions-0018,tau_dimensions,18,False,False,tau_support_dimensions,tau_support_dimensions,True,False,False,True,6a3fa0d950e84ff2ef669df62c1383ccac22ab89c6b08203572931a7e10f981b,0.075286834,"rank=16, logical_qubits=4"
invalid-tau_dimensions-0019,tau_dimensions,19,False,False,tau_support_dimensions,tau_support_dimensions,True,False,False,True,f381b451ba932e30f6aaa67529dcf7ae9c276ac8cd585f2457e8cf6b532880f5,0.075190083,"rank=16, logical_qubits=4"
invalid-tau_dimensions-0020,tau_dimensions,20,False,False,tau_support_dimensions,tau_support_dimensions,True,False,False,True,6d67c12fb6f19acbce74b17993334f716aa0f83db7361a6c951a9b17fb7f4a86,0.073862083,"rank=16, logical_qubits=4"
invalid-tau_dimensions-0021,tau_dimensions,21,False,False,tau_support_dimensions,tau_support_dimensions,True,False,False,True,6d67c12fb6f19acbce74b17993334f716aa0f83db7361a6c951a9b17fb7f4a86,0.074714791,"rank=16, logical_qubits=4"
invalid-tau_dimensions-0022,tau_dimensions,22,False,False,tau_support_dimensions,tau_support_dimensions,True,False,False,True,230d9c73989a13a764139071c206ad9655bad41ff585844b362b00ad06632339,0.074877667,"rank=16, logical_qubits=4"
invalid-tau_dimensions-0023,tau_dimensions,23,False,False,tau_support_dimensions,tau_support_dimensions,True,False,False,True,ea3accfe8b7f66a263c63bf74218988ee870254b489709524446bd731bc840bc,0.075198625,"rank=16, logical_qubits=4"
invalid-tau_dimensions-0024,tau_dimensions,24,False,False,tau_support_dimensions,tau_support_dimensions,True,False,False,True,c3eaa7038346bedb1abdc987037b9864bf38e431e9b3fbf3c0e3f12c1a0c339d,0.075203208,"rank=16, logical_qubits=4"
invalid-tau_dimensions-0025,tau_dimensions,25,False,False,tau_support_dimensions,tau_support_dimensions,True,False,False,True,6a3fa0d950e84ff2ef669df62c1383ccac22ab89c6b08203572931a7e10f981b,0.075995417,"rank=16, logical_qubits=4"
invalid-tau_dimensions-0026,tau_dimensions,26,False,False,tau_support_dimensions,tau_support_dimensions,True,False,False,True,f381b451ba932e30f6aaa67529dcf7ae9c276ac8cd585f2457e8cf6b532880f5,0.075517042,"rank=16, logical_qubits=4"
invalid-tau_dimensions-0027,tau_dimensions,27,False,False,tau_support_dimensions,tau_support_dimensions,True,False,False,True,6d67c12fb6f19acbce74b17993334f716aa0f83db7361a6c951a9b17fb7f4a86,0.075822334,"rank=16, logical_qubits=4"
invalid-tau_dimensions-0028,tau_dimensions,28,False,False,tau_support_dimensions,tau_support_dimensions,True,False,False,True,6d67c12fb6f19acbce74b17993334f716aa0f83db7361a6c951a9b17fb7f4a86,0.074973125,"rank=16, logical_qubits=4"
invalid-tau_dimensions-0029,tau_dimensions,29,False,False,tau_support_dimensions,tau_support_dimensions,True,False,False,True,230d9c73989a13a764139071c206ad9655bad41ff585844b362b00ad06632339,0.075376083,"rank=16, logical_qubits=4"
invalid-tau_dimensions-0030,tau_dimensions,30,False,False,tau_support_dimensions,tau_support_dimensions,True,False,False,True,ea3accfe8b7f66a263c63bf74218988ee870254b489709524446bd731bc840bc,0.075667541,"rank=16, logical_qubits=4"
invalid-tau_dimensions-0031,tau_dimensions,31,False,False,tau_support_dimensions,tau_support_dimensions,True,False,False,True,c3eaa7038346bedb1abdc987037b9864bf38e431e9b3fbf3c0e3f12c1a0c339d,0.074816417,"rank=16, logical_qubits=4"
invalid-tau_dimensions-0032,tau_dimensions,32,False,False,tau_support_dimensions,tau_support_dimensions,True,False,False,True,6a3fa0d950e84ff2ef669df62c1383ccac22ab89c6b08203572931a7e10f981b,0.075297792,"rank=16, logical_qubits=4"
invalid-tau_dimensions-0033,tau_dimensions,33,False,False,tau_support_dimensions,tau_support_dimensions,True,False,False,True,f381b451ba932e30f6aaa67529dcf7ae9c276ac8cd585f2457e8cf6b532880f5,0.075557500,"rank=16, logical_qubits=4"
invalid-tau_dimensions-0034,tau_dimensions,34,False,False,tau_support_dimensions,tau_support_dimensions,True,False,False,True,6d67c12fb6f19acbce74b17993334f716aa0f83db7361a6c951a9b17fb7f4a86,0.075275584,"rank=16, logical_qubits=4"
invalid-tau_dimensions-0035,tau_dimensions,35,False,False,tau_support_dimensions,tau_support_dimensions,True,False,False,True,6d67c12fb6f19acbce74b17993334f716aa0f83db7361a6c951a9b17fb7f4a86,0.075532375,"rank=16, logical_qubits=4"
invalid-tau_dimensions-0036,tau_dimensions,36,False,False,tau_support_dimensions,tau_support_dimensions,True,False,False,True,230d9c73989a13a764139071c206ad9655bad41ff585844b362b00ad06632339,0.075265666,"rank=16, logical_qubits=4"
invalid-tau_dimensions-0037,tau_dimensions,37,False,False,tau_support_dimensions,tau_support_dimensions,True,False,False,True,ea3accfe8b7f66a263c63bf74218988ee870254b489709524446bd731bc840bc,0.074625417,"rank=16, logical_qubits=4"
invalid-tau_dimensions-0038,tau_dimensions,38,False,False,tau_support_dimensions,tau_support_dimensions,True,False,False,True,c3eaa7038346bedb1abdc987037b9864bf38e431e9b3fbf3c0e3f12c1a0c339d,0.074932416,"rank=16, logical_qubits=4"
invalid-tau_dimensions-0039,tau_dimensions,39,False,False,tau_support_dimensions,tau_support_dimensions,True,False,False,True,6a3fa0d950e84ff2ef669df62c1383ccac22ab89c6b08203572931a7e10f981b,0.075798750,"rank=16, logical_qubits=4"
invalid-tau_dimensions-0040,tau_dimensions,40,False,False,tau_support_dimensions,tau_support_dimensions,True,False,False,True,f381b451ba932e30f6aaa67529dcf7ae9c276ac8cd585f2457e8cf6b532880f5,0.075307834,"rank=16, logical_qubits=4"
invalid-tau_dimensions-0041,tau_dimensions,41,False,False,tau_support_dimensions,tau_support_dimensions,True,False,False,True,6d67c12fb6f19acbce74b17993334f716aa0f83db7361a6c951a9b17fb7f4a86,0.076087375,"rank=16, logical_qubits=4"
invalid-tau_dimensions-0042,tau_dimensions,42,False,False,tau_support_dimensions,tau_support_dimensions,True,False,False,True,6d67c12fb6f19acbce74b17993334f716aa0f83db7361a6c951a9b17fb7f4a86,0.075568500,"rank=16, logical_qubits=4"
invalid-tau_dimensions-0043,tau_dimensions,43,False,False,tau_support_dimensions,tau_support_dimensions,True,False,False,True,230d9c73989a13a764139071c206ad9655bad41ff585844b362b00ad06632339,0.075727417,"rank=16, logical_qubits=4"
invalid-tau_dimensions-0044,tau_dimensions,44,False,False,tau_support_dimensions,tau_support_dimensions,True,False,False,True,ea3accfe8b7f66a263c63bf74218988ee870254b489709524446bd731bc840bc,0.075786709,"rank=16, logical_qubits=4"
invalid-tau_dimensions-0045,tau_dimensions,45,False,False,tau_support_dimensions,tau_support_dimensions,True,False,False,True,c3eaa7038346bedb1abdc987037b9864bf38e431e9b3fbf3c0e3f12c1a0c339d,0.076191334,"rank=16, logical_qubits=4"
invalid-tau_dimensions-0046,tau_dimensions,46,False,False,tau_support_dimensions,tau_support_dimensions,True,False,False,True,6a3fa0d950e84ff2ef669df62c1383ccac22ab89c6b08203572931a7e10f981b,0.076253083,"rank=16, logical_qubits=4"
invalid-tau_dimensions-0047,tau_dimensions,47,False,False,tau_support_dimensions,tau_support_dimensions,True,False,False,True,f381b451ba932e30f6aaa67529dcf7ae9c276ac8cd585f2457e8cf6b532880f5,0.076304208,"rank=16, logical_qubits=4"
invalid-tau_dimensions-0048,tau_dimensions,48,False,False,tau_support_dimensions,tau_support_dimensions,True,False,False,True,6d67c12fb6f19acbce74b17993334f716aa0f83db7361a6c951a9b17fb7f4a86,0.075175334,"rank=16, logical_qubits=4"
invalid-tau_dimensions-0049,tau_dimensions,49,False,False,tau_support_dimensions,tau_support_dimensions,True,False,False,True,6d67c12fb6f19acbce74b17993334f716aa0f83db7361a6c951a9b17fb7f4a86,0.075289375,"rank=16, logical_qubits=4"
invalid-tau_dimensions-0050,tau_dimensions,50,False,False,tau_support_dimensions,tau_support_dimensions,True,False,False,True,230d9c73989a13a764139071c206ad9655bad41ff585844b362b00ad06632339,0.075012000,"rank=16, logical_qubits=4"
invalid-tau_dimensions-0051,tau_dimensions,51,False,False,tau_support_dimensions,tau_support_dimensions,True,False,False,True,ea3accfe8b7f66a263c63bf74218988ee870254b489709524446bd731bc840bc,0.075240667,"rank=16, logical_qubits=4"
invalid-tau_dimensions-0052,tau_dimensions,52,False,False,tau_support_dimensions,tau_support_dimensions,True,False,False,True,c3eaa7038346bedb1abdc987037b9864bf38e431e9b3fbf3c0e3f12c1a0c339d,0.076108958,"rank=16, logical_qubits=4"
invalid-tau_dimensions-0053,tau_dimensions,53,False,False,tau_support_dimensions,tau_support_dimensions,True,False,False,True,6a3fa0d950e84ff2ef669df62c1383ccac22ab89c6b08203572931a7e10f981b,0.075740750,"rank=16, logical_qubits=4"
invalid-tau_dimensions-0054,tau_dimensions,54,False,False,tau_support_dimensions,tau_support_dimensions,True,False,False,True,f381b451ba932e30f6aaa67529dcf7ae9c276ac8cd585f2457e8cf6b532880f5,0.075438166,"rank=16, logical_qubits=4"
invalid-tau_dimensions-0055,tau_dimensions,55,False,False,tau_support_dimensions,tau_support_dimensions,True,False,False,True,6d67c12fb6f19acbce74b17993334f716aa0f83db7361a6c951a9b17fb7f4a86,0.076283708,"rank=16, logical_qubits=4"
invalid-tau_dimensions-0056,tau_dimensions,56,False,False,tau_support_dimensions,tau_support_dimensions,True,False,False,True,6d67c12fb6f19acbce74b17993334f716aa0f83db7361a6c951a9b17fb7f4a86,0.075026625,"rank=16, logical_qubits=4"
invalid-tau_dimensions-0057,tau_dimensions,57,False,False,tau_support_dimensions,tau_support_dimensions,True,False,False,True,230d9c73989a13a764139071c206ad9655bad41ff585844b362b00ad06632339,0.076318334,"rank=16, logical_qubits=4"
invalid-tau_dimensions-0058,tau_dimensions,58,False,False,tau_support_dimensions,tau_support_dimensions,True,False,False,True,ea3accfe8b7f66a263c63bf74218988ee870254b489709524446bd731bc840bc,0.075988208,"rank=16, logical_qubits=4"
invalid-tau_dimensions-0059,tau_dimensions,59,False,False,tau_support_dimensions,tau_support_dimensions,True,False,False,True,c3eaa7038346bedb1abdc987037b9864bf38e431e9b3fbf3c0e3f12c1a0c339d,0.075771625,"rank=16, logical_qubits=4"
invalid-tau_dimensions-0060,tau_dimensions,60,False,False,tau_support_dimensions,tau_support_dimensions,True,False,False,True,6a3fa0d950e84ff2ef669df62c1383ccac22ab89c6b08203572931a7e10f981b,0.074924916,"rank=16, logical_qubits=4"
invalid-tau_dimensions-0061,tau_dimensions,61,False,False,tau_support_dimensions,tau_support_dimensions,True,False,False,True,f381b451ba932e30f6aaa67529dcf7ae9c276ac8cd585f2457e8cf6b532880f5,0.075237750,"rank=16, logical_qubits=4"
invalid-tau_dimensions-0062,tau_dimensions,62,False,False,tau_support_dimensions,tau_support_dimensions,True,False,False,True,6d67c12fb6f19acbce74b17993334f716aa0f83db7361a6c951a9b17fb7f4a86,0.075937875,"rank=16, logical_qubits=4"
invalid-tau_dimensions-0063,tau_dimensions,63,False,False,tau_support_dimensions,tau_support_dimensions,True,False,False,True,6d67c12fb6f19acbce74b17993334f716aa0f83db7361a6c951a9b17fb7f4a86,0.076813500,"rank=16, logical_qubits=4"
invalid-tau_dimensions-0064,tau_dimensions,64,False,False,tau_support_dimensions,tau_support_dimensions,True,False,False,True,230d9c73989a13a764139071c206ad9655bad41ff585844b362b00ad06632339,0.075208834,"rank=16, logical_qubits=4"
invalid-tau_dimensions-0065,tau_dimensions,65,False,False,tau_support_dimensions,tau_support_dimensions,True,False,False,True,ea3accfe8b7f66a263c63bf74218988ee870254b489709524446bd731bc840bc,0.075014541,"rank=16, logical_qubits=4"
invalid-tau_dimensions-0066,tau_dimensions,66,False,False,tau_support_dimensions,tau_support_dimensions,True,False,False,True,c3eaa7038346bedb1abdc987037b9864bf38e431e9b3fbf3c0e3f12c1a0c339d,0.075215500,"rank=16, logical_qubits=4"
invalid-tau_dimensions-0067,tau_dimensions,67,False,False,tau_support_dimensions,tau_support_dimensions,True,False,False,True,6a3fa0d950e84ff2ef669df62c1383ccac22ab89c6b08203572931a7e10f981b,0.075878209,"rank=16, logical_qubits=4"
invalid-tau_dimensions-0068,tau_dimensions,68,False,False,tau_support_dimensions,tau_support_dimensions,True,False,False,True,f381b451ba932e30f6aaa67529dcf7ae9c276ac8cd585f2457e8cf6b532880f5,0.075422209,"rank=16, logical_qubits=4"
invalid-tau_dimensions-0069,tau_dimensions,69,False,False,tau_support_dimensions,tau_support_dimensions,True,False,False,True,6d67c12fb6f19acbce74b17993334f716aa0f83db7361a6c951a9b17fb7f4a86,0.076394208,"rank=16, logical_qubits=4"
invalid-tau_dimensions-0070,tau_dimensions,70,False,False,tau_support_dimensions,tau_support_dimensions,True,False,False,True,6d67c12fb6f19acbce74b17993334f716aa0f83db7361a6c951a9b17fb7f4a86,0.075800083,"rank=16, logical_qubits=4"
invalid-tau_dimensions-0071,tau_dimensions,71,False,False,tau_support_dimensions,tau_support_dimensions,True,False,False,True,230d9c73989a13a764139071c206ad9655bad41ff585844b362b00ad06632339,0.075862375,"rank=16, logical_qubits=4"
invalid-tau_dimensions-0072,tau_dimensions,72,False,False,tau_support_dimensions,tau_support_dimensions,True,False,False,True,ea3accfe8b7f66a263c63bf74218988ee870254b489709524446bd731bc840bc,0.076169583,"rank=16, logical_qubits=4"
invalid-tau_dimensions-0073,tau_dimensions,73,False,False,tau_support_dimensions,tau_support_dimensions,True,False,False,True,c3eaa7038346bedb1abdc987037b9864bf38e431e9b3fbf3c0e3f12c1a0c339d,0.077953375,"rank=16, logical_qubits=4"
invalid-tau_dimensions-0074,tau_dimensions,74,False,False,tau_support_dimensions,tau_support_dimensions,True,False,False,True,6a3fa0d950e84ff2ef669df62c1383ccac22ab89c6b08203572931a7e10f981b,0.075540792,"rank=16, logical_qubits=4"
invalid-tau_dimensions-0075,tau_dimensions,75,False,False,tau_support_dimensions,tau_support_dimensions,True,False,False,True,f381b451ba932e30f6aaa67529dcf7ae9c276ac8cd585f2457e8cf6b532880f5,0.076113542,"rank=16, logical_qubits=4"
invalid-tau_dimensions-0076,tau_dimensions,76,False,False,tau_support_dimensions,tau_support_dimensions,True,False,False,True,6d67c12fb6f19acbce74b17993334f716aa0f83db7361a6c951a9b17fb7f4a86,0.075698875,"rank=16, logical_qubits=4"
invalid-tau_dimensions-0077,tau_dimensions,77,False,False,tau_support_dimensions,tau_support_dimensions,True,False,False,True,6d67c12fb6f19acbce74b17993334f716aa0f83db7361a6c951a9b17fb7f4a86,0.075647584,"rank=16, logical_qubits=4"
invalid-tau_dimensions-0078,tau_dimensions,78,False,False,tau_support_dimensions,tau_support_dimensions,True,False,False,True,230d9c73989a13a764139071c206ad9655bad41ff585844b362b00ad06632339,0.075752750,"rank=16, logical_qubits=4"
invalid-tau_dimensions-0079,tau_dimensions,79,False,False,tau_support_dimensions,tau_support_dimensions,True,False,False,True,ea3accfe8b7f66a263c63bf74218988ee870254b489709524446bd731bc840bc,0.075372250,"rank=16, logical_qubits=4"
invalid-tau_dimensions-0080,tau_dimensions,80,False,False,tau_support_dimensions,tau_support_dimensions,True,False,False,True,c3eaa7038346bedb1abdc987037b9864bf38e431e9b3fbf3c0e3f12c1a0c339d,0.075010250,"rank=16, logical_qubits=4"
invalid-tau_dimensions-0081,tau_dimensions,81,False,False,tau_support_dimensions,tau_support_dimensions,True,False,False,True,6a3fa0d950e84ff2ef669df62c1383ccac22ab89c6b08203572931a7e10f981b,0.075795500,"rank=16, logical_qubits=4"
invalid-tau_dimensions-0082,tau_dimensions,82,False,False,tau_support_dimensions,tau_support_dimensions,True,False,False,True,f381b451ba932e30f6aaa67529dcf7ae9c276ac8cd585f2457e8cf6b532880f5,0.075162458,"rank=16, logical_qubits=4"
invalid-tau_dimensions-0083,tau_dimensions,83,False,False,tau_support_dimensions,tau_support_dimensions,True,False,False,True,6d67c12fb6f19acbce74b17993334f716aa0f83db7361a6c951a9b17fb7f4a86,0.076331542,"rank=16, logical_qubits=4"
invalid-tau_dimensions-0084,tau_dimensions,84,False,False,tau_support_dimensions,tau_support_dimensions,True,False,False,True,6d67c12fb6f19acbce74b17993334f716aa0f83db7361a6c951a9b17fb7f4a86,0.077723833,"rank=16, logical_qubits=4"
invalid-tau_dimensions-0085,tau_dimensions,85,False,False,tau_support_dimensions,tau_support_dimensions,True,False,False,True,230d9c73989a13a764139071c206ad9655bad41ff585844b362b00ad06632339,0.075403583,"rank=16, logical_qubits=4"
invalid-tau_dimensions-0086,tau_dimensions,86,False,False,tau_support_dimensions,tau_support_dimensions,True,False,False,True,ea3accfe8b7f66a263c63bf74218988ee870254b489709524446bd731bc840bc,0.076215292,"rank=16, logical_qubits=4"
invalid-tau_dimensions-0087,tau_dimensions,87,False,False,tau_support_dimensions,tau_support_dimensions,True,False,False,True,c3eaa7038346bedb1abdc987037b9864bf38e431e9b3fbf3c0e3f12c1a0c339d,0.076214625,"rank=16, logical_qubits=4"
invalid-tau_dimensions-0088,tau_dimensions,88,False,False,tau_support_dimensions,tau_support_dimensions,True,False,False,True,6a3fa0d950e84ff2ef669df62c1383ccac22ab89c6b08203572931a7e10f981b,0.076169917,"rank=16, logical_qubits=4"
invalid-tau_dimensions-0089,tau_dimensions,89,False,False,tau_support_dimensions,tau_support_dimensions,True,False,False,True,f381b451ba932e30f6aaa67529dcf7ae9c276ac8cd585f2457e8cf6b532880f5,0.076079084,"rank=16, logical_qubits=4"
invalid-tau_dimensions-0090,tau_dimensions,90,False,False,tau_support_dimensions,tau_support_dimensions,True,False,False,True,6d67c12fb6f19acbce74b17993334f716aa0f83db7361a6c951a9b17fb7f4a86,0.076656667,"rank=16, logical_qubits=4"
invalid-tau_dimensions-0091,tau_dimensions,91,False,False,tau_support_dimensions,tau_support_dimensions,True,False,False,True,6d67c12fb6f19acbce74b17993334f716aa0f83db7361a6c951a9b17fb7f4a86,0.076107291,"rank=16, logical_qubits=4"
invalid-tau_dimensions-0092,tau_dimensions,92,False,False,tau_support_dimensions,tau_support_dimensions,True,False,False,True,230d9c73989a13a764139071c206ad9655bad41ff585844b362b00ad06632339,0.075331041,"rank=16, logical_qubits=4"
invalid-tau_dimensions-0093,tau_dimensions,93,False,False,tau_support_dimensions,tau_support_dimensions,True,False,False,True,ea3accfe8b7f66a263c63bf74218988ee870254b489709524446bd731bc840bc,0.076333167,"rank=16, logical_qubits=4"
invalid-tau_dimensions-0094,tau_dimensions,94,False,False,tau_support_dimensions,tau_support_dimensions,True,False,False,True,c3eaa7038346bedb1abdc987037b9864bf38e431e9b3fbf3c0e3f12c1a0c339d,0.076641459,"rank=16, logical_qubits=4"
invalid-tau_dimensions-0095,tau_dimensions,95,False,False,tau_support_dimensions,tau_support_dimensions,True,False,False,True,6a3fa0d950e84ff2ef669df62c1383ccac22ab89c6b08203572931a7e10f981b,0.075071125,"rank=16, logical_qubits=4"
invalid-tau_dimensions-0096,tau_dimensions,96,False,False,tau_support_dimensions,tau_support_dimensions,True,False,False,True,f381b451ba932e30f6aaa67529dcf7ae9c276ac8cd585f2457e8cf6b532880f5,0.075282083,"rank=16, logical_qubits=4"
invalid-tau_dimensions-0097,tau_dimensions,97,False,False,tau_support_dimensions,tau_support_dimensions,True,False,False,True,6d67c12fb6f19acbce74b17993334f716aa0f83db7361a6c951a9b17fb7f4a86,0.075495708,"rank=16, logical_qubits=4"
invalid-tau_dimensions-0098,tau_dimensions,98,False,False,tau_support_dimensions,tau_support_dimensions,True,False,False,True,6d67c12fb6f19acbce74b17993334f716aa0f83db7361a6c951a9b17fb7f4a86,0.075979958,"rank=16, logical_qubits=4"
invalid-tau_dimensions-0099,tau_dimensions,99,False,False,tau_support_dimensions,tau_support_dimensions,True,False,False,True,230d9c73989a13a764139071c206ad9655bad41ff585844b362b00ad06632339,0.075779291,"rank=16, logical_qubits=4"
invalid-petz_target_claim-0000,petz_target_claim,0,False,False,artifact_target_claim,artifact_target_claim,True,False,False,True,440de0433022749fb96b499da5f1dc53bd5576eafe8915dd43da9ab2aaececb3,0.079107708,artifact target claim agrees after eliminating its environment gauge
invalid-petz_target_claim-0001,petz_target_claim,1,False,False,artifact_target_claim,artifact_target_claim,True,False,False,True,b4ea5a39288cc2e1608529a52cccbe993b42bfa27f7f98229325a159b8ee4a7c,0.080166459,artifact target claim agrees after eliminating its environment gauge
invalid-petz_target_claim-0002,petz_target_claim,2,False,False,artifact_target_claim,artifact_target_claim,True,False,False,True,cd079be6d922d82614a994b0753b1807e21ceb4745f6326b0bfcc4a07fca6eaa,0.079411167,artifact target claim agrees after eliminating its environment gauge
invalid-petz_target_claim-0003,petz_target_claim,3,False,False,artifact_target_claim,artifact_target_claim,True,False,False,True,e079b0f204711a6317c46541f9312bf65d80f907927bc8e9258cd8c51f6ce4f4,0.079134125,artifact target claim agrees after eliminating its environment gauge
invalid-petz_target_claim-0004,petz_target_claim,4,False,False,artifact_target_claim,artifact_target_claim,True,False,False,True,8c2e277fae9531641b7d2dbd897f1db2720dcdec273a0e59e6761402a00d93d6,0.081871833,artifact target claim agrees after eliminating its environment gauge
invalid-petz_target_claim-0005,petz_target_claim,5,False,False,artifact_target_claim,artifact_target_claim,True,False,False,True,d741288d023bed68c88739e0ae4e4fe9cc77904db4b4999d0d208f6b94b65cad,0.080369334,artifact target claim agrees after eliminating its environment gauge
invalid-petz_target_claim-0006,petz_target_claim,6,False,False,artifact_target_claim,artifact_target_claim,True,False,False,True,ba48a9c8d4d9de1a1ea9f98db9cccdb19c500efef2790ff469295e034de8c5fd,0.079675125,artifact target claim agrees after eliminating its environment gauge
invalid-petz_target_claim-0007,petz_target_claim,7,False,False,artifact_target_claim,artifact_target_claim,True,False,False,True,e14401d28fb9e8804173781925cba58d10bbdb4fe28e847feb1b2146485e47e5,0.079452125,artifact target claim agrees after eliminating its environment gauge
invalid-petz_target_claim-0008,petz_target_claim,8,False,False,artifact_target_claim,artifact_target_claim,True,False,False,True,146dd980a7492583aab2935705a397fcf2838571275cc1e0876561952666ab9c,0.079627417,artifact target claim agrees after eliminating its environment gauge
invalid-petz_target_claim-0009,petz_target_claim,9,False,False,artifact_target_claim,artifact_target_claim,True,False,False,True,8c7c6298a81b027906fee1a82a14cfec563b1d3bf972223b246d2a8a090af99e,0.079818334,artifact target claim agrees after eliminating its environment gauge
invalid-petz_target_claim-0010,petz_target_claim,10,False,False,artifact_target_claim,artifact_target_claim,True,False,False,True,9d98c975b66c8a0b630378ced3d61ae86d910e51a3f24fbc72fdf4287f4b1cdb,0.079421958,artifact target claim agrees after eliminating its environment gauge
invalid-petz_target_claim-0011,petz_target_claim,11,False,False,artifact_target_claim,artifact_target_claim,True,False,False,True,d86c221e141fa0949d346afb81579daaeb384d3f1c59e8fffa8da794e0a7ba13,0.080305500,artifact target claim agrees after eliminating its environment gauge
invalid-petz_target_claim-0012,petz_target_claim,12,False,False,artifact_target_claim,artifact_target_claim,True,False,False,True,ad19395539b6e12490be9b574f193c05d6c2b72658df82ff0af3e3fbdcb311c4,0.079820375,artifact target claim agrees after eliminating its environment gauge
invalid-petz_target_claim-0013,petz_target_claim,13,False,False,artifact_target_claim,artifact_target_claim,True,False,False,True,5fe37200c981bc099d55cac1296d9d0ca3117d71e2f13399f2aae2169959d909,0.079420916,artifact target claim agrees after eliminating its environment gauge
invalid-petz_target_claim-0014,petz_target_claim,14,False,False,artifact_target_claim,artifact_target_claim,True,False,False,True,c16db0460021fca7486cce015d8afe0b345c2add6983168b020529a93a8861f0,0.079834042,artifact target claim agrees after eliminating its environment gauge
invalid-petz_target_claim-0015,petz_target_claim,15,False,False,artifact_target_claim,artifact_target_claim,True,False,False,True,89d41cae726f643dce7d02f58b64f1e0e152bb61d9f43871b6ca898928faea24,0.079799125,artifact target claim agrees after eliminating its environment gauge
invalid-petz_target_claim-0016,petz_target_claim,16,False,False,artifact_target_claim,artifact_target_claim,True,False,False,True,402b592adf6bf3f0d64fe901d91c13a19ea9a7e25f379faa6c58b3966101a32f,0.079803125,artifact target claim agrees after eliminating its environment gauge
invalid-petz_target_claim-0017,petz_target_claim,17,False,False,artifact_target_claim,artifact_target_claim,True,False,False,True,e401ae21a1e15400d2c54c3c4bbfb8338d3b16a52e9998d14809123da11fb54b,0.079972250,artifact target claim agrees after eliminating its environment gauge
invalid-petz_target_claim-0018,petz_target_claim,18,False,False,artifact_target_claim,artifact_target_claim,True,False,False,True,b3872a0e8db9b8be9d67ad228f5b17962bac839e50495585cbbb2dd55d3a327a,0.080091833,artifact target claim agrees after eliminating its environment gauge
invalid-petz_target_claim-0019,petz_target_claim,19,False,False,artifact_target_claim,artifact_target_claim,True,False,False,True,c6277c22d112ca04eadc6bcfe9f2851ff31178286679e87ad46b70242c05672f,0.079358208,artifact target claim agrees after eliminating its environment gauge
invalid-petz_target_claim-0020,petz_target_claim,20,False,False,artifact_target_claim,artifact_target_claim,True,False,False,True,d3c545a6fadffbb9c223a223e075d9d908251e72a397f91f026bb2398cdf552d,0.079234958,artifact target claim agrees after eliminating its environment gauge
invalid-petz_target_claim-0021,petz_target_claim,21,False,False,artifact_target_claim,artifact_target_claim,True,False,False,True,a819687003649b7b642a73668fd8e18849bc3e6e59f6874a9f3d443d92f7bdf8,0.079974083,artifact target claim agrees after eliminating its environment gauge
invalid-petz_target_claim-0022,petz_target_claim,22,False,False,artifact_target_claim,artifact_target_claim,True,False,False,True,bacafdb019be24cc3a97ebd47e6f20f3393597e1c5f4060ebacdddb000107c80,0.079708833,artifact target claim agrees after eliminating its environment gauge
invalid-petz_target_claim-0023,petz_target_claim,23,False,False,artifact_target_claim,artifact_target_claim,True,False,False,True,3bf1882d9af69dba6355c4073183c2b18274058375a723bbb4a49cdde2b7a3f8,0.079519709,artifact target claim agrees after eliminating its environment gauge
invalid-petz_target_claim-0024,petz_target_claim,24,False,False,artifact_target_claim,artifact_target_claim,True,False,False,True,16d475de6fc3ae00c6b2fc83e01a13b2fec39a685fdcfe4d36ac4135aa2fc558,0.079978667,artifact target claim agrees after eliminating its environment gauge
invalid-petz_target_claim-0025,petz_target_claim,25,False,False,artifact_target_claim,artifact_target_claim,True,False,False,True,75b9e753613bb9e7f5f9e153fb9d8f986d75aa741e6397a9a356ea621bd537f2,0.079851625,artifact target claim agrees after eliminating its environment gauge
invalid-petz_target_claim-0026,petz_target_claim,26,False,False,artifact_target_claim,artifact_target_claim,True,False,False,True,4a9465e8b2a386e14c34927e95a13aec77085abf1699034cde2d8043cfc918e2,0.078964417,artifact target claim agrees after eliminating its environment gauge
invalid-petz_target_claim-0027,petz_target_claim,27,False,False,artifact_target_claim,artifact_target_claim,True,False,False,True,c2e80181114f368646d8c32eefaa2f6c67cd82bba4e25c87cf66b538ad53b6a9,0.079917458,artifact target claim agrees after eliminating its environment gauge
invalid-petz_target_claim-0028,petz_target_claim,28,False,False,artifact_target_claim,artifact_target_claim,True,False,False,True,27bb93ac3ef80fd548db198c833fe0c50d5c67fd5555095abaa4f5f018072e10,0.079189459,artifact target claim agrees after eliminating its environment gauge
invalid-petz_target_claim-0029,petz_target_claim,29,False,False,artifact_target_claim,artifact_target_claim,True,False,False,True,e75d23e404a39e7b9a36b1f3963d42c0977fa6dc8ee0ef1d26e7a9af3aca96a1,0.079566000,artifact target claim agrees after eliminating its environment gauge
invalid-petz_target_claim-0030,petz_target_claim,30,False,False,artifact_target_claim,artifact_target_claim,True,False,False,True,8ccb8082c7c0344362c3242cef971713c6a4aae494476d11ce8f87b9daa880f8,0.079844958,artifact target claim agrees after eliminating its environment gauge
invalid-petz_target_claim-0031,petz_target_claim,31,False,False,artifact_target_claim,artifact_target_claim,True,False,False,True,be24028fe5776749b9c7c2112a081b4866946e029adf2df9a78b06a6a61f9173,0.079784291,artifact target claim agrees after eliminating its environment gauge
invalid-petz_target_claim-0032,petz_target_claim,32,False,False,artifact_target_claim,artifact_target_claim,True,False,False,True,4dc8c0ebb87a4e85e4cf9c2ea514c4ca4293f6f0d343a882183c67d50754c1b6,0.080438834,artifact target claim agrees after eliminating its environment gauge
invalid-petz_target_claim-0033,petz_target_claim,33,False,False,artifact_target_claim,artifact_target_claim,True,False,False,True,ac18d7d6264571f785191882ba9ceff1f0c81946e4d21ed39b502f1099eda678,0.079900959,artifact target claim agrees after eliminating its environment gauge
invalid-petz_target_claim-0034,petz_target_claim,34,False,False,artifact_target_claim,artifact_target_claim,True,False,False,True,3e60f18d3ba8844b4f64b29d341a22696034edc706f9aaf43f267141b267dab4,0.079067834,artifact target claim agrees after eliminating its environment gauge
invalid-petz_target_claim-0035,petz_target_claim,35,False,False,artifact_target_claim,artifact_target_claim,True,False,False,True,acd51fe9bab25700c045b64e585126da2deb45594e2183b15bbcdab2becc60e2,0.079380333,artifact target claim agrees after eliminating its environment gauge
invalid-petz_target_claim-0036,petz_target_claim,36,False,False,artifact_target_claim,artifact_target_claim,True,False,False,True,aaa91802ac183c3d8212d0fb7676469b6d9fb04df739115725998106bccc01ee,0.080586500,artifact target claim agrees after eliminating its environment gauge
invalid-petz_target_claim-0037,petz_target_claim,37,False,False,artifact_target_claim,artifact_target_claim,True,False,False,True,964685bd393af1f10d62b2137b81a70146d2c5900af56f6310f5ab76ee66ccee,0.080258125,artifact target claim agrees after eliminating its environment gauge
invalid-petz_target_claim-0038,petz_target_claim,38,False,False,artifact_target_claim,artifact_target_claim,True,False,False,True,73575f583eeb0726784989520f58534313a1b3759b4ea0dba035749d0dafaf07,0.080464583,artifact target claim agrees after eliminating its environment gauge
invalid-petz_target_claim-0039,petz_target_claim,39,False,False,artifact_target_claim,artifact_target_claim,True,False,False,True,75f51f610d3ddefb07a8a7e35e400588f4b06226dc7ad16357415bfd9d11b0b5,0.079626917,artifact target claim agrees after eliminating its environment gauge
invalid-petz_target_claim-0040,petz_target_claim,40,False,False,artifact_target_claim,artifact_target_claim,True,False,False,True,e5bb8a7a8d12a34b8daad85c0d9d4271269f3820e4ab339b5cbb562803aabb59,0.080172500,artifact target claim agrees after eliminating its environment gauge
invalid-petz_target_claim-0041,petz_target_claim,41,False,False,artifact_target_claim,artifact_target_claim,True,False,False,True,d882cb3bb0697a1b780a3ce4f2aa16e7548ff1e66ea15f16ecc21ec2ed53a3ee,0.078601208,artifact target claim agrees after eliminating its environment gauge
invalid-petz_target_claim-0042,petz_target_claim,42,False,False,artifact_target_claim,artifact_target_claim,True,False,False,True,a56d352f10a8137052f8848767bc15910b4d792372f81ecce5b889aaaf67eb4a,0.078895541,artifact target claim agrees after eliminating its environment gauge
invalid-petz_target_claim-0043,petz_target_claim,43,False,False,artifact_target_claim,artifact_target_claim,True,False,False,True,e712a9245bc02637d2b21385ba9c0990725371e32bec5160b5448ecdfdeb73ad,0.079092584,artifact target claim agrees after eliminating its environment gauge
invalid-petz_target_claim-0044,petz_target_claim,44,False,False,artifact_target_claim,artifact_target_claim,True,False,False,True,5199bba59e501d3458eb3a5d372fe61f6fdbb112b78b457b10bbbeb09059a26a,0.080706875,artifact target claim agrees after eliminating its environment gauge
invalid-petz_target_claim-0045,petz_target_claim,45,False,False,artifact_target_claim,artifact_target_claim,True,False,False,True,f549fc3199c98af082f733c7152bd7b213178acb4660e7047d848ad8b200d587,0.080488375,artifact target claim agrees after eliminating its environment gauge
invalid-petz_target_claim-0046,petz_target_claim,46,False,False,artifact_target_claim,artifact_target_claim,True,False,False,True,230d7f9d31be2f052e6cefdf4ba2bb639fed132c47458122a09ac4950a9dcf6d,0.080307458,artifact target claim agrees after eliminating its environment gauge
invalid-petz_target_claim-0047,petz_target_claim,47,False,False,artifact_target_claim,artifact_target_claim,True,False,False,True,a69c5fd339f0659dea970f3cdd053e6335eeecba0223aad30aeed57adb93e9d8,0.079599667,artifact target claim agrees after eliminating its environment gauge
invalid-petz_target_claim-0048,petz_target_claim,48,False,False,artifact_target_claim,artifact_target_claim,True,False,False,True,85b504d7ec9774b26ddf871e20af773ab0e2cb27cb01757e513e734d528e9766,0.080265416,artifact target claim agrees after eliminating its environment gauge
invalid-petz_target_claim-0049,petz_target_claim,49,False,False,artifact_target_claim,artifact_target_claim,True,False,False,True,7d85083b4763def2660fff45153fb8296c42b42d9c64db3d2f77c50b79491afc,0.079180625,artifact target claim agrees after eliminating its environment gauge
invalid-petz_target_claim-0050,petz_target_claim,50,False,False,artifact_target_claim,artifact_target_claim,True,False,False,True,3b8bf7b70d5f487bf70300704cca72b3dacf0be6133da65031070f23a9dfcdb2,0.079147291,artifact target claim agrees after eliminating its environment gauge
invalid-petz_target_claim-0051,petz_target_claim,51,False,False,artifact_target_claim,artifact_target_claim,True,False,False,True,637c9811a30ad7b48969181484dacce919308ee3bd97e667c7ff59e97173f6b3,0.080038625,artifact target claim agrees after eliminating its environment gauge
invalid-petz_target_claim-0052,petz_target_claim,52,False,False,artifact_target_claim,artifact_target_claim,True,False,False,True,24adb9974e35630f3f23fb3cd198dc915825d9b0440262043b011271a849ebc6,0.079926584,artifact target claim agrees after eliminating its environment gauge
invalid-petz_target_claim-0053,petz_target_claim,53,False,False,artifact_target_claim,artifact_target_claim,True,False,False,True,710c6080856918f503aa8926040aa344cc9bf59ac3d82288df4cac4384437fb5,0.080495042,artifact target claim agrees after eliminating its environment gauge
invalid-petz_target_claim-0054,petz_target_claim,54,False,False,artifact_target_claim,artifact_target_claim,True,False,False,True,d3c18d598365bd47d42b2d06ba2e027f7b2ba7d7fdb12e13c6ed396dd9b73190,0.079428792,artifact target claim agrees after eliminating its environment gauge
invalid-petz_target_claim-0055,petz_target_claim,55,False,False,artifact_target_claim,artifact_target_claim,True,False,False,True,ddd1ef9fd1199160864cf71882594589173dc72a5179973d0be26cb11f31a3f2,0.078699084,artifact target claim agrees after eliminating its environment gauge
invalid-petz_target_claim-0056,petz_target_claim,56,False,False,artifact_target_claim,artifact_target_claim,True,False,False,True,8ba357c107ca82762d3049a0030f453bc3008db61330c104cf4140564fad9bce,0.079294500,artifact target claim agrees after eliminating its environment gauge
invalid-petz_target_claim-0057,petz_target_claim,57,False,False,artifact_target_claim,artifact_target_claim,True,False,False,True,8e6e6dfbec86019ea44fb47643d29eb5c92796ce9e287c6e795ec548d28ce1f9,0.080288500,artifact target claim agrees after eliminating its environment gauge
invalid-petz_target_claim-0058,petz_target_claim,58,False,False,artifact_target_claim,artifact_target_claim,True,False,False,True,fe05ca3561716b2208d4cebf53bce6f1ed559bf76c27eabf44956b56638d4fa3,0.079439625,artifact target claim agrees after eliminating its environment gauge
invalid-petz_target_claim-0059,petz_target_claim,59,False,False,artifact_target_claim,artifact_target_claim,True,False,False,True,f1dc9a70d1ddbeb86123c8c7ad43b68a033771971c01ed3ec6c04f9e4dbdd16d,0.101770042,artifact target claim agrees after eliminating its environment gauge
invalid-petz_target_claim-0060,petz_target_claim,60,False,False,artifact_target_claim,artifact_target_claim,True,False,False,True,d7b9cc6d93f303f468aae528f393a69e4eb164d06d57984a057d7b8a72598e18,0.078172542,artifact target claim agrees after eliminating its environment gauge
invalid-petz_target_claim-0061,petz_target_claim,61,False,False,artifact_target_claim,artifact_target_claim,True,False,False,True,7ea902ca33cfa4b0451ec9e49b560412311187feeb0a64bc2132f33bfbe4c604,0.078243209,artifact target claim agrees after eliminating its environment gauge
invalid-petz_target_claim-0062,petz_target_claim,62,False,False,artifact_target_claim,artifact_target_claim,True,False,False,True,6eb7445d1d708b172cc98b93d9b4ce3fd2f1e14fdbac56a03c97009a63775f55,0.079090625,artifact target claim agrees after eliminating its environment gauge
invalid-petz_target_claim-0063,petz_target_claim,63,False,False,artifact_target_claim,artifact_target_claim,True,False,False,True,1a8b20d524590dccaabb4a6718c34ea38a6eba6169843a6be986ccc05806a00a,0.081529542,artifact target claim agrees after eliminating its environment gauge
invalid-petz_target_claim-0064,petz_target_claim,64,False,False,artifact_target_claim,artifact_target_claim,True,False,False,True,6d0e3a8aaed7845b7409a7d880caff43cac4bdeb5386e4afedb5d8ef67e7fa60,0.080453542,artifact target claim agrees after eliminating its environment gauge
invalid-petz_target_claim-0065,petz_target_claim,65,False,False,artifact_target_claim,artifact_target_claim,True,False,False,True,5a8bd6fc5c486547d3555c7bd1f29f61879d19d5cbfadf36a7a5718fbabef05e,0.078807292,artifact target claim agrees after eliminating its environment gauge
invalid-petz_target_claim-0066,petz_target_claim,66,False,False,artifact_target_claim,artifact_target_claim,True,False,False,True,8da82fd0330f5da5aa9fb7b4414cbb08e16d8764f78f1f53e68e07fae38b0481,0.079353500,artifact target claim agrees after eliminating its environment gauge
invalid-petz_target_claim-0067,petz_target_claim,67,False,False,artifact_target_claim,artifact_target_claim,True,False,False,True,ffe961782df90e6335851c134fa64d39ff93aff7f87b9ea5d3e67fbe1750a661,0.079595917,artifact target claim agrees after eliminating its environment gauge
invalid-petz_target_claim-0068,petz_target_claim,68,False,False,artifact_target_claim,artifact_target_claim,True,False,False,True,7b31a28371423fcb8d1fd9a0a1070253102bcc4db2eaa2998895c4655f8be5ec,0.078649959,artifact target claim agrees after eliminating its environment gauge
invalid-petz_target_claim-0069,petz_target_claim,69,False,False,artifact_target_claim,artifact_target_claim,True,False,False,True,1b21654c10085d71d33ad281637265cd2ef562fafdaf010c6c5cf741d587a50d,0.079795708,artifact target claim agrees after eliminating its environment gauge
invalid-petz_target_claim-0070,petz_target_claim,70,False,False,artifact_target_claim,artifact_target_claim,True,False,False,True,d7695a8a5c7cafaca4ddec23236231ab1df4664106525564b6e44fdf0057543b,0.080007708,artifact target claim agrees after eliminating its environment gauge
invalid-petz_target_claim-0071,petz_target_claim,71,False,False,artifact_target_claim,artifact_target_claim,True,False,False,True,cb8e1521479088d89de5b894a927631bd6ca6f81242b6407504315ce24613fa8,0.080234291,artifact target claim agrees after eliminating its environment gauge
invalid-petz_target_claim-0072,petz_target_claim,72,False,False,artifact_target_claim,artifact_target_claim,True,False,False,True,6c33b77873a552c21cbf5da6ba426434a3574a3c0d3fb5010fe134eef4a97256,0.080018833,artifact target claim agrees after eliminating its environment gauge
invalid-petz_target_claim-0073,petz_target_claim,73,False,False,artifact_target_claim,artifact_target_claim,True,False,False,True,7a156277757bf1f42609c0dad429fd5a483ea7c929bcbf0ac5d6252e788a80f7,0.080447459,artifact target claim agrees after eliminating its environment gauge
invalid-petz_target_claim-0074,petz_target_claim,74,False,False,artifact_target_claim,artifact_target_claim,True,False,False,True,7ed68f12bdd7bbcf04a44fb051d3815ed23e36e919853416273017354278e48a,0.080402875,artifact target claim agrees after eliminating its environment gauge
invalid-petz_target_claim-0075,petz_target_claim,75,False,False,artifact_target_claim,artifact_target_claim,True,False,False,True,82c3b6c2ff18e9bde5bf80c7843810576f2c032b79ed9a0e9ee13306e290dc5e,0.080037292,artifact target claim agrees after eliminating its environment gauge
invalid-petz_target_claim-0076,petz_target_claim,76,False,False,artifact_target_claim,artifact_target_claim,True,False,False,True,8b2433157a09d4fa4e02f6a0e9d806e50d2a9f61000c31dc2ca9b67482bfac89,0.079833250,artifact target claim agrees after eliminating its environment gauge
invalid-petz_target_claim-0077,petz_target_claim,77,False,False,artifact_target_claim,artifact_target_claim,True,False,False,True,627595a91d66cc48eaa89333cf53469c43b61707455690af329ef80093d55e72,0.079377708,artifact target claim agrees after eliminating its environment gauge
invalid-petz_target_claim-0078,petz_target_claim,78,False,False,artifact_target_claim,artifact_target_claim,True,False,False,True,2c95ec24ff626f31c828c1293e3f31796ebaa02806df7b6093192e7263aee7ce,0.079073250,artifact target claim agrees after eliminating its environment gauge
invalid-petz_target_claim-0079,petz_target_claim,79,False,False,artifact_target_claim,artifact_target_claim,True,False,False,True,89df01deb4ea492cf038a782408637af0d70b5582332a01e2f300fbc4cc6ae14,0.080289917,artifact target claim agrees after eliminating its environment gauge
invalid-petz_target_claim-0080,petz_target_claim,80,False,False,artifact_target_claim,artifact_target_claim,True,False,False,True,cf9c902c56b01104553885337ad9235c2250f3be4ea1bdadb715a628ec34238b,0.079804167,artifact target claim agrees after eliminating its environment gauge
invalid-petz_target_claim-0081,petz_target_claim,81,False,False,artifact_target_claim,artifact_target_claim,True,False,False,True,5d86585b212bde98b8c614e8f8b00481e52317c586acf98d7662b43625914784,0.080244375,artifact target claim agrees after eliminating its environment gauge
invalid-petz_target_claim-0082,petz_target_claim,82,False,False,artifact_target_claim,artifact_target_claim,True,False,False,True,2bfb2012f25c19b0b0d5a14dcf678db07f1d095a15b7bf03796a2ca72521ffbb,0.079641125,artifact target claim agrees after eliminating its environment gauge
invalid-petz_target_claim-0083,petz_target_claim,83,False,False,artifact_target_claim,artifact_target_claim,True,False,False,True,50dbc8d946a31b01ef6cb1f1f48c0ed4addd21be162f47b436e5623fbc8b3df9,0.079469417,artifact target claim agrees after eliminating its environment gauge
invalid-petz_target_claim-0084,petz_target_claim,84,False,False,artifact_target_claim,artifact_target_claim,True,False,False,True,de219aef6a084d257b2f5c060ceb3940a9b32e223dd51e83daa2c09a60b3f04f,0.080476167,artifact target claim agrees after eliminating its environment gauge
invalid-petz_target_claim-0085,petz_target_claim,85,False,False,artifact_target_claim,artifact_target_claim,True,False,False,True,42c44e33ea2dab63c0db75a58364eada52b48a10f4d1337c773a76ec5f21f9b3,0.079710416,artifact target claim agrees after eliminating its environment gauge
invalid-petz_target_claim-0086,petz_target_claim,86,False,False,artifact_target_claim,artifact_target_claim,True,False,False,True,8f096a4ac1607aecef861adaf2b2cb0931ed27b9ad454b37fe0c04708b48f8e5,0.079936000,artifact target claim agrees after eliminating its environment gauge
invalid-petz_target_claim-0087,petz_target_claim,87,False,False,artifact_target_claim,artifact_target_claim,True,False,False,True,00ca159b53236aa6ba53ba8035186226db180fef1e9dd80259906f9584ca1270,0.079815833,artifact target claim agrees after eliminating its environment gauge
invalid-petz_target_claim-0088,petz_target_claim,88,False,False,artifact_target_claim,artifact_target_claim,True,False,False,True,8de4bc68b16b18394aea2697bc3a92e52b7d5548300c0be739cddd945bdcd27e,0.080451375,artifact target claim agrees after eliminating its environment gauge
invalid-petz_target_claim-0089,petz_target_claim,89,False,False,artifact_target_claim,artifact_target_claim,True,False,False,True,85dc38cce3cdfc5dc3afccc34de96b96dca5782de738c5e9db971f270d2d7358,0.079448625,artifact target claim agrees after eliminating its environment gauge
invalid-petz_target_claim-0090,petz_target_claim,90,False,False,artifact_target_claim,artifact_target_claim,True,False,False,True,4f69385ca6e9f252a97cc0a4112b5cc855a9d321165bde20d05c2bcbae0b5015,0.087367125,artifact target claim agrees after eliminating its environment gauge
invalid-petz_target_claim-0091,petz_target_claim,91,False,False,artifact_target_claim,artifact_target_claim,True,False,False,True,6c5b1efcef4bdd223fd23529134c970c8788ccd3c212846e643a6fd4c3bbc76d,0.078297958,artifact target claim agrees after eliminating its environment gauge
invalid-petz_target_claim-0092,petz_target_claim,92,False,False,artifact_target_claim,artifact_target_claim,True,False,False,True,fac1c7f339b0d286310686de8b22a0b1443b48d18e68c2de07166e228744d1e0,0.080065875,artifact target claim agrees after eliminating its environment gauge
invalid-petz_target_claim-0093,petz_target_claim,93,False,False,artifact_target_claim,artifact_target_claim,True,False,False,True,73ec89b0362b269fd11e778ace02146f0e8ac9c8027dc7c9f34bb4943e9ed7cf,0.079769708,artifact target claim agrees after eliminating its environment gauge
invalid-petz_target_claim-0094,petz_target_claim,94,False,False,artifact_target_claim,artifact_target_claim,True,False,False,True,6ea2ed11a18ba60912fc83a002012def346f76dc2470cec1b14bab94619fe176,0.079502250,artifact target claim agrees after eliminating its environment gauge
invalid-petz_target_claim-0095,petz_target_claim,95,False,False,artifact_target_claim,artifact_target_claim,True,False,False,True,6f1c3673025e74178d99a180cd3a7f4e4eff66a0269ac68b52167ce24076c11e,0.080446334,artifact target claim agrees after eliminating its environment gauge
invalid-petz_target_claim-0096,petz_target_claim,96,False,False,artifact_target_claim,artifact_target_claim,True,False,False,True,446eb06402c3d5be579af0d85730d9dd52042041fca5e9dd4d9bcace3b477292,0.080212541,artifact target claim agrees after eliminating its environment gauge
invalid-petz_target_claim-0097,petz_target_claim,97,False,False,artifact_target_claim,artifact_target_claim,True,False,False,True,9daa2c80420aea49d57c97c32e467ffcd008481ce2d98695fb9b9d9d7b7ea829,0.080319667,artifact target claim agrees after eliminating its environment gauge
invalid-petz_target_claim-0098,petz_target_claim,98,False,False,artifact_target_claim,artifact_target_claim,True,False,False,True,8055154ef5223ab692aeec66af33d96f8c45ea6a15ea3e8ee5cc794f532434e7,0.079378167,artifact target claim agrees after eliminating its environment gauge
invalid-petz_target_claim-0099,petz_target_claim,99,False,False,artifact_target_claim,artifact_target_claim,True,False,False,True,85fdccb53dca1e247507610755cf3873b024a5d7c142ae6ad8f4f4a14e1e4f70,0.080542083,artifact target claim agrees after eliminating its environment gauge
invalid-wrong_channel-0000,wrong_channel,0,False,False,reduced_choi_channel,reduced_choi_channel,True,False,False,True,8d34390ba7bed483f937b3c79f49fe819287c5aed2ff12937422cc66ad0a3c19,0.133119625,candidate and independently reconstructed target have equal signed reduced Choi subgroups
invalid-wrong_channel-0001,wrong_channel,1,False,False,reduced_choi_channel,reduced_choi_channel,True,False,False,True,849c6103b55b792fccf6d525849d312a8b554ef425bb1bc8c4dc4140b7fb3b6e,0.130543042,candidate and independently reconstructed target have equal signed reduced Choi subgroups
invalid-wrong_channel-0002,wrong_channel,2,False,False,reduced_choi_channel,reduced_choi_channel,True,False,False,True,cf8d3da7f78da2b0d0f43b97338d764303421149ebac303b2b357e7d416eff99,0.132414833,candidate and independently reconstructed target have equal signed reduced Choi subgroups
invalid-wrong_channel-0003,wrong_channel,3,False,False,reduced_choi_channel,reduced_choi_channel,True,False,False,True,8bd1d614d9f6fdf013ad4f06e6d25260b000801379fe38f67cf6585a6ee58eab,0.131740125,candidate and independently reconstructed target have equal signed reduced Choi subgroups
invalid-wrong_channel-0004,wrong_channel,4,False,False,reduced_choi_channel,reduced_choi_channel,True,False,False,True,f60cbef6dcb2e9074f9421699a9ad8d318f402b977f8836007e819014205d854,0.133830208,candidate and independently reconstructed target have equal signed reduced Choi subgroups
invalid-wrong_channel-0005,wrong_channel,5,False,False,reduced_choi_channel,reduced_choi_channel,True,False,False,True,3b2c26bb18d021e1766c8a893a4aa0a47f4722bc90ccc8766df233936ae9ec35,0.130960916,candidate and independently reconstructed target have equal signed reduced Choi subgroups
invalid-wrong_channel-0006,wrong_channel,6,False,False,reduced_choi_channel,reduced_choi_channel,True,False,False,True,8ea3e0bc38cd29bff23d94ce1a74a582c6c4a78b684bc65400632695059e38d6,0.130300917,candidate and independently reconstructed target have equal signed reduced Choi subgroups
invalid-wrong_channel-0007,wrong_channel,7,False,False,reduced_choi_channel,reduced_choi_channel,True,False,False,True,48facef653553d9fd5a534b9731a97b103df46eb245e357ff066887230554d8a,0.132813625,candidate and independently reconstructed target have equal signed reduced Choi subgroups
invalid-wrong_channel-0008,wrong_channel,8,False,False,reduced_choi_channel,reduced_choi_channel,True,False,False,True,165d07f56e5c3dc1dc33bb0eebfb4f96da37e78dbc7e38018d2958bb729aa434,0.168345750,candidate and independently reconstructed target have equal signed reduced Choi subgroups
invalid-wrong_channel-0009,wrong_channel,9,False,False,reduced_choi_channel,reduced_choi_channel,True,False,False,True,75f1fdb3e161d9b063a6ccd784fc98b6ec4079e2d6b0cee6a01dc75f0cb7cff9,0.130078916,candidate and independently reconstructed target have equal signed reduced Choi subgroups
invalid-wrong_channel-0010,wrong_channel,10,False,False,reduced_choi_channel,reduced_choi_channel,True,False,False,True,fbaf47ece7bbab95725855d5c422176c4726fdf3899b6e5465ce46e7f453fbd1,0.130293500,candidate and independently reconstructed target have equal signed reduced Choi subgroups
invalid-wrong_channel-0011,wrong_channel,11,False,False,reduced_choi_channel,reduced_choi_channel,True,False,False,True,9c0d4e35394bbf5a6ea58cacf84e93c93ab4e4d90d0c783338b42a14bae3c3af,0.133656125,candidate and independently reconstructed target have equal signed reduced Choi subgroups
invalid-wrong_channel-0012,wrong_channel,12,False,False,reduced_choi_channel,reduced_choi_channel,True,False,False,True,e906ace7cc0a98abc778e028caaeb1728719b66c7bf95e02183b3bb2b3d52146,0.136035834,candidate and independently reconstructed target have equal signed reduced Choi subgroups
invalid-wrong_channel-0013,wrong_channel,13,False,False,reduced_choi_channel,reduced_choi_channel,True,False,False,True,862619a6d3dced176170c519caa9a89d08c32bf6bd53583e94d6c54547d7c2f9,0.129649167,candidate and independently reconstructed target have equal signed reduced Choi subgroups
invalid-wrong_channel-0014,wrong_channel,14,False,False,reduced_choi_channel,reduced_choi_channel,True,False,False,True,01d80767659fb11ad3a1f15fad2ff11951e21839218fd456a9a0051d3bf10787,0.131493583,candidate and independently reconstructed target have equal signed reduced Choi subgroups
invalid-wrong_channel-0015,wrong_channel,15,False,False,reduced_choi_channel,reduced_choi_channel,True,False,False,True,eca1892364b9c77d819ed292a0cbe2867746fac1a877208d460f2f8fcb66e161,0.133416541,candidate and independently reconstructed target have equal signed reduced Choi subgroups
invalid-wrong_channel-0016,wrong_channel,16,False,False,reduced_choi_channel,reduced_choi_channel,True,False,False,True,5003f7ba0087e385fd9a75b722ad2b4e0615c455317bbbe8cb1ea2cc9ff2d5f8,0.132931500,candidate and independently reconstructed target have equal signed reduced Choi subgroups
invalid-wrong_channel-0017,wrong_channel,17,False,False,reduced_choi_channel,reduced_choi_channel,True,False,False,True,1e0750c172d7ff3f90a0ffd15c693a59c55b24a0fe2ee117f190bc825bad71e8,0.129102959,candidate and independently reconstructed target have equal signed reduced Choi subgroups
invalid-wrong_channel-0018,wrong_channel,18,False,False,reduced_choi_channel,reduced_choi_channel,True,False,False,True,97232d568bea0e49f518cb2f820c1055c7756733e9de8a61eb3501dd0052b257,0.135565458,candidate and independently reconstructed target have equal signed reduced Choi subgroups
invalid-wrong_channel-0019,wrong_channel,19,False,False,reduced_choi_channel,reduced_choi_channel,True,False,False,True,f57db0e0cb5a3a9d26efe699665cf7cd16fc53dfb84d02bda1e258c8436f87cd,0.130615625,candidate and independently reconstructed target have equal signed reduced Choi subgroups
invalid-wrong_channel-0020,wrong_channel,20,False,False,reduced_choi_channel,reduced_choi_channel,True,False,False,True,8785199ff13553e418e11f304f331b57db76d9900b84343b5b2e5c34a4b04637,0.130758250,candidate and independently reconstructed target have equal signed reduced Choi subgroups
invalid-wrong_channel-0021,wrong_channel,21,False,False,reduced_choi_channel,reduced_choi_channel,True,False,False,True,09fe473c69c1ee30d0dbc425aeaec7138f56a3658444815c9d87b37ff44a6b4c,0.132938125,candidate and independently reconstructed target have equal signed reduced Choi subgroups
invalid-wrong_channel-0022,wrong_channel,22,False,False,reduced_choi_channel,reduced_choi_channel,True,False,False,True,0c19c0aad93f899faa3b55e3eea9052caff48a9877aaa12b607a65477089ce13,0.131985583,candidate and independently reconstructed target have equal signed reduced Choi subgroups
invalid-wrong_channel-0023,wrong_channel,23,False,False,reduced_choi_channel,reduced_choi_channel,True,False,False,True,f9bd9a2644a6238edaf008e8e49e5e0e255bbdc67e0a3135f7f29a2032859946,0.131558375,candidate and independently reconstructed target have equal signed reduced Choi subgroups
invalid-wrong_channel-0024,wrong_channel,24,False,False,reduced_choi_channel,reduced_choi_channel,True,False,False,True,620816fa1f20f572c5cca7fd3a3192d01b96e28a3fb7c24984300ac05a63afc9,0.132443292,candidate and independently reconstructed target have equal signed reduced Choi subgroups
invalid-wrong_channel-0025,wrong_channel,25,False,False,reduced_choi_channel,reduced_choi_channel,True,False,False,True,26ffd40babf0262437efae3b8d86d679e5009092d3a2836f005022f4ccb9a483,0.132797750,candidate and independently reconstructed target have equal signed reduced Choi subgroups
invalid-wrong_channel-0026,wrong_channel,26,False,False,reduced_choi_channel,reduced_choi_channel,True,False,False,True,55fe4b9cf97ad052403e097e12087b16398c8e556edd159f87f237350e0a9d0d,0.135890500,candidate and independently reconstructed target have equal signed reduced Choi subgroups
invalid-wrong_channel-0027,wrong_channel,27,False,False,reduced_choi_channel,reduced_choi_channel,True,False,False,True,245b460c1073830b19d110c41184c1cc18c01f7e2ac98aaa9ce7e1a60c13b598,0.133654292,candidate and independently reconstructed target have equal signed reduced Choi subgroups
invalid-wrong_channel-0028,wrong_channel,28,False,False,reduced_choi_channel,reduced_choi_channel,True,False,False,True,9c94c231f3711094b5e640efe5f4a9d0d5bef19dc0f7635d027fbccbcb8a9f55,0.133443208,candidate and independently reconstructed target have equal signed reduced Choi subgroups
invalid-wrong_channel-0029,wrong_channel,29,False,False,reduced_choi_channel,reduced_choi_channel,True,False,False,True,546bec891b12b8369d67c60a1a7f9e15312b8b7cbe34a514ad35ee272e4f5d7a,0.132581459,candidate and independently reconstructed target have equal signed reduced Choi subgroups
invalid-wrong_channel-0030,wrong_channel,30,False,False,reduced_choi_channel,reduced_choi_channel,True,False,False,True,36570135d363f9a7edd371dac79aa785130ffb7f46ff04a78fb0b970c2f2d976,0.131293834,candidate and independently reconstructed target have equal signed reduced Choi subgroups
invalid-wrong_channel-0031,wrong_channel,31,False,False,reduced_choi_channel,reduced_choi_channel,True,False,False,True,7df0a35d0861d381f5317e577a6917eef34a20f0bd1e2f3f61c2a07be6c1f153,0.141479334,candidate and independently reconstructed target have equal signed reduced Choi subgroups
invalid-wrong_channel-0032,wrong_channel,32,False,False,reduced_choi_channel,reduced_choi_channel,True,False,False,True,e04c9aed5eb4b7d715a4c0a7b99d5b8757b4e2eea3e6db512fe0ae616130d245,0.134457584,candidate and independently reconstructed target have equal signed reduced Choi subgroups
invalid-wrong_channel-0033,wrong_channel,33,False,False,reduced_choi_channel,reduced_choi_channel,True,False,False,True,5efcf2e4c170f57933824838348e5a4084ba85fd3126eac46660490e3cd430a8,0.132614959,candidate and independently reconstructed target have equal signed reduced Choi subgroups
invalid-wrong_channel-0034,wrong_channel,34,False,False,reduced_choi_channel,reduced_choi_channel,True,False,False,True,57469f88ef391137765cb506b551e1f6a03482bcc87e13b24d8e2a063b045ab0,0.134390791,candidate and independently reconstructed target have equal signed reduced Choi subgroups
invalid-wrong_channel-0035,wrong_channel,35,False,False,reduced_choi_channel,reduced_choi_channel,True,False,False,True,d3eef2165becb94973120c078f96978222b401082b22fcbfc2643d488e298e6b,0.134727500,candidate and independently reconstructed target have equal signed reduced Choi subgroups
invalid-wrong_channel-0036,wrong_channel,36,False,False,reduced_choi_channel,reduced_choi_channel,True,False,False,True,3ae6112b5b5e77f2f8f51ba3eaddd6e47511475076fb71095c6b3ea1d0cf8aa3,0.132727459,candidate and independently reconstructed target have equal signed reduced Choi subgroups
invalid-wrong_channel-0037,wrong_channel,37,False,False,reduced_choi_channel,reduced_choi_channel,True,False,False,True,b1c261ec5f4cd30478ba7b10f0926cae624fd6c3e6f2dbeb7d88c473f956114d,0.134598167,candidate and independently reconstructed target have equal signed reduced Choi subgroups
invalid-wrong_channel-0038,wrong_channel,38,False,False,reduced_choi_channel,reduced_choi_channel,True,False,False,True,b6c2df631e218fd79d2f1e0974caa03516aa64dcf88d975bb57ab0d0fdb87226,0.135166333,candidate and independently reconstructed target have equal signed reduced Choi subgroups
invalid-wrong_channel-0039,wrong_channel,39,False,False,reduced_choi_channel,reduced_choi_channel,True,False,False,True,eb6d3414c5dc64e8fd60a081284ed07f3a5a66d99cff9b72e90e6c395272c584,0.131809416,candidate and independently reconstructed target have equal signed reduced Choi subgroups
invalid-wrong_channel-0040,wrong_channel,40,False,False,reduced_choi_channel,reduced_choi_channel,True,False,False,True,ae54195782d303cd6edaf79e19d038008e96880bb51f7ec2f341799dde0aa07c,0.135981542,candidate and independently reconstructed target have equal signed reduced Choi subgroups
invalid-wrong_channel-0041,wrong_channel,41,False,False,reduced_choi_channel,reduced_choi_channel,True,False,False,True,8aaf9fc9efa8a5dc272ffcb02aec35c673fed34454876ac800e66d992628d408,0.131726125,candidate and independently reconstructed target have equal signed reduced Choi subgroups
invalid-wrong_channel-0042,wrong_channel,42,False,False,reduced_choi_channel,reduced_choi_channel,True,False,False,True,6dea6b9c85f675045a017c5b6797f7fd6cd2d4111e27d0cbabe3f485f7e2a753,0.133137375,candidate and independently reconstructed target have equal signed reduced Choi subgroups
invalid-wrong_channel-0043,wrong_channel,43,False,False,reduced_choi_channel,reduced_choi_channel,True,False,False,True,2af0007399d9415c3dcfa66c0437c9015f0769c554364235379f67f46b1a59f9,0.133141667,candidate and independently reconstructed target have equal signed reduced Choi subgroups
invalid-wrong_channel-0044,wrong_channel,44,False,False,reduced_choi_channel,reduced_choi_channel,True,False,False,True,b7a36c4d61a9ae56f699e60571ffef4024b254bb1ff65069a8c4a9675ecfa182,0.133364875,candidate and independently reconstructed target have equal signed reduced Choi subgroups
invalid-wrong_channel-0045,wrong_channel,45,False,False,reduced_choi_channel,reduced_choi_channel,True,False,False,True,e29d84a7c8c18858783d952b98823743a823ff91ffed5cfa705006ff52edb60e,0.130335917,candidate and independently reconstructed target have equal signed reduced Choi subgroups
invalid-wrong_channel-0046,wrong_channel,46,False,False,reduced_choi_channel,reduced_choi_channel,True,False,False,True,4c4a940fdfade7423f9d869039ef61811ce8e3933a3085da97069d62cb4aaf75,0.130498459,candidate and independently reconstructed target have equal signed reduced Choi subgroups
invalid-wrong_channel-0047,wrong_channel,47,False,False,reduced_choi_channel,reduced_choi_channel,True,False,False,True,5be1b26091d1d673bdffc0bb8c092795a96988c86bde05ef0acfaea018ece113,0.130884041,candidate and independently reconstructed target have equal signed reduced Choi subgroups
invalid-wrong_channel-0048,wrong_channel,48,False,False,reduced_choi_channel,reduced_choi_channel,True,False,False,True,177703482c3aeac116653e8d27c0ce6fff84779af0c11d632daeba0cf9da2d0d,0.133194708,candidate and independently reconstructed target have equal signed reduced Choi subgroups
invalid-wrong_channel-0049,wrong_channel,49,False,False,reduced_choi_channel,reduced_choi_channel,True,False,False,True,cd41ab4fad7123725137a4a37ae0e1af62104babab31c698935e256c2346c3bf,0.131418417,candidate and independently reconstructed target have equal signed reduced Choi subgroups
invalid-wrong_channel-0050,wrong_channel,50,False,False,reduced_choi_channel,reduced_choi_channel,True,False,False,True,52b7c3acc3fb93bde0e632421cbaa2bab3e27e90d5be9a4be5fe9426676b19ca,0.130852625,candidate and independently reconstructed target have equal signed reduced Choi subgroups
invalid-wrong_channel-0051,wrong_channel,51,False,False,reduced_choi_channel,reduced_choi_channel,True,False,False,True,0f6125aaad9b151fe4b070005cdc4acee6d72c4dab271ee90bdebb2bffefaa49,0.132072083,candidate and independently reconstructed target have equal signed reduced Choi subgroups
invalid-wrong_channel-0052,wrong_channel,52,False,False,reduced_choi_channel,reduced_choi_channel,True,False,False,True,d5a5ee27cc95c926e3f680e239d7abcbd1462ecbb605bf9bb9988a5bf8d7dfae,0.129379291,candidate and independently reconstructed target have equal signed reduced Choi subgroups
invalid-wrong_channel-0053,wrong_channel,53,False,False,reduced_choi_channel,reduced_choi_channel,True,False,False,True,4f3882060fe7ae0cf9c3b004dacc3852daff76ec61ff474ff979786273d27c7f,0.133692209,candidate and independently reconstructed target have equal signed reduced Choi subgroups
invalid-wrong_channel-0054,wrong_channel,54,False,False,reduced_choi_channel,reduced_choi_channel,True,False,False,True,3c6dd47cb8091ce0e8de2200509dd6ef910e50cdf1ce7b8951e3f4704a4803ee,0.131328167,candidate and independently reconstructed target have equal signed reduced Choi subgroups
invalid-wrong_channel-0055,wrong_channel,55,False,False,reduced_choi_channel,reduced_choi_channel,True,False,False,True,273d46fbdebfd9e19cf52362b439c1184273df6f6544c25d22498d1e914ff836,0.134331750,candidate and independently reconstructed target have equal signed reduced Choi subgroups
invalid-wrong_channel-0056,wrong_channel,56,False,False,reduced_choi_channel,reduced_choi_channel,True,False,False,True,2c0fafbaa7523c2dc1f9e7adae7f3c634237f02f6566f2a2e7775faff5e98292,0.131663083,candidate and independently reconstructed target have equal signed reduced Choi subgroups
invalid-wrong_channel-0057,wrong_channel,57,False,False,reduced_choi_channel,reduced_choi_channel,True,False,False,True,1463b0b5bd93dc55e3a35c4805c9cbdecce58e7106f0f0a62812e64783f3ce24,0.133753167,candidate and independently reconstructed target have equal signed reduced Choi subgroups
invalid-wrong_channel-0058,wrong_channel,58,False,False,reduced_choi_channel,reduced_choi_channel,True,False,False,True,5b4a18c2607473ba2efa0579ebd18f44bb8560759133aade1c214e2b44226471,0.130614333,candidate and independently reconstructed target have equal signed reduced Choi subgroups
invalid-wrong_channel-0059,wrong_channel,59,False,False,reduced_choi_channel,reduced_choi_channel,True,False,False,True,a14d88a0165991cdddd27575b9cf446ad4dbc0c5683f3f128c78c4d63ae01523,0.136314208,candidate and independently reconstructed target have equal signed reduced Choi subgroups
invalid-wrong_channel-0060,wrong_channel,60,False,False,reduced_choi_channel,reduced_choi_channel,True,False,False,True,ac52f6fe0506c1dda0d0ad336097f38a95e95cd302dd9c5aa55d1ba7858a6c92,0.131812625,candidate and independently reconstructed target have equal signed reduced Choi subgroups
invalid-wrong_channel-0061,wrong_channel,61,False,False,reduced_choi_channel,reduced_choi_channel,True,False,False,True,a5c062ef0088aec5d0c2c45f2661aa0f71da55f0b6a014a2d118122c041bb34c,0.131914166,candidate and independently reconstructed target have equal signed reduced Choi subgroups
invalid-wrong_channel-0062,wrong_channel,62,False,False,reduced_choi_channel,reduced_choi_channel,True,False,False,True,6fc6b65a65befbb273c095e64fb181a7e8eee31f7cc951f96d745fa65ef5646f,0.129932625,candidate and independently reconstructed target have equal signed reduced Choi subgroups
invalid-wrong_channel-0063,wrong_channel,63,False,False,reduced_choi_channel,reduced_choi_channel,True,False,False,True,6e1991d9f732694d33a669284badc3b904eba2d22f2a91ffeb2335144ed5ac4a,0.130746167,candidate and independently reconstructed target have equal signed reduced Choi subgroups
invalid-wrong_channel-0064,wrong_channel,64,False,False,reduced_choi_channel,reduced_choi_channel,True,False,False,True,f40ee1699d81ce154eb7617f5f634a14cd372d09de71cc25ca13a842f09665c6,0.129467875,candidate and independently reconstructed target have equal signed reduced Choi subgroups
invalid-wrong_channel-0065,wrong_channel,65,False,False,reduced_choi_channel,reduced_choi_channel,True,False,False,True,fb381e36990cbefdbcf62ee664826ab9cce8257dd815f72799f4b14dbbc94f0d,0.130635666,candidate and independently reconstructed target have equal signed reduced Choi subgroups
invalid-wrong_channel-0066,wrong_channel,66,False,False,reduced_choi_channel,reduced_choi_channel,True,False,False,True,7b80483cc53f010e808e44736a7feafd39362fd1ff9fbd898783d090acfc7dd5,0.133565292,candidate and independently reconstructed target have equal signed reduced Choi subgroups
invalid-wrong_channel-0067,wrong_channel,67,False,False,reduced_choi_channel,reduced_choi_channel,True,False,False,True,3b7b0e859b751f7cccff4aac65184c61233fc4e1a2940167afc00db572171105,0.130153500,candidate and independently reconstructed target have equal signed reduced Choi subgroups
invalid-wrong_channel-0068,wrong_channel,68,False,False,reduced_choi_channel,reduced_choi_channel,True,False,False,True,bc3cfa8b50fe1144135cbabbb3a2434c84f833e87e4cc5e34c3e4b4a55703568,0.131312334,candidate and independently reconstructed target have equal signed reduced Choi subgroups
invalid-wrong_channel-0069,wrong_channel,69,False,False,reduced_choi_channel,reduced_choi_channel,True,False,False,True,ca129ce0d0be444c1c6cbc78fb488954fad95306e09bc2ff2a35418ed8881cde,0.134734750,candidate and independently reconstructed target have equal signed reduced Choi subgroups
invalid-wrong_channel-0070,wrong_channel,70,False,False,reduced_choi_channel,reduced_choi_channel,True,False,False,True,14ff3cc23dfc0c3152cff06500601d5c72b6eccce5b7c58964d9a55b52fce8af,0.132043875,candidate and independently reconstructed target have equal signed reduced Choi subgroups
invalid-wrong_channel-0071,wrong_channel,71,False,False,reduced_choi_channel,reduced_choi_channel,True,False,False,True,ce468d3b4d015783c8c2dbd070a4df698e9ee2b98e499cfb9810fb40db8588ff,0.131575083,candidate and independently reconstructed target have equal signed reduced Choi subgroups
invalid-wrong_channel-0072,wrong_channel,72,False,False,reduced_choi_channel,reduced_choi_channel,True,False,False,True,749daca6a9d5ebf0db1a97b8a92bff8a74a2ab11b2ee9c752ec16230b563ff47,0.133900000,candidate and independently reconstructed target have equal signed reduced Choi subgroups
invalid-wrong_channel-0073,wrong_channel,73,False,False,reduced_choi_channel,reduced_choi_channel,True,False,False,True,748e98844fdd6807c9f49cc4ad81cd34aa92ed08d50ea9225dfc45065e09d8ce,0.129222834,candidate and independently reconstructed target have equal signed reduced Choi subgroups
invalid-wrong_channel-0074,wrong_channel,74,False,False,reduced_choi_channel,reduced_choi_channel,True,False,False,True,91986c0e9dea2ed5ac238424719902f282a0d8ccaea32fca1bdfa394e3768f35,0.137428833,candidate and independently reconstructed target have equal signed reduced Choi subgroups
invalid-wrong_channel-0075,wrong_channel,75,False,False,reduced_choi_channel,reduced_choi_channel,True,False,False,True,6f6e146d5a88460e090d731421393a9ea027c434ea3e68bbcd7b8f7546d6147c,0.132664666,candidate and independently reconstructed target have equal signed reduced Choi subgroups
invalid-wrong_channel-0076,wrong_channel,76,False,False,reduced_choi_channel,reduced_choi_channel,True,False,False,True,4bd36eb1313060c4617bb9763f8d6766e7ab7bd702511ef6f8d087f33d257370,0.131999083,candidate and independently reconstructed target have equal signed reduced Choi subgroups
invalid-wrong_channel-0077,wrong_channel,77,False,False,reduced_choi_channel,reduced_choi_channel,True,False,False,True,4fb16ba8e333fcd8ef899f97d0cd676a91ad437e4dfcd0542a9a6725b545183f,0.131757917,candidate and independently reconstructed target have equal signed reduced Choi subgroups
invalid-wrong_channel-0078,wrong_channel,78,False,False,reduced_choi_channel,reduced_choi_channel,True,False,False,True,f37427a1b279c796f6b850610b1a176ca1cb19f1e28a3a70d74448e8dde0c4d6,0.128272250,candidate and independently reconstructed target have equal signed reduced Choi subgroups
invalid-wrong_channel-0079,wrong_channel,79,False,False,reduced_choi_channel,reduced_choi_channel,True,False,False,True,e73074cdbfaecd9c8fff87dd33daefd84023e902110849f7d809442189528fc7,0.129032792,candidate and independently reconstructed target have equal signed reduced Choi subgroups
invalid-wrong_channel-0080,wrong_channel,80,False,False,reduced_choi_channel,reduced_choi_channel,True,False,False,True,b3ebf8118e224a02b51ba68e288c7f6bfbb1406e2ff8e7171d0e7777ab1740a0,0.130352459,candidate and independently reconstructed target have equal signed reduced Choi subgroups
invalid-wrong_channel-0081,wrong_channel,81,False,False,reduced_choi_channel,reduced_choi_channel,True,False,False,True,fa8d0c60b5d408f6a3b4d37ae87a2a1808f3e20ee69722fd892273a732d790d0,0.130098542,candidate and independently reconstructed target have equal signed reduced Choi subgroups
invalid-wrong_channel-0082,wrong_channel,82,False,False,reduced_choi_channel,reduced_choi_channel,True,False,False,True,99d0de6727cccb4278191a63318ae67d8eb2f3251e06de64e09c3cd484bb8784,0.130827250,candidate and independently reconstructed target have equal signed reduced Choi subgroups
invalid-wrong_channel-0083,wrong_channel,83,False,False,reduced_choi_channel,reduced_choi_channel,True,False,False,True,290fd8ad52f30adb6bc3df7daed418fca4aa5ebd106078c42d8b40f23a4fc9f8,0.132522375,candidate and independently reconstructed target have equal signed reduced Choi subgroups
invalid-wrong_channel-0084,wrong_channel,84,False,False,reduced_choi_channel,reduced_choi_channel,True,False,False,True,2e3da478f750ecf3cbbd3c716daf39299ca2fe114645f4bbf0a2d2896cfb0506,0.131667000,candidate and independently reconstructed target have equal signed reduced Choi subgroups
invalid-wrong_channel-0085,wrong_channel,85,False,False,reduced_choi_channel,reduced_choi_channel,True,False,False,True,014aad5b5a58dc39721a778a39fbba7c4d14eb423a9bd013bc098d340865fa73,0.131013709,candidate and independently reconstructed target have equal signed reduced Choi subgroups
invalid-wrong_channel-0086,wrong_channel,86,False,False,reduced_choi_channel,reduced_choi_channel,True,False,False,True,c736b6d34f9ce501f574a374537919d7f0aff7da6b79b1e6ddb9d1526c72882d,0.130156292,candidate and independently reconstructed target have equal signed reduced Choi subgroups
invalid-wrong_channel-0087,wrong_channel,87,False,False,reduced_choi_channel,reduced_choi_channel,True,False,False,True,09f596e360d08048a8440a54f21581618153eaaf8c978aaab78710c5e07cdcfc,0.133064292,candidate and independently reconstructed target have equal signed reduced Choi subgroups
invalid-wrong_channel-0088,wrong_channel,88,False,False,reduced_choi_channel,reduced_choi_channel,True,False,False,True,d9b767bdf926ed0cf4940d74146b957cb50e821af60e4c6a747851c25709bc25,0.132271166,candidate and independently reconstructed target have equal signed reduced Choi subgroups
invalid-wrong_channel-0089,wrong_channel,89,False,False,reduced_choi_channel,reduced_choi_channel,True,False,False,True,41e364ba3bf3539ac99c2631bb6bd958d65bbb89762c82516ed73ff52984976d,0.136400541,candidate and independently reconstructed target have equal signed reduced Choi subgroups
invalid-wrong_channel-0090,wrong_channel,90,False,False,reduced_choi_channel,reduced_choi_channel,True,False,False,True,4b633a8a16d5561cdec8da7577b99f9ed78e8525e4ef037929f5f271cc9fa3dc,0.132800125,candidate and independently reconstructed target have equal signed reduced Choi subgroups
invalid-wrong_channel-0091,wrong_channel,91,False,False,reduced_choi_channel,reduced_choi_channel,True,False,False,True,a243d82ea48ac8914ed6abad81af84fb4938d0cff92082cabfbb961da034c6e6,0.136738959,candidate and independently reconstructed target have equal signed reduced Choi subgroups
invalid-wrong_channel-0092,wrong_channel,92,False,False,reduced_choi_channel,reduced_choi_channel,True,False,False,True,fbfc103c7575d0a9c8e00fda9afaa060fb0a2f53918f171f22e30189e73de444,0.133450917,candidate and independently reconstructed target have equal signed reduced Choi subgroups
invalid-wrong_channel-0093,wrong_channel,93,False,False,reduced_choi_channel,reduced_choi_channel,True,False,False,True,713ea88d7111912d6503fbea7aa28a81f0ceaaba5e17ca0b5c981b182dfd7ff1,0.132065875,candidate and independently reconstructed target have equal signed reduced Choi subgroups
invalid-wrong_channel-0094,wrong_channel,94,False,False,reduced_choi_channel,reduced_choi_channel,True,False,False,True,b62931f153cb23c955044049273a7e38380b53af2f1b6ed3e1e53e9fa67bb202,0.129288375,candidate and independently reconstructed target have equal signed reduced Choi subgroups
invalid-wrong_channel-0095,wrong_channel,95,False,False,reduced_choi_channel,reduced_choi_channel,True,False,False,True,fbdfb29824c6ff4be83cb5a48561471d8fa6ba030e06a025eabc8a0deb6c8146,0.128883250,candidate and independently reconstructed target have equal signed reduced Choi subgroups
invalid-wrong_channel-0096,wrong_channel,96,False,False,reduced_choi_channel,reduced_choi_channel,True,False,False,True,a5740b563709c9268bfd4bf529f97d2b123c232b60445ce1078c24b509814408,0.132172375,candidate and independently reconstructed target have equal signed reduced Choi subgroups
invalid-wrong_channel-0097,wrong_channel,97,False,False,reduced_choi_channel,reduced_choi_channel,True,False,False,True,b994d78f7e9d37126901bf9e0bdcd244096a9896ec78ef65c3fd7e13c9b301b7,0.132009458,candidate and independently reconstructed target have equal signed reduced Choi subgroups
invalid-wrong_channel-0098,wrong_channel,98,False,False,reduced_choi_channel,reduced_choi_channel,True,False,False,True,5ae5b3de3bc5ccbf8618299d9ee05413b6701970b2185efe66a2885ec785a493,0.135045208,candidate and independently reconstructed target have equal signed reduced Choi subgroups
invalid-wrong_channel-0099,wrong_channel,99,False,False,reduced_choi_channel,reduced_choi_channel,True,False,False,True,2868239f4ac705327b81fadf0b43ea4caa66d971c6f44c13a075a26efa0107c0,0.132881208,candidate and independently reconstructed target have equal signed reduced Choi subgroups
invalid-forbidden_edge-0000,forbidden_edge,0,False,False,coupling_graph,coupling_graph,True,False,False,True,3f3e2697c2b935fbc469a462b87fc8a2f0ab54bfafe6e0e5be323286d7dc9a0d,0.077606834,every routed CNOT uses an allowed edge
invalid-forbidden_edge-0001,forbidden_edge,1,False,False,coupling_graph,coupling_graph,True,False,False,True,d0ece06a2fd622c6d3f321f7cf14109f7449e1618f8edba5d1975af92ff33a0d,0.076636584,every routed CNOT uses an allowed edge
invalid-forbidden_edge-0002,forbidden_edge,2,False,False,coupling_graph,coupling_graph,True,False,False,True,85ae4b4c3f82a73d7fd564acd1c6d797e651a8d276b46d16312951fc6a5f5a55,0.077306917,every routed CNOT uses an allowed edge
invalid-forbidden_edge-0003,forbidden_edge,3,False,False,coupling_graph,coupling_graph,True,False,False,True,e3edeac0a4301dc75213d3668657de9ae9dc0212c6ec257e8297047cbe3aa0d1,0.077293792,every routed CNOT uses an allowed edge
invalid-forbidden_edge-0004,forbidden_edge,4,False,False,coupling_graph,coupling_graph,True,False,False,True,21a6f1f4c9ea7282635832d580e371ca542d3f048ab72e3fcb82a158907658b4,0.077974875,every routed CNOT uses an allowed edge
invalid-forbidden_edge-0005,forbidden_edge,5,False,False,coupling_graph,coupling_graph,True,False,False,True,d0ece06a2fd622c6d3f321f7cf14109f7449e1618f8edba5d1975af92ff33a0d,0.076191542,every routed CNOT uses an allowed edge
invalid-forbidden_edge-0006,forbidden_edge,6,False,False,coupling_graph,coupling_graph,True,False,False,True,f609479a7f8c87c59142100964c2a3da8f06c540b88bfa366127d1c90e554ba8,0.077819958,every routed CNOT uses an allowed edge
invalid-forbidden_edge-0007,forbidden_edge,7,False,False,coupling_graph,coupling_graph,True,False,False,True,4a001042f6c89a53fd7053117b55a26854eb64737d31784789186fb45ef9d09b,0.076087958,every routed CNOT uses an allowed edge
invalid-forbidden_edge-0008,forbidden_edge,8,False,False,coupling_graph,coupling_graph,True,False,False,True,57c5bb9c2ccc500582bccb6cc6ae533f95fc69d995bd8bfbeef85b1162d3b9f1,0.076923416,every routed CNOT uses an allowed edge
invalid-forbidden_edge-0009,forbidden_edge,9,False,False,coupling_graph,coupling_graph,True,False,False,True,0c2d964f9d62e3a14a0b17c3f8768a0532147880f13205ca441b43f96721b70c,0.077572208,every routed CNOT uses an allowed edge
invalid-forbidden_edge-0010,forbidden_edge,10,False,False,coupling_graph,coupling_graph,True,False,False,True,be52c7ca62183a313ba8c5260dc86828a7e4ac6930f42200d8816f0a11b43d89,0.078064667,every routed CNOT uses an allowed edge
invalid-forbidden_edge-0011,forbidden_edge,11,False,False,coupling_graph,coupling_graph,True,False,False,True,b4b9e9fe936a7b79d75b17e94eacaaa5596179c6573243f725e2693a53d445e1,0.076034916,every routed CNOT uses an allowed edge
invalid-forbidden_edge-0012,forbidden_edge,12,False,False,coupling_graph,coupling_graph,True,False,False,True,7e4342600a2cfbd80dfdb1a924f4bb5bdc5ef93db5865441e4671ed712e886f1,0.078884833,every routed CNOT uses an allowed edge
invalid-forbidden_edge-0013,forbidden_edge,13,False,False,coupling_graph,coupling_graph,True,False,False,True,81631d754bd70c9a48bdc97be9f04c3fee72642c66ae308cc9f151360c29fe2a,0.077236791,every routed CNOT uses an allowed edge
invalid-forbidden_edge-0014,forbidden_edge,14,False,False,coupling_graph,coupling_graph,True,False,False,True,a4d158a8f2e0ee0421b5c8790587a6fe36e073e55a47d7cf6e6738892b393e31,0.076905250,every routed CNOT uses an allowed edge
invalid-forbidden_edge-0015,forbidden_edge,15,False,False,coupling_graph,coupling_graph,True,False,False,True,d0ece06a2fd622c6d3f321f7cf14109f7449e1618f8edba5d1975af92ff33a0d,0.075278417,every routed CNOT uses an allowed edge
invalid-forbidden_edge-0016,forbidden_edge,16,False,False,coupling_graph,coupling_graph,True,False,False,True,b90e20a20171250beff7301710ce758505508b8ec5cb2d7e76adc95cb39f5ae3,0.077575625,every routed CNOT uses an allowed edge
invalid-forbidden_edge-0017,forbidden_edge,17,False,False,coupling_graph,coupling_graph,True,False,False,True,272605e0ee65c584ada905cfa3be045ab1726c4654d18bdbd5d79b32127e2e25,0.076418458,every routed CNOT uses an allowed edge
invalid-forbidden_edge-0018,forbidden_edge,18,False,False,coupling_graph,coupling_graph,True,False,False,True,3640430f5806463acdd66ff53f6d8f28bbc0fabdb401e9c971197d91223759ad,0.075934459,every routed CNOT uses an allowed edge
invalid-forbidden_edge-0019,forbidden_edge,19,False,False,coupling_graph,coupling_graph,True,False,False,True,6f5de9c6d90596fb4c944f3de82fb03d0eff950b480dbc38ea9088a6b6d857b2,0.077564958,every routed CNOT uses an allowed edge
invalid-forbidden_edge-0020,forbidden_edge,20,False,False,coupling_graph,coupling_graph,True,False,False,True,551e0fcfb759d33b676270dd1afe134b5a869374d5cf79b206c1b5238ad49bd1,0.076973958,every routed CNOT uses an allowed edge
invalid-forbidden_edge-0021,forbidden_edge,21,False,False,coupling_graph,coupling_graph,True,False,False,True,9789624169bfdab8c6f4466705353c89d41e7395586b3a3da982426c0b09bc32,0.076982000,every routed CNOT uses an allowed edge
invalid-forbidden_edge-0022,forbidden_edge,22,False,False,coupling_graph,coupling_graph,True,False,False,True,8fef937e5afe30b3a8ce3c7fc4332d41cc95ecd81345d1451a91a3e140939dcc,0.076573458,every routed CNOT uses an allowed edge
invalid-forbidden_edge-0023,forbidden_edge,23,False,False,coupling_graph,coupling_graph,True,False,False,True,8e25b6976b4da2cf618058e79236133849eae6097656b590d1bc33ada7844883,0.078160750,every routed CNOT uses an allowed edge
invalid-forbidden_edge-0024,forbidden_edge,24,False,False,coupling_graph,coupling_graph,True,False,False,True,8ccec2ba2d864ee5f304550661aa6d326fcda7d4001b5defe690a1c4e707065a,0.078447666,every routed CNOT uses an allowed edge
invalid-forbidden_edge-0025,forbidden_edge,25,False,False,coupling_graph,coupling_graph,True,False,False,True,85ae4b4c3f82a73d7fd564acd1c6d797e651a8d276b46d16312951fc6a5f5a55,0.076500125,every routed CNOT uses an allowed edge
invalid-forbidden_edge-0026,forbidden_edge,26,False,False,coupling_graph,coupling_graph,True,False,False,True,85d349cac9e4e81872506a01f16e988aa49d2cb9be867f9bfbbd08a36f2df115,0.079402584,every routed CNOT uses an allowed edge
invalid-forbidden_edge-0027,forbidden_edge,27,False,False,coupling_graph,coupling_graph,True,False,False,True,88c2f800051d427f092bb48d926d28820dbdb9c773af59f4b4c4035b5d6e4813,0.078116041,every routed CNOT uses an allowed edge
invalid-forbidden_edge-0028,forbidden_edge,28,False,False,coupling_graph,coupling_graph,True,False,False,True,b4b9e9fe936a7b79d75b17e94eacaaa5596179c6573243f725e2693a53d445e1,0.076575958,every routed CNOT uses an allowed edge
invalid-forbidden_edge-0029,forbidden_edge,29,False,False,coupling_graph,coupling_graph,True,False,False,True,05a4d39b878842f3c5d4eff39c87ccc208b6f9fcff9d2a7fc885b15b7187a535,0.077364625,every routed CNOT uses an allowed edge
invalid-forbidden_edge-0030,forbidden_edge,30,False,False,coupling_graph,coupling_graph,True,False,False,True,386d01d64515a1631fb2c42ab4a155dbd77405c32a806e87271eb1e3a0265c16,0.078494459,every routed CNOT uses an allowed edge
invalid-forbidden_edge-0031,forbidden_edge,31,False,False,coupling_graph,coupling_graph,True,False,False,True,3026ea29f30cd5e9830c63c5cbe02bbbf437b7408ef43fe9d85eec48b6374818,0.077135083,every routed CNOT uses an allowed edge
invalid-forbidden_edge-0032,forbidden_edge,32,False,False,coupling_graph,coupling_graph,True,False,False,True,4a001042f6c89a53fd7053117b55a26854eb64737d31784789186fb45ef9d09b,0.077170417,every routed CNOT uses an allowed edge
invalid-forbidden_edge-0033,forbidden_edge,33,False,False,coupling_graph,coupling_graph,True,False,False,True,afe62c92ef527f6923d23d5e8496238f6ab4854973794107aa7b2a1649227849,0.076507666,every routed CNOT uses an allowed edge
invalid-forbidden_edge-0034,forbidden_edge,34,False,False,coupling_graph,coupling_graph,True,False,False,True,fd7f9739922519d9f2f8111d1be35f6c98ec7a57370dc33de806824d6f1e49f0,0.078147041,every routed CNOT uses an allowed edge
invalid-forbidden_edge-0035,forbidden_edge,35,False,False,coupling_graph,coupling_graph,True,False,False,True,4fc08a02a2b48e22d2755bebee133cd06858ea4ed33d9f7725f8e6b2e79b252e,0.078116958,every routed CNOT uses an allowed edge
invalid-forbidden_edge-0036,forbidden_edge,36,False,False,coupling_graph,coupling_graph,True,False,False,True,cc46247e9c3420fc8bf0cb72aedd6f970c6f48048f6a0a68e7647eafec69025a,0.075067833,every routed CNOT uses an allowed edge
invalid-forbidden_edge-0037,forbidden_edge,37,False,False,coupling_graph,coupling_graph,True,False,False,True,6925648f2378219790413fd70964e0aafb95ebddcb6fd600d1446ad38c7faf36,0.078219250,every routed CNOT uses an allowed edge
invalid-forbidden_edge-0038,forbidden_edge,38,False,False,coupling_graph,coupling_graph,True,False,False,True,2d494383a4c521bde4d04a9d1abda9aead6567fb63ba1512e176b0474e54d1da,0.077313833,every routed CNOT uses an allowed edge
invalid-forbidden_edge-0039,forbidden_edge,39,False,False,coupling_graph,coupling_graph,True,False,False,True,b4f346b5a63109da4011e80d030bc7863d9aee5aa2dec0e737eb84a109115f99,0.076646167,every routed CNOT uses an allowed edge
invalid-forbidden_edge-0040,forbidden_edge,40,False,False,coupling_graph,coupling_graph,True,False,False,True,71a246679669cc9e440672168c4b47e29f386ef47623ffc45368475017493143,0.078364917,every routed CNOT uses an allowed edge
invalid-forbidden_edge-0041,forbidden_edge,41,False,False,coupling_graph,coupling_graph,True,False,False,True,b90e20a20171250beff7301710ce758505508b8ec5cb2d7e76adc95cb39f5ae3,0.075380583,every routed CNOT uses an allowed edge
invalid-forbidden_edge-0042,forbidden_edge,42,False,False,coupling_graph,coupling_graph,True,False,False,True,cc46247e9c3420fc8bf0cb72aedd6f970c6f48048f6a0a68e7647eafec69025a,0.077051500,every routed CNOT uses an allowed edge
invalid-forbidden_edge-0043,forbidden_edge,43,False,False,coupling_graph,coupling_graph,True,False,False,True,b4f346b5a63109da4011e80d030bc7863d9aee5aa2dec0e737eb84a109115f99,0.076722916,every routed CNOT uses an allowed edge
invalid-forbidden_edge-0044,forbidden_edge,44,False,False,coupling_graph,coupling_graph,True,False,False,True,cc46247e9c3420fc8bf0cb72aedd6f970c6f48048f6a0a68e7647eafec69025a,0.075907084,every routed CNOT uses an allowed edge
invalid-forbidden_edge-0045,forbidden_edge,45,False,False,coupling_graph,coupling_graph,True,False,False,True,35d76fedefb19fda2a1c9104ec147f7fa167f53ae4603690328d9538fc2fd885,0.077756791,every routed CNOT uses an allowed edge
invalid-forbidden_edge-0046,forbidden_edge,46,False,False,coupling_graph,coupling_graph,True,False,False,True,58079b93c8205a261cda1b8c4811fc13e09027900c4719703e1ee38422310bb9,0.077642000,every routed CNOT uses an allowed edge
invalid-forbidden_edge-0047,forbidden_edge,47,False,False,coupling_graph,coupling_graph,True,False,False,True,22c9009c492074cb1ce4dff5ad9682d91418386ba09f82ede47f318f3be25f92,0.078073250,every routed CNOT uses an allowed edge
invalid-forbidden_edge-0048,forbidden_edge,48,False,False,coupling_graph,coupling_graph,True,False,False,True,2145735e0d8dc376dc1badc5d79698a7f1135f44f0314973163896527d166db3,0.078059916,every routed CNOT uses an allowed edge
invalid-forbidden_edge-0049,forbidden_edge,49,False,False,coupling_graph,coupling_graph,True,False,False,True,d157eb5c3eca1ea61e2ed2ada02ef6c45daceb914d55201370fd609a0f64545d,0.077023875,every routed CNOT uses an allowed edge
invalid-forbidden_edge-0050,forbidden_edge,50,False,False,coupling_graph,coupling_graph,True,False,False,True,b49d8922a840054f739940c6030bc95b40b32f880ad420359738641d69d9482f,0.077841916,every routed CNOT uses an allowed edge
invalid-forbidden_edge-0051,forbidden_edge,51,False,False,coupling_graph,coupling_graph,True,False,False,True,b5e3e6e0c2e2ae95e3a0ff9ceb67cb8ddcf65c4106510d9e8e7b6e6a2729d314,0.076556708,every routed CNOT uses an allowed edge
invalid-forbidden_edge-0052,forbidden_edge,52,False,False,coupling_graph,coupling_graph,True,False,False,True,75936f56acc0b81a2ea8eec6b7e8f450b79d8105b3aa9484b82e1e7971e38e2a,0.076367250,every routed CNOT uses an allowed edge
invalid-forbidden_edge-0053,forbidden_edge,53,False,False,coupling_graph,coupling_graph,True,False,False,True,b90e20a20171250beff7301710ce758505508b8ec5cb2d7e76adc95cb39f5ae3,0.075621708,every routed CNOT uses an allowed edge
invalid-forbidden_edge-0054,forbidden_edge,54,False,False,coupling_graph,coupling_graph,True,False,False,True,11a4ebfcb6b2380eb5de4ffcf558bd14041b041387e38cb4068d8c6fbff3dc71,0.078299125,every routed CNOT uses an allowed edge
invalid-forbidden_edge-0055,forbidden_edge,55,False,False,coupling_graph,coupling_graph,True,False,False,True,01d258f12e0f1dacf12f0e8bb415173581b542d56d8bc3031dfcfdbd7c7b759a,0.076937625,every routed CNOT uses an allowed edge
invalid-forbidden_edge-0056,forbidden_edge,56,False,False,coupling_graph,coupling_graph,True,False,False,True,cc46247e9c3420fc8bf0cb72aedd6f970c6f48048f6a0a68e7647eafec69025a,0.075353291,every routed CNOT uses an allowed edge
invalid-forbidden_edge-0057,forbidden_edge,57,False,False,coupling_graph,coupling_graph,True,False,False,True,425fc19d816640fa52fb3bf806929b9cee48a1ec493b417a7cda57ba417dea07,0.078528709,every routed CNOT uses an allowed edge
invalid-forbidden_edge-0058,forbidden_edge,58,False,False,coupling_graph,coupling_graph,True,False,False,True,c23755fc63ae1a029b8b2592c45e138e964fc42097b7001e0cb37a7ec86f36a7,0.076484417,every routed CNOT uses an allowed edge
invalid-forbidden_edge-0059,forbidden_edge,59,False,False,coupling_graph,coupling_graph,True,False,False,True,c585af7aa114f81868edb2e9c0fd337ba0f9d70373f330e791a710211062374e,0.077887167,every routed CNOT uses an allowed edge
invalid-forbidden_edge-0060,forbidden_edge,60,False,False,coupling_graph,coupling_graph,True,False,False,True,1ef26d5c1e394bc501b2011609232500b188c4ec96302f01513bf1be9506c1a5,0.077620042,every routed CNOT uses an allowed edge
invalid-forbidden_edge-0061,forbidden_edge,61,False,False,coupling_graph,coupling_graph,True,False,False,True,8b72268ee522f9073007560c7ca0a7f8b7724cbe979701df275890030d3eeefd,0.078045041,every routed CNOT uses an allowed edge
invalid-forbidden_edge-0062,forbidden_edge,62,False,False,coupling_graph,coupling_graph,True,False,False,True,7d69554a236a94c65750107e6bdafb4562d7b7bc6ef399ba63e4aa0d04367ee1,0.076640250,every routed CNOT uses an allowed edge
invalid-forbidden_edge-0063,forbidden_edge,63,False,False,coupling_graph,coupling_graph,True,False,False,True,4a0d0abe77219fe18e6589338295dbbac642ccc545bd56c54b0c2841a53bb454,0.076842333,every routed CNOT uses an allowed edge
invalid-forbidden_edge-0064,forbidden_edge,64,False,False,coupling_graph,coupling_graph,True,False,False,True,57ea7000ba25994611dacc6889b072e67f743d70624700325ad0eaaf3a46ad03,0.077558250,every routed CNOT uses an allowed edge
invalid-forbidden_edge-0065,forbidden_edge,65,False,False,coupling_graph,coupling_graph,True,False,False,True,4485d90e19176f2432865ff18912902553a4e24d7388b5740d274bbebdbaec4f,0.075439250,every routed CNOT uses an allowed edge
invalid-forbidden_edge-0066,forbidden_edge,66,False,False,coupling_graph,coupling_graph,True,False,False,True,85e1c66a12259b572d77c965cd308a8007ad2c545bf088496acae74318a51334,0.076598375,every routed CNOT uses an allowed edge
invalid-forbidden_edge-0067,forbidden_edge,67,False,False,coupling_graph,coupling_graph,True,False,False,True,9fcdf8aec59e0776d72714288ec6ea615163946ea5379a0b23c3dbee76105996,0.078173125,every routed CNOT uses an allowed edge
invalid-forbidden_edge-0068,forbidden_edge,68,False,False,coupling_graph,coupling_graph,True,False,False,True,7287b3880e09ee9d8996a1013a4ed0b739bc12100d40625baf67abbeed2effc8,0.078007625,every routed CNOT uses an allowed edge
invalid-forbidden_edge-0069,forbidden_edge,69,False,False,coupling_graph,coupling_graph,True,False,False,True,b4f346b5a63109da4011e80d030bc7863d9aee5aa2dec0e737eb84a109115f99,0.076500041,every routed CNOT uses an allowed edge
invalid-forbidden_edge-0070,forbidden_edge,70,False,False,coupling_graph,coupling_graph,True,False,False,True,48155447874b95a1787d7deb2afb03b23b6baac8777e9e65dcb80ccfa9a7e731,0.077281625,every routed CNOT uses an allowed edge
invalid-forbidden_edge-0071,forbidden_edge,71,False,False,coupling_graph,coupling_graph,True,False,False,True,b90e20a20171250beff7301710ce758505508b8ec5cb2d7e76adc95cb39f5ae3,0.076818541,every routed CNOT uses an allowed edge
invalid-forbidden_edge-0072,forbidden_edge,72,False,False,coupling_graph,coupling_graph,True,False,False,True,c23755fc63ae1a029b8b2592c45e138e964fc42097b7001e0cb37a7ec86f36a7,0.077385833,every routed CNOT uses an allowed edge
invalid-forbidden_edge-0073,forbidden_edge,73,False,False,coupling_graph,coupling_graph,True,False,False,True,f5fee3746b5dfe7e7ea2d7a4fefeb9b6b4c9dc4bb1c51b15d124bea5db66d7cc,0.078740958,every routed CNOT uses an allowed edge
invalid-forbidden_edge-0074,forbidden_edge,74,False,False,coupling_graph,coupling_graph,True,False,False,True,c70d79f9c749056ba1fbca3afaa0f76fc9205b5774d8b9a0a7d89a67629b4b74,0.075412417,every routed CNOT uses an allowed edge
invalid-forbidden_edge-0075,forbidden_edge,75,False,False,coupling_graph,coupling_graph,True,False,False,True,551e0fcfb759d33b676270dd1afe134b5a869374d5cf79b206c1b5238ad49bd1,0.076364167,every routed CNOT uses an allowed edge
invalid-forbidden_edge-0076,forbidden_edge,76,False,False,coupling_graph,coupling_graph,True,False,False,True,d0ece06a2fd622c6d3f321f7cf14109f7449e1618f8edba5d1975af92ff33a0d,0.076229958,every routed CNOT uses an allowed edge
invalid-forbidden_edge-0077,forbidden_edge,77,False,False,coupling_graph,coupling_graph,True,False,False,True,cdb1e2c5db885ef5547a12f4509d9fc9ae7eecd9e3698d3b7e983b52fe9fd6c6,0.079762333,every routed CNOT uses an allowed edge
invalid-forbidden_edge-0078,forbidden_edge,78,False,False,coupling_graph,coupling_graph,True,False,False,True,9d16c134ad7508dd173465245a14c0cbca03ec830582ae4eb5dd7b915149089f,0.079922458,every routed CNOT uses an allowed edge
invalid-forbidden_edge-0079,forbidden_edge,79,False,False,coupling_graph,coupling_graph,True,False,False,True,b4f346b5a63109da4011e80d030bc7863d9aee5aa2dec0e737eb84a109115f99,0.075834167,every routed CNOT uses an allowed edge
invalid-forbidden_edge-0080,forbidden_edge,80,False,False,coupling_graph,coupling_graph,True,False,False,True,4a001042f6c89a53fd7053117b55a26854eb64737d31784789186fb45ef9d09b,0.075922292,every routed CNOT uses an allowed edge
invalid-forbidden_edge-0081,forbidden_edge,81,False,False,coupling_graph,coupling_graph,True,False,False,True,1b4082f6dd8bc9c392ed6c3d5a4e90407e4c54a11a2ce4f05758f0f81016c812,0.078324416,every routed CNOT uses an allowed edge
invalid-forbidden_edge-0082,forbidden_edge,82,False,False,coupling_graph,coupling_graph,True,False,False,True,f4b0908ef4cfe70e1db08d0e32e76b6dd30e44b98963899aed4034dd4b4601f9,0.077468667,every routed CNOT uses an allowed edge
invalid-forbidden_edge-0083,forbidden_edge,83,False,False,coupling_graph,coupling_graph,True,False,False,True,b7a78b84f4d7e0702e87bc36c1d0b90de8f0753ef56e6f45ecf5212432cf16d6,0.076952792,every routed CNOT uses an allowed edge
invalid-forbidden_edge-0084,forbidden_edge,84,False,False,coupling_graph,coupling_graph,True,False,False,True,f47a2b211858fdbcb08237ba4a29d4bdc01d5ab721f6ced233bf488931e4e050,0.079342416,every routed CNOT uses an allowed edge
invalid-forbidden_edge-0085,forbidden_edge,85,False,False,coupling_graph,coupling_graph,True,False,False,True,a1e27edb99bdc9f01b1b2822920f6a6e48ac1167b0c4b190f6043a0826c7a9ba,0.077499875,every routed CNOT uses an allowed edge
invalid-forbidden_edge-0086,forbidden_edge,86,False,False,coupling_graph,coupling_graph,True,False,False,True,62b574e61b1a30c7852a87ce180ae77ebd72723d030d00957340715ad5f7d5d1,0.078895166,every routed CNOT uses an allowed edge
invalid-forbidden_edge-0087,forbidden_edge,87,False,False,coupling_graph,coupling_graph,True,False,False,True,b390ee4bc3449556c3bcf226c94f42099243129ca959e8232384af98d8fa77cf,0.078362750,every routed CNOT uses an allowed edge
invalid-forbidden_edge-0088,forbidden_edge,88,False,False,coupling_graph,coupling_graph,True,False,False,True,c3067ad22828d1155418b1f0610dffcfdc71051df66ae1fb4c01e7563d8f78a4,0.076662083,every routed CNOT uses an allowed edge
invalid-forbidden_edge-0089,forbidden_edge,89,False,False,coupling_graph,coupling_graph,True,False,False,True,c816fb1f95000bd41a81b8fd18fb8fcf631cff294d9bb6681851874e69aa38ee,0.077029209,every routed CNOT uses an allowed edge
invalid-forbidden_edge-0090,forbidden_edge,90,False,False,coupling_graph,coupling_graph,True,False,False,True,b3fa418830587873356ea919104ef4c385e22d8eb1a71cdebd91644632fe960d,0.076699666,every routed CNOT uses an allowed edge
invalid-forbidden_edge-0091,forbidden_edge,91,False,False,coupling_graph,coupling_graph,True,False,False,True,5d35ede7165a20950f745a6b822979c8644fcda0e0c3d8938e7e462a02f60119,0.077905750,every routed CNOT uses an allowed edge
invalid-forbidden_edge-0092,forbidden_edge,92,False,False,coupling_graph,coupling_graph,True,False,False,True,c23755fc63ae1a029b8b2592c45e138e964fc42097b7001e0cb37a7ec86f36a7,0.076325250,every routed CNOT uses an allowed edge
invalid-forbidden_edge-0093,forbidden_edge,93,False,False,coupling_graph,coupling_graph,True,False,False,True,58b101c6c43790b4aa97cf495050d5376e4404eb9d8ac4ba4f3934c0fd091c6d,0.078668625,every routed CNOT uses an allowed edge
invalid-forbidden_edge-0094,forbidden_edge,94,False,False,coupling_graph,coupling_graph,True,False,False,True,fd23e57bf15b2279fcc5a74a4ee2649d3dfd96320ef1def5130406c62ca12ba4,0.078338916,every routed CNOT uses an allowed edge
invalid-forbidden_edge-0095,forbidden_edge,95,False,False,coupling_graph,coupling_graph,True,False,False,True,53148cd2d3c237cd64e92920232773f814bb3de568430ea9b032b354595c5b0c,0.078362417,every routed CNOT uses an allowed edge
invalid-forbidden_edge-0096,forbidden_edge,96,False,False,coupling_graph,coupling_graph,True,False,False,True,8ddca4d02c1160bbf18e47cc3ab015b256411321fec99665447c1c0cc14af29f,0.077872875,every routed CNOT uses an allowed edge
invalid-forbidden_edge-0097,forbidden_edge,97,False,False,coupling_graph,coupling_graph,True,False,False,True,afe62c92ef527f6923d23d5e8496238f6ab4854973794107aa7b2a1649227849,0.076573375,every routed CNOT uses an allowed edge
invalid-forbidden_edge-0098,forbidden_edge,98,False,False,coupling_graph,coupling_graph,True,False,False,True,4485d90e19176f2432865ff18912902553a4e24d7388b5740d274bbebdbaec4f,0.076210250,every routed CNOT uses an allowed edge
invalid-forbidden_edge-0099,forbidden_edge,99,False,False,coupling_graph,coupling_graph,True,False,False,True,e2de9734d952dd9f45b82cf4bc2db6f00228528781b0e6d789b7c49f1bc4af7b,0.076286333,every routed CNOT uses an allowed edge
invalid-observable_resource-0000,observable_resource,0,False,False,observable_resource_accounting,observable_resource_accounting,True,False,False,True,31c8c46771b1895048e0f84de5c0a492a8e33f04c8465ef2a6d6cd30bcb5a1c8,0.076430209,"recomputed observable resources=(12, 46, 14, 62, 0), declared=(13, 46, 14, 62, 0); movement/restoration SWAP claims are not certified"
invalid-observable_resource-0001,observable_resource,1,False,False,observable_resource_accounting,observable_resource_accounting,True,False,False,True,c99e990d3629e842dab86bce5ce7cd8914bec383fda2ea9f16f38479796f375e,0.075140958,"recomputed observable resources=(12, 46, 14, 62, 0), declared=(12, 48, 14, 62, 0); movement/restoration SWAP claims are not certified"
invalid-observable_resource-0002,observable_resource,2,False,False,observable_resource_accounting,observable_resource_accounting,True,False,False,True,ded99595b02937c22752bea8fb28987266f7f4f2282e9e71ad7afb2662f78a2f,0.076294667,"recomputed observable resources=(12, 46, 14, 62, 0), declared=(12, 46, 17, 62, 0); movement/restoration SWAP claims are not certified"
invalid-observable_resource-0003,observable_resource,3,False,False,observable_resource_accounting,observable_resource_accounting,True,False,False,True,38e96e60b661244060df8ff85df1b163215a7184214b3f1ec13ffa6b3657b004,0.077041458,"recomputed observable resources=(12, 46, 14, 62, 0), declared=(12, 46, 14, 66, 0); movement/restoration SWAP claims are not certified"
invalid-observable_resource-0004,observable_resource,4,False,False,observable_resource_accounting,observable_resource_accounting,True,False,False,True,c29512e486cb4665cf5fc3c308757f6e26fdc853bdac8fd3b2a856792be1b487,0.075497708,"recomputed observable resources=(12, 46, 14, 62, 0), declared=(12, 46, 14, 62, 5); movement/restoration SWAP claims are not certified"
invalid-observable_resource-0005,observable_resource,5,False,False,observable_resource_accounting,observable_resource_accounting,True,False,False,True,0214c97595dca52e89c1ec30809d630c90623137a564c93d04e98d7dca107bd6,0.075686208,"recomputed observable resources=(12, 46, 14, 62, 0), declared=(18, 46, 14, 62, 0); movement/restoration SWAP claims are not certified"
invalid-observable_resource-0006,observable_resource,6,False,False,observable_resource_accounting,observable_resource_accounting,True,False,False,True,52381257caf32c911f95dc416c8eb04b7159c8928f90eb87b707273ae64da238,0.075568916,"recomputed observable resources=(12, 46, 14, 62, 0), declared=(12, 53, 14, 62, 0); movement/restoration SWAP claims are not certified"
invalid-observable_resource-0007,observable_resource,7,False,False,observable_resource_accounting,observable_resource_accounting,True,False,False,True,0c1221e7e9e4c797376108b4cc5efd32c62f355f1655400c91a8f47c05d740e4,0.076168500,"recomputed observable resources=(12, 46, 14, 62, 0), declared=(12, 46, 22, 62, 0); movement/restoration SWAP claims are not certified"
invalid-observable_resource-0008,observable_resource,8,False,False,observable_resource_accounting,observable_resource_accounting,True,False,False,True,b614936533533004f0a7179f61c46d98a729483882bcfb868635b5355788f95e,0.074872958,"recomputed observable resources=(12, 46, 14, 62, 0), declared=(12, 46, 14, 71, 0); movement/restoration SWAP claims are not certified"
invalid-observable_resource-0009,observable_resource,9,False,False,observable_resource_accounting,observable_resource_accounting,True,False,False,True,c08da354471013e0f1a79bc5d340dd2ef3a02a3c99cfe161ff7f2c756b37c7f3,0.076346417,"recomputed observable resources=(12, 46, 14, 62, 0), declared=(12, 46, 14, 62, 10); movement/restoration SWAP claims are not certified"
invalid-observable_resource-0010,observable_resource,10,False,False,observable_resource_accounting,observable_resource_accounting,True,False,False,True,4130b8c8ae831ca092aaa7dab4d4f487b15e24bb1fcb7701e4f1af71f2eb7e84,0.075537000,"recomputed observable resources=(12, 46, 14, 62, 0), declared=(23, 46, 14, 62, 0); movement/restoration SWAP claims are not certified"
invalid-observable_resource-0011,observable_resource,11,False,False,observable_resource_accounting,observable_resource_accounting,True,False,False,True,e801a3c4835783c5014aff54b5bff30e302caf6cee4bcafe7060cafe882a7ffc,0.076013750,"recomputed observable resources=(12, 46, 14, 62, 0), declared=(12, 58, 14, 62, 0); movement/restoration SWAP claims are not certified"
invalid-observable_resource-0012,observable_resource,12,False,False,observable_resource_accounting,observable_resource_accounting,True,False,False,True,b54491733c3c8a0475d371a8bc6d5c29e530fc806e558c401a724352b5f683c5,0.075982750,"recomputed observable resources=(12, 46, 14, 62, 0), declared=(12, 46, 27, 62, 0); movement/restoration SWAP claims are not certified"
invalid-observable_resource-0013,observable_resource,13,False,False,observable_resource_accounting,observable_resource_accounting,True,False,False,True,0fc9d0c838fde3e488ab396d01990381fd64890fc79043a241b7b6f77bfbf453,0.076056250,"recomputed observable resources=(12, 46, 14, 62, 0), declared=(12, 46, 14, 76, 0); movement/restoration SWAP claims are not certified"
invalid-observable_resource-0014,observable_resource,14,False,False,observable_resource_accounting,observable_resource_accounting,True,False,False,True,8da3700b9b41cad91df1660fe0d181c39574779c1c8bdce6f572915c8166ce01,0.075990167,"recomputed observable resources=(12, 46, 14, 62, 0), declared=(12, 46, 14, 62, 15); movement/restoration SWAP claims are not certified"
invalid-observable_resource-0015,observable_resource,15,False,False,observable_resource_accounting,observable_resource_accounting,True,False,False,True,5f48829d9453ecf1d52d20df037bf377f333c1e12e09051ec59bf1bb0d738a39,0.075304542,"recomputed observable resources=(12, 46, 14, 62, 0), declared=(28, 46, 14, 62, 0); movement/restoration SWAP claims are not certified"
invalid-observable_resource-0016,observable_resource,16,False,False,observable_resource_accounting,observable_resource_accounting,True,False,False,True,3dc620beeeb6696fdbdc895e1f8d5407dbe81074b995f40e1b9b8fae9baef73b,0.075838709,"recomputed observable resources=(12, 46, 14, 62, 0), declared=(12, 63, 14, 62, 0); movement/restoration SWAP claims are not certified"
invalid-observable_resource-0017,observable_resource,17,False,False,observable_resource_accounting,observable_resource_accounting,True,False,False,True,b545cf0f4698756973bf0ab847f600d26709d077c3954efcdf2ee43021cdc28a,0.076101541,"recomputed observable resources=(12, 46, 14, 62, 0), declared=(12, 46, 32, 62, 0); movement/restoration SWAP claims are not certified"
invalid-observable_resource-0018,observable_resource,18,False,False,observable_resource_accounting,observable_resource_accounting,True,False,False,True,d58d3122cc7882351368d0999c18c096c83c90eb2afc8b87d92cb3225776a33b,0.075784166,"recomputed observable resources=(12, 46, 14, 62, 0), declared=(12, 46, 14, 81, 0); movement/restoration SWAP claims are not certified"
invalid-observable_resource-0019,observable_resource,19,False,False,observable_resource_accounting,observable_resource_accounting,True,False,False,True,75338a6e496ade6b0c18e0565a7720f0a4f0aa208b6ad891776c50f0383deea7,0.076192958,"recomputed observable resources=(12, 46, 14, 62, 0), declared=(12, 46, 14, 62, 20); movement/restoration SWAP claims are not certified"
invalid-observable_resource-0020,observable_resource,20,False,False,observable_resource_accounting,observable_resource_accounting,True,False,False,True,17656c22658a660ea132672db7230c7d4579b684bf129d54bc252b2b08347d3c,0.076423708,"recomputed observable resources=(12, 46, 14, 62, 0), declared=(33, 46, 14, 62, 0); movement/restoration SWAP claims are not certified"
invalid-observable_resource-0021,observable_resource,21,False,False,observable_resource_accounting,observable_resource_accounting,True,False,False,True,6c545904f2f1d7ca94007c4e06a62de42809fd8be86568d9f5996bf37f1d8515,0.077145583,"recomputed observable resources=(12, 46, 14, 62, 0), declared=(12, 68, 14, 62, 0); movement/restoration SWAP claims are not certified"
invalid-observable_resource-0022,observable_resource,22,False,False,observable_resource_accounting,observable_resource_accounting,True,False,False,True,42967396b291b59e8fe8caa09706f90089224393ef97723093df89781fb816e7,0.075688083,"recomputed observable resources=(12, 46, 14, 62, 0), declared=(12, 46, 37, 62, 0); movement/restoration SWAP claims are not certified"
invalid-observable_resource-0023,observable_resource,23,False,False,observable_resource_accounting,observable_resource_accounting,True,False,False,True,984b2b8c44ad115f5e4cdbb467e416e8f2cff4382ada52e7d0f089c69828d081,0.076334708,"recomputed observable resources=(12, 46, 14, 62, 0), declared=(12, 46, 14, 86, 0); movement/restoration SWAP claims are not certified"
invalid-observable_resource-0024,observable_resource,24,False,False,observable_resource_accounting,observable_resource_accounting,True,False,False,True,e30bd130189fb3df9e9c29592af23635d070fdae8118a3711e96488cf2febe2a,0.076014500,"recomputed observable resources=(12, 46, 14, 62, 0), declared=(12, 46, 14, 62, 25); movement/restoration SWAP claims are not certified"
invalid-observable_resource-0025,observable_resource,25,False,False,observable_resource_accounting,observable_resource_accounting,True,False,False,True,5a43d943b5fa016cb005a780423be16857194c5979361cce5ccbe99c16cc4f51,0.075790792,"recomputed observable resources=(12, 46, 14, 62, 0), declared=(38, 46, 14, 62, 0); movement/restoration SWAP claims are not certified"
invalid-observable_resource-0026,observable_resource,26,False,False,observable_resource_accounting,observable_resource_accounting,True,False,False,True,92dcac838fd809adf27f260273242bc8fe600aae237b1b8f72582c8271dc863d,0.076417250,"recomputed observable resources=(12, 46, 14, 62, 0), declared=(12, 73, 14, 62, 0); movement/restoration SWAP claims are not certified"
invalid-observable_resource-0027,observable_resource,27,False,False,observable_resource_accounting,observable_resource_accounting,True,False,False,True,f6b85dc0e5e3aa3ba273875236445c49e59a398de83950cbc4f1ed82de2e851a,0.075279459,"recomputed observable resources=(12, 46, 14, 62, 0), declared=(12, 46, 42, 62, 0); movement/restoration SWAP claims are not certified"
invalid-observable_resource-0028,observable_resource,28,False,False,observable_resource_accounting,observable_resource_accounting,True,False,False,True,7592d68ef0c26e55d497e429ad93fce15e7f8e27ea44e954d798ac4adc1af0a8,0.074781542,"recomputed observable resources=(12, 46, 14, 62, 0), declared=(12, 46, 14, 91, 0); movement/restoration SWAP claims are not certified"
invalid-observable_resource-0029,observable_resource,29,False,False,observable_resource_accounting,observable_resource_accounting,True,False,False,True,06356f298e38c194dd93af06b9eec16ef062b44d946a1bcfc00a738fa1599a2d,0.075245083,"recomputed observable resources=(12, 46, 14, 62, 0), declared=(12, 46, 14, 62, 30); movement/restoration SWAP claims are not certified"
invalid-observable_resource-0030,observable_resource,30,False,False,observable_resource_accounting,observable_resource_accounting,True,False,False,True,f83f00bdc80e0169aa92ee7151a2ac96ece79137860d652f89adfd7eeed68b17,0.076667625,"recomputed observable resources=(12, 46, 14, 62, 0), declared=(43, 46, 14, 62, 0); movement/restoration SWAP claims are not certified"
invalid-observable_resource-0031,observable_resource,31,False,False,observable_resource_accounting,observable_resource_accounting,True,False,False,True,9ed2c5ac94d17b93c30159d8d7c15bcac75a69c044b1d8ef9d56cd91990c1f5a,0.075932875,"recomputed observable resources=(12, 46, 14, 62, 0), declared=(12, 78, 14, 62, 0); movement/restoration SWAP claims are not certified"
invalid-observable_resource-0032,observable_resource,32,False,False,observable_resource_accounting,observable_resource_accounting,True,False,False,True,cda22dce38afeed325256fece56636f17e6a5051f7bf1060204112afd5f1719d,0.075373166,"recomputed observable resources=(12, 46, 14, 62, 0), declared=(12, 46, 47, 62, 0); movement/restoration SWAP claims are not certified"
invalid-observable_resource-0033,observable_resource,33,False,False,observable_resource_accounting,observable_resource_accounting,True,False,False,True,1940701503a1932fc938ded23b247f1009c55b7d44e071e3409e3553e8ae84ee,0.075352500,"recomputed observable resources=(12, 46, 14, 62, 0), declared=(12, 46, 14, 96, 0); movement/restoration SWAP claims are not certified"
invalid-observable_resource-0034,observable_resource,34,False,False,observable_resource_accounting,observable_resource_accounting,True,False,False,True,c5f267e0faf44eb2480673bafbe633acf385fec99a300e1479bc3b8137b7b486,0.076031167,"recomputed observable resources=(12, 46, 14, 62, 0), declared=(12, 46, 14, 62, 35); movement/restoration SWAP claims are not certified"
invalid-observable_resource-0035,observable_resource,35,False,False,observable_resource_accounting,observable_resource_accounting,True,False,False,True,c1248e7e21c73989e89e17b1fb43f70cc40dac5abe350d82c60c2cab3f607edf,0.077274750,"recomputed observable resources=(12, 46, 14, 62, 0), declared=(48, 46, 14, 62, 0); movement/restoration SWAP claims are not certified"
invalid-observable_resource-0036,observable_resource,36,False,False,observable_resource_accounting,observable_resource_accounting,True,False,False,True,7d0383c60dd18cf0eca8168e3cfb80af6ed8406467b6d2693a11caacfbab7183,0.076193458,"recomputed observable resources=(12, 46, 14, 62, 0), declared=(12, 83, 14, 62, 0); movement/restoration SWAP claims are not certified"
invalid-observable_resource-0037,observable_resource,37,False,False,observable_resource_accounting,observable_resource_accounting,True,False,False,True,eb442044ab1c97babd038eeb28db3605f588ceccec4be9a348e684e0da10c26e,0.076026875,"recomputed observable resources=(12, 46, 14, 62, 0), declared=(12, 46, 52, 62, 0); movement/restoration SWAP claims are not certified"
invalid-observable_resource-0038,observable_resource,38,False,False,observable_resource_accounting,observable_resource_accounting,True,False,False,True,917dee81ca77a13e82c6b8053e113fd0a904360814427d1ab98f394c540d5bb8,0.075612292,"recomputed observable resources=(12, 46, 14, 62, 0), declared=(12, 46, 14, 101, 0); movement/restoration SWAP claims are not certified"
invalid-observable_resource-0039,observable_resource,39,False,False,observable_resource_accounting,observable_resource_accounting,True,False,False,True,c856d7a18e130c0d5c5716a75b688e0d4743b5a21da1353ddc392fef1ed258d4,0.075974584,"recomputed observable resources=(12, 46, 14, 62, 0), declared=(12, 46, 14, 62, 40); movement/restoration SWAP claims are not certified"
invalid-observable_resource-0040,observable_resource,40,False,False,observable_resource_accounting,observable_resource_accounting,True,False,False,True,b8b8bcd7f310adce51a3d5bf930d50e169c8e68bfe51b85fe724160e89a17467,0.076330042,"recomputed observable resources=(12, 46, 14, 62, 0), declared=(53, 46, 14, 62, 0); movement/restoration SWAP claims are not certified"
invalid-observable_resource-0041,observable_resource,41,False,False,observable_resource_accounting,observable_resource_accounting,True,False,False,True,62ee853d41684517bcc95af07353bb40063476d5065aec62ed90d47b46608426,0.074837334,"recomputed observable resources=(12, 46, 14, 62, 0), declared=(12, 88, 14, 62, 0); movement/restoration SWAP claims are not certified"
invalid-observable_resource-0042,observable_resource,42,False,False,observable_resource_accounting,observable_resource_accounting,True,False,False,True,090d7ee11e5caa9dd02b5c738c960c45ea17faa10613692fff62fccfb6280acf,0.075393333,"recomputed observable resources=(12, 46, 14, 62, 0), declared=(12, 46, 57, 62, 0); movement/restoration SWAP claims are not certified"
invalid-observable_resource-0043,observable_resource,43,False,False,observable_resource_accounting,observable_resource_accounting,True,False,False,True,ab9418e29fc7cfebd4ed410c64501bf96d607bcc672c0fce24ba47d1c52da521,0.077387792,"recomputed observable resources=(12, 46, 14, 62, 0), declared=(12, 46, 14, 106, 0); movement/restoration SWAP claims are not certified"
invalid-observable_resource-0044,observable_resource,44,False,False,observable_resource_accounting,observable_resource_accounting,True,False,False,True,7859bec38b419c13b9c349ed66d4e87c758a00a73a0976a70d391356c776ca5b,0.077798667,"recomputed observable resources=(12, 46, 14, 62, 0), declared=(12, 46, 14, 62, 45); movement/restoration SWAP claims are not certified"
invalid-observable_resource-0045,observable_resource,45,False,False,observable_resource_accounting,observable_resource_accounting,True,False,False,True,cb1d660423b9365b710a2ea9907a85491a40c7effbd5ba1f2efe22cf62dab9b1,0.075460667,"recomputed observable resources=(12, 46, 14, 62, 0), declared=(58, 46, 14, 62, 0); movement/restoration SWAP claims are not certified"
invalid-observable_resource-0046,observable_resource,46,False,False,observable_resource_accounting,observable_resource_accounting,True,False,False,True,15f4d499d17d046d4da8bd61729f4b1f53e004ce5618a8ab407d74bc178d25f7,0.074558416,"recomputed observable resources=(12, 46, 14, 62, 0), declared=(12, 93, 14, 62, 0); movement/restoration SWAP claims are not certified"
invalid-observable_resource-0047,observable_resource,47,False,False,observable_resource_accounting,observable_resource_accounting,True,False,False,True,ef2508366167b3c20b549f83edb53a6136bcb90824df348057315f8e6fe9fd89,0.075117792,"recomputed observable resources=(12, 46, 14, 62, 0), declared=(12, 46, 62, 62, 0); movement/restoration SWAP claims are not certified"
invalid-observable_resource-0048,observable_resource,48,False,False,observable_resource_accounting,observable_resource_accounting,True,False,False,True,c7c99728e28e74a0129b6e68dfe892445ece01fb199cc7eb5856d53926319a5c,0.075614667,"recomputed observable resources=(12, 46, 14, 62, 0), declared=(12, 46, 14, 111, 0); movement/restoration SWAP claims are not certified"
invalid-observable_resource-0049,observable_resource,49,False,False,observable_resource_accounting,observable_resource_accounting,True,False,False,True,6818fc33f6bd252b8842c9490820309e4938611f47a4351b309022cd050a19a4,0.076317667,"recomputed observable resources=(12, 46, 14, 62, 0), declared=(12, 46, 14, 62, 50); movement/restoration SWAP claims are not certified"
invalid-observable_resource-0050,observable_resource,50,False,False,observable_resource_accounting,observable_resource_accounting,True,False,False,True,3857471d45bc89ec06e7d7ef95ee9d365cdd9f94aa9b5785910f26059db8d970,0.076539167,"recomputed observable resources=(12, 46, 14, 62, 0), declared=(63, 46, 14, 62, 0); movement/restoration SWAP claims are not certified"
invalid-observable_resource-0051,observable_resource,51,False,False,observable_resource_accounting,observable_resource_accounting,True,False,False,True,fbc89f4333f869b0f11c14d142d62799ce33f59c83497448b615cd8b5935f490,0.076566750,"recomputed observable resources=(12, 46, 14, 62, 0), declared=(12, 98, 14, 62, 0); movement/restoration SWAP claims are not certified"
invalid-observable_resource-0052,observable_resource,52,False,False,observable_resource_accounting,observable_resource_accounting,True,False,False,True,6d2cdbb115d7e41c2cdc9d9bfe32d0a67d1c97d84dfbdf594731dafde048e84b,0.075233792,"recomputed observable resources=(12, 46, 14, 62, 0), declared=(12, 46, 67, 62, 0); movement/restoration SWAP claims are not certified"
invalid-observable_resource-0053,observable_resource,53,False,False,observable_resource_accounting,observable_resource_accounting,True,False,False,True,0a164f17bd634a84bb41d3f13bda57a85d4895dba9bfaacc4601ef0703c1d519,0.075476833,"recomputed observable resources=(12, 46, 14, 62, 0), declared=(12, 46, 14, 116, 0); movement/restoration SWAP claims are not certified"
invalid-observable_resource-0054,observable_resource,54,False,False,observable_resource_accounting,observable_resource_accounting,True,False,False,True,603c821276b7da15e046bfcf7d830f72243a0c6714ec9f11a7bd29e4430bb6b1,0.076782709,"recomputed observable resources=(12, 46, 14, 62, 0), declared=(12, 46, 14, 62, 55); movement/restoration SWAP claims are not certified"
invalid-observable_resource-0055,observable_resource,55,False,False,observable_resource_accounting,observable_resource_accounting,True,False,False,True,d785e28688c8664a5ca3cece71fbe16a653d3f3dc6acdb99283f2e5272075870,0.075669458,"recomputed observable resources=(12, 46, 14, 62, 0), declared=(68, 46, 14, 62, 0); movement/restoration SWAP claims are not certified"
invalid-observable_resource-0056,observable_resource,56,False,False,observable_resource_accounting,observable_resource_accounting,True,False,False,True,3582adb3ee2af0190e9af407364c4c552f2c9bca6a44224fab039239acc75a27,0.075761208,"recomputed observable resources=(12, 46, 14, 62, 0), declared=(12, 103, 14, 62, 0); movement/restoration SWAP claims are not certified"
invalid-observable_resource-0057,observable_resource,57,False,False,observable_resource_accounting,observable_resource_accounting,True,False,False,True,883b64b342a63e75891891cbf7368679fb73349e60a7c80744deed47c7c13b23,0.076032709,"recomputed observable resources=(12, 46, 14, 62, 0), declared=(12, 46, 72, 62, 0); movement/restoration SWAP claims are not certified"
invalid-observable_resource-0058,observable_resource,58,False,False,observable_resource_accounting,observable_resource_accounting,True,False,False,True,695c156fc344eacde1ec3a2f1f2968a820cffcfc7d6d65f5ba70d06bbac8890b,0.075708875,"recomputed observable resources=(12, 46, 14, 62, 0), declared=(12, 46, 14, 121, 0); movement/restoration SWAP claims are not certified"
invalid-observable_resource-0059,observable_resource,59,False,False,observable_resource_accounting,observable_resource_accounting,True,False,False,True,90ef9f4a2f73399f0beb1e0687e0216fce0b25f9292037f7bb9ee1beb42144cd,0.075907167,"recomputed observable resources=(12, 46, 14, 62, 0), declared=(12, 46, 14, 62, 60); movement/restoration SWAP claims are not certified"
invalid-observable_resource-0060,observable_resource,60,False,False,observable_resource_accounting,observable_resource_accounting,True,False,False,True,1c2f8b1242a6d5baf4b71161e47f66f93be37e468bb9d506774a28c64e66bb90,0.075113584,"recomputed observable resources=(12, 46, 14, 62, 0), declared=(73, 46, 14, 62, 0); movement/restoration SWAP claims are not certified"
invalid-observable_resource-0061,observable_resource,61,False,False,observable_resource_accounting,observable_resource_accounting,True,False,False,True,37171c50ad1920d3a42d90810f79a7b89652ac64435bb146bebaec450d0aefcb,0.075601125,"recomputed observable resources=(12, 46, 14, 62, 0), declared=(12, 108, 14, 62, 0); movement/restoration SWAP claims are not certified"
invalid-observable_resource-0062,observable_resource,62,False,False,observable_resource_accounting,observable_resource_accounting,True,False,False,True,9c71df50280160105f90c7f0ea77e7f282dc8a1540425f67f0e734b28ec6893d,0.075476750,"recomputed observable resources=(12, 46, 14, 62, 0), declared=(12, 46, 77, 62, 0); movement/restoration SWAP claims are not certified"
invalid-observable_resource-0063,observable_resource,63,False,False,observable_resource_accounting,observable_resource_accounting,True,False,False,True,d8236f95bbcc86a46c3afd220b865ee0cf30261ce4b34b96cf120d315a9feb19,0.076527166,"recomputed observable resources=(12, 46, 14, 62, 0), declared=(12, 46, 14, 126, 0); movement/restoration SWAP claims are not certified"
invalid-observable_resource-0064,observable_resource,64,False,False,observable_resource_accounting,observable_resource_accounting,True,False,False,True,4b123a5e51b3a1bc514fb141713dd39a5b89b2e147e5e4ff55d3876e668a392e,0.075690458,"recomputed observable resources=(12, 46, 14, 62, 0), declared=(12, 46, 14, 62, 65); movement/restoration SWAP claims are not certified"
invalid-observable_resource-0065,observable_resource,65,False,False,observable_resource_accounting,observable_resource_accounting,True,False,False,True,e50f4d85604877551b5e187d6c645bafd10d0011fbc8c7e103a7e95256d6ac0b,0.076756375,"recomputed observable resources=(12, 46, 14, 62, 0), declared=(78, 46, 14, 62, 0); movement/restoration SWAP claims are not certified"
invalid-observable_resource-0066,observable_resource,66,False,False,observable_resource_accounting,observable_resource_accounting,True,False,False,True,7fb31fa84c016b111142635d31e389eb251871edb510b22b85be15aaf2ac4a13,0.075903542,"recomputed observable resources=(12, 46, 14, 62, 0), declared=(12, 113, 14, 62, 0); movement/restoration SWAP claims are not certified"
invalid-observable_resource-0067,observable_resource,67,False,False,observable_resource_accounting,observable_resource_accounting,True,False,False,True,71b50883f7068698ec442945a03e45123e96d0acdd81fcbf747b28223f523e59,0.076220708,"recomputed observable resources=(12, 46, 14, 62, 0), declared=(12, 46, 82, 62, 0); movement/restoration SWAP claims are not certified"
invalid-observable_resource-0068,observable_resource,68,False,False,observable_resource_accounting,observable_resource_accounting,True,False,False,True,18d350add8fcefd3fa2cfb5ab732e0ba827ef1327fb18ec21f252769988f9245,0.076690750,"recomputed observable resources=(12, 46, 14, 62, 0), declared=(12, 46, 14, 131, 0); movement/restoration SWAP claims are not certified"
invalid-observable_resource-0069,observable_resource,69,False,False,observable_resource_accounting,observable_resource_accounting,True,False,False,True,ee0a6d11fa28111e096f9f751363936e5b11403d236881462c1937af444e952c,0.075610500,"recomputed observable resources=(12, 46, 14, 62, 0), declared=(12, 46, 14, 62, 70); movement/restoration SWAP claims are not certified"
invalid-observable_resource-0070,observable_resource,70,False,False,observable_resource_accounting,observable_resource_accounting,True,False,False,True,c5ef4199d71da02bb7404c74ce223b24fb2bad9e2ae4c734ac29c3d5b7a3b71b,0.075781958,"recomputed observable resources=(12, 46, 14, 62, 0), declared=(83, 46, 14, 62, 0); movement/restoration SWAP claims are not certified"
invalid-observable_resource-0071,observable_resource,71,False,False,observable_resource_accounting,observable_resource_accounting,True,False,False,True,0cc24b4ae245650295fd942a18763e51d6dbef9199cf6ddd59df4313d26eca24,0.076293166,"recomputed observable resources=(12, 46, 14, 62, 0), declared=(12, 118, 14, 62, 0); movement/restoration SWAP claims are not certified"
invalid-observable_resource-0072,observable_resource,72,False,False,observable_resource_accounting,observable_resource_accounting,True,False,False,True,398495d7d6247b0a67253c4ee7b8c1359f893949cfb68351baf1847a65b57e37,0.076465625,"recomputed observable resources=(12, 46, 14, 62, 0), declared=(12, 46, 87, 62, 0); movement/restoration SWAP claims are not certified"
invalid-observable_resource-0073,observable_resource,73,False,False,observable_resource_accounting,observable_resource_accounting,True,False,False,True,aba746036b422e7d008cb54c9aced8c58f6d5426c5db2cbf27948d678a982488,0.076761250,"recomputed observable resources=(12, 46, 14, 62, 0), declared=(12, 46, 14, 136, 0); movement/restoration SWAP claims are not certified"
invalid-observable_resource-0074,observable_resource,74,False,False,observable_resource_accounting,observable_resource_accounting,True,False,False,True,4ef9754441f7e1fd1f383f72e69a262d0c189725277d58be7523ffd641061a24,0.076297791,"recomputed observable resources=(12, 46, 14, 62, 0), declared=(12, 46, 14, 62, 75); movement/restoration SWAP claims are not certified"
invalid-observable_resource-0075,observable_resource,75,False,False,observable_resource_accounting,observable_resource_accounting,True,False,False,True,f3f56caabe38b23d6f076b123c79a8b7ff7e7e29e3e8b85253bb79db0c3caf4a,0.076283000,"recomputed observable resources=(12, 46, 14, 62, 0), declared=(88, 46, 14, 62, 0); movement/restoration SWAP claims are not certified"
invalid-observable_resource-0076,observable_resource,76,False,False,observable_resource_accounting,observable_resource_accounting,True,False,False,True,2ff9424be4c41a590214ef0955626ea7e7e0c8a5ed5ece10f5cb10cabf1b6023,0.075110083,"recomputed observable resources=(12, 46, 14, 62, 0), declared=(12, 123, 14, 62, 0); movement/restoration SWAP claims are not certified"
invalid-observable_resource-0077,observable_resource,77,False,False,observable_resource_accounting,observable_resource_accounting,True,False,False,True,45f25b8c7c6f72df2bcde76e670cd5ccf8f983607686d63c757701b22f981803,0.077207291,"recomputed observable resources=(12, 46, 14, 62, 0), declared=(12, 46, 92, 62, 0); movement/restoration SWAP claims are not certified"
invalid-observable_resource-0078,observable_resource,78,False,False,observable_resource_accounting,observable_resource_accounting,True,False,False,True,a775f171034c9e1fb8f4148e8d5905fa28bb9187f555e1c810c6e8e9ccef0063,0.077072750,"recomputed observable resources=(12, 46, 14, 62, 0), declared=(12, 46, 14, 141, 0); movement/restoration SWAP claims are not certified"
invalid-observable_resource-0079,observable_resource,79,False,False,observable_resource_accounting,observable_resource_accounting,True,False,False,True,1c9b62520fa1a68c0ed6189d8ffdd22eab4e40602ab221341152223c0d87874e,0.076565792,"recomputed observable resources=(12, 46, 14, 62, 0), declared=(12, 46, 14, 62, 80); movement/restoration SWAP claims are not certified"
invalid-observable_resource-0080,observable_resource,80,False,False,observable_resource_accounting,observable_resource_accounting,True,False,False,True,7d70d0ebf90d138d8d4a5d5f06905fb2dadf4ba3af0c8005765f4a236b01af87,0.075578000,"recomputed observable resources=(12, 46, 14, 62, 0), declared=(93, 46, 14, 62, 0); movement/restoration SWAP claims are not certified"
invalid-observable_resource-0081,observable_resource,81,False,False,observable_resource_accounting,observable_resource_accounting,True,False,False,True,f1113bf93c3bfb1b28383b5b7fdf1ba53c675f875c395e3e45a63033789fb76e,0.077146042,"recomputed observable resources=(12, 46, 14, 62, 0), declared=(12, 128, 14, 62, 0); movement/restoration SWAP claims are not certified"
invalid-observable_resource-0082,observable_resource,82,False,False,observable_resource_accounting,observable_resource_accounting,True,False,False,True,1163a743a800873fdcabb3de9e7be19eae9639034dd530b84262268dbb43d7be,0.076265042,"recomputed observable resources=(12, 46, 14, 62, 0), declared=(12, 46, 97, 62, 0); movement/restoration SWAP claims are not certified"
invalid-observable_resource-0083,observable_resource,83,False,False,observable_resource_accounting,observable_resource_accounting,True,False,False,True,c55064b5809c82247283c9480c20d07be12c3e3fafc16792bc7633dd18b4fa27,0.074866166,"recomputed observable resources=(12, 46, 14, 62, 0), declared=(12, 46, 14, 146, 0); movement/restoration SWAP claims are not certified"
invalid-observable_resource-0084,observable_resource,84,False,False,observable_resource_accounting,observable_resource_accounting,True,False,False,True,0b476cc452b4beaa8ea63eff4513ae4fe67b3ff1015fad2de01f03a044262bd1,0.078091792,"recomputed observable resources=(12, 46, 14, 62, 0), declared=(12, 46, 14, 62, 85); movement/restoration SWAP claims are not certified"
invalid-observable_resource-0085,observable_resource,85,False,False,observable_resource_accounting,observable_resource_accounting,True,False,False,True,2aa28921e224f6277d086d79402c711802ac9b4bf4ee8dc08cb7a9b03f42b022,0.075551458,"recomputed observable resources=(12, 46, 14, 62, 0), declared=(98, 46, 14, 62, 0); movement/restoration SWAP claims are not certified"
invalid-observable_resource-0086,observable_resource,86,False,False,observable_resource_accounting,observable_resource_accounting,True,False,False,True,ecff36e2a7d92d2c4dd0886379e711bcf68bda15b2c32b36cdc7101d34bf5a22,0.075338375,"recomputed observable resources=(12, 46, 14, 62, 0), declared=(12, 133, 14, 62, 0); movement/restoration SWAP claims are not certified"
invalid-observable_resource-0087,observable_resource,87,False,False,observable_resource_accounting,observable_resource_accounting,True,False,False,True,035a07bc070b8032e43adc175a1edcd8e898766dca964b8138517cf77cc4c26c,0.075219709,"recomputed observable resources=(12, 46, 14, 62, 0), declared=(12, 46, 102, 62, 0); movement/restoration SWAP claims are not certified"
invalid-observable_resource-0088,observable_resource,88,False,False,observable_resource_accounting,observable_resource_accounting,True,False,False,True,6f7a52fde7138372b75d5069c7ae66c8d12347552bb44a09360f4f53c363e518,0.076060375,"recomputed observable resources=(12, 46, 14, 62, 0), declared=(12, 46, 14, 151, 0); movement/restoration SWAP claims are not certified"
invalid-observable_resource-0089,observable_resource,89,False,False,observable_resource_accounting,observable_resource_accounting,True,False,False,True,47978a87b7c2a0f487cbdaac97e6cc735f843cab38a27121b8aa95a12fc471fd,0.074458166,"recomputed observable resources=(12, 46, 14, 62, 0), declared=(12, 46, 14, 62, 90); movement/restoration SWAP claims are not certified"
invalid-observable_resource-0090,observable_resource,90,False,False,observable_resource_accounting,observable_resource_accounting,True,False,False,True,851d72269a60efde82d7a90897c043cac2f1972998311373ae85114955723b30,0.077239334,"recomputed observable resources=(12, 46, 14, 62, 0), declared=(103, 46, 14, 62, 0); movement/restoration SWAP claims are not certified"
invalid-observable_resource-0091,observable_resource,91,False,False,observable_resource_accounting,observable_resource_accounting,True,False,False,True,2f861d0866c5ec2927d62924e76e7e7278d1689b2399300cfa15bc9c9b4f608a,0.074880958,"recomputed observable resources=(12, 46, 14, 62, 0), declared=(12, 138, 14, 62, 0); movement/restoration SWAP claims are not certified"
invalid-observable_resource-0092,observable_resource,92,False,False,observable_resource_accounting,observable_resource_accounting,True,False,False,True,a396b37b8abd7288ff0f0310f54c0aaa69dae4780e0c8ad95966d7c5f99e8c55,0.075573875,"recomputed observable resources=(12, 46, 14, 62, 0), declared=(12, 46, 107, 62, 0); movement/restoration SWAP claims are not certified"
invalid-observable_resource-0093,observable_resource,93,False,False,observable_resource_accounting,observable_resource_accounting,True,False,False,True,292a8f16f59f6c4e3f847f153f4f1fb35d67096d3cc42f438febb9508aa11b59,0.080436791,"recomputed observable resources=(12, 46, 14, 62, 0), declared=(12, 46, 14, 156, 0); movement/restoration SWAP claims are not certified"
invalid-observable_resource-0094,observable_resource,94,False,False,observable_resource_accounting,observable_resource_accounting,True,False,False,True,356d825f4a5f986e5ec0fe167ab26b1b65898d20b52a311fc0327cf497ca1cf1,0.075782917,"recomputed observable resources=(12, 46, 14, 62, 0), declared=(12, 46, 14, 62, 95); movement/restoration SWAP claims are not certified"
invalid-observable_resource-0095,observable_resource,95,False,False,observable_resource_accounting,observable_resource_accounting,True,False,False,True,6db86503dad772f530c6897f14ea9934880132a4a087579cff55aca1f477c255,0.075965625,"recomputed observable resources=(12, 46, 14, 62, 0), declared=(108, 46, 14, 62, 0); movement/restoration SWAP claims are not certified"
invalid-observable_resource-0096,observable_resource,96,False,False,observable_resource_accounting,observable_resource_accounting,True,False,False,True,096fc1e5531d2083f2f66dcbc381f270edc2b7000ef1265dec7ade784518afab,0.075488791,"recomputed observable resources=(12, 46, 14, 62, 0), declared=(12, 143, 14, 62, 0); movement/restoration SWAP claims are not certified"
invalid-observable_resource-0097,observable_resource,97,False,False,observable_resource_accounting,observable_resource_accounting,True,False,False,True,5f521f656d8378cace9b9ed092d1dd26c3a9c1febb4f98e1594ddfaafcbcb7ac,0.075950375,"recomputed observable resources=(12, 46, 14, 62, 0), declared=(12, 46, 112, 62, 0); movement/restoration SWAP claims are not certified"
invalid-observable_resource-0098,observable_resource,98,False,False,observable_resource_accounting,observable_resource_accounting,True,False,False,True,5c806689a64277acf420632d081fee8864315eed424d5f8e51cec130528f7528,0.074815375,"recomputed observable resources=(12, 46, 14, 62, 0), declared=(12, 46, 14, 161, 0); movement/restoration SWAP claims are not certified"
invalid-observable_resource-0099,observable_resource,99,False,False,observable_resource_accounting,observable_resource_accounting,True,False,False,True,4f7faeae8b6b837f841faf7bdc4e6c1da237004a65de3d88b97585315f35185b,0.075183708,"recomputed observable resources=(12, 46, 14, 62, 0), declared=(12, 46, 14, 62, 100); movement/restoration SWAP claims are not certified"
invalid-final_order-0000,final_order,0,False,False,restored_final_order_declaration,restored_final_order_declaration,True,False,False,True,317bdb960c016171ad6356cf98a8942ae2fe17be11d9ac1c09dfbd1960c14b64,0.075635708,v1 channel-certified mode requires the normative restored wire order
invalid-final_order-0001,final_order,1,False,False,restored_final_order_declaration,restored_final_order_declaration,True,False,False,True,571aadb1624ca9cb452ffb9a8516abc0e92b54ba9086b7359a5e1d21839a2743,0.075097000,v1 channel-certified mode requires the normative restored wire order
invalid-final_order-0002,final_order,2,False,False,restored_final_order_declaration,restored_final_order_declaration,True,False,False,True,d4ec125d43ce8521a834f678047acb5fd25687e0c53fdaed6c22240ef087bf2b,0.076221375,v1 channel-certified mode requires the normative restored wire order
invalid-final_order-0003,final_order,3,False,False,restored_final_order_declaration,restored_final_order_declaration,True,False,False,True,1075d8fd7731cc025396d9342b3c05ceb65109e20fee74b2323283c887a220b3,0.076416041,v1 channel-certified mode requires the normative restored wire order
invalid-final_order-0004,final_order,4,False,False,restored_final_order_declaration,restored_final_order_declaration,True,False,False,True,3008f4f986b30683dcbeaf490c44f0a24e5961cdc050b0f902d793c32eb133f1,0.075159666,v1 channel-certified mode requires the normative restored wire order
invalid-final_order-0005,final_order,5,False,False,restored_final_order_declaration,restored_final_order_declaration,True,False,False,True,f9ca5b2753f5e7a1624db23745028770a84c8d940ac490f9ccab0d649b356936,0.076125625,v1 channel-certified mode requires the normative restored wire order
invalid-final_order-0006,final_order,6,False,False,restored_final_order_declaration,restored_final_order_declaration,True,False,False,True,0788419db5323cc0791627bae5523ef64d8b840e69af67d65c2119d31c8cbbe1,0.076301208,v1 channel-certified mode requires the normative restored wire order
invalid-final_order-0007,final_order,7,False,False,restored_final_order_declaration,restored_final_order_declaration,True,False,False,True,214ea1ecd6e91bf38afdb632664eee779f9f6ec76ca8a6d1122484e0b27a5195,0.076661417,v1 channel-certified mode requires the normative restored wire order
invalid-final_order-0008,final_order,8,False,False,restored_final_order_declaration,restored_final_order_declaration,True,False,False,True,543035f23f1d07c834b2036f69b04f4403d945f5de8e632efa6359f1709424e6,0.075864791,v1 channel-certified mode requires the normative restored wire order
invalid-final_order-0009,final_order,9,False,False,restored_final_order_declaration,restored_final_order_declaration,True,False,False,True,eedbd24eee1d3700d13300da7c6ad4e81e63936a08d340d8e0b9eca84f96a495,0.077087667,v1 channel-certified mode requires the normative restored wire order
invalid-final_order-0010,final_order,10,False,False,restored_final_order_declaration,restored_final_order_declaration,True,False,False,True,4b5d06733af4e9ab86c72fe6e47f54853e83a41ddcd5ce80fe6d2cb270842927,0.075747834,v1 channel-certified mode requires the normative restored wire order
invalid-final_order-0011,final_order,11,False,False,restored_final_order_declaration,restored_final_order_declaration,True,False,False,True,2f5aa8926b3904555ac8495ff4ce6528fc8cd1312f410e7158fac64fd0600c57,0.075803334,v1 channel-certified mode requires the normative restored wire order
invalid-final_order-0012,final_order,12,False,False,restored_final_order_declaration,restored_final_order_declaration,True,False,False,True,5002c990773775900003de58b19e3ec7239b5687da3234b75fed193a7da17fac,0.075916166,v1 channel-certified mode requires the normative restored wire order
invalid-final_order-0013,final_order,13,False,False,restored_final_order_declaration,restored_final_order_declaration,True,False,False,True,f2c42ab33166e1ae6a4523129b70c5ddc5efc3dd67b4dd38296030213bc75b5f,0.075241042,v1 channel-certified mode requires the normative restored wire order
invalid-final_order-0014,final_order,14,False,False,restored_final_order_declaration,restored_final_order_declaration,True,False,False,True,6a7196f86f18b5ba95be0a7c13f6c557375095a2ca34f0503d301869398e364d,0.075680000,v1 channel-certified mode requires the normative restored wire order
invalid-final_order-0015,final_order,15,False,False,restored_final_order_declaration,restored_final_order_declaration,True,False,False,True,b327b7bc8a1f6234bbbcee31a9d6ac2a3f207cc6b8961437c0b43b0bc9b9ea3b,0.076547583,v1 channel-certified mode requires the normative restored wire order
invalid-final_order-0016,final_order,16,False,False,restored_final_order_declaration,restored_final_order_declaration,True,False,False,True,57908077a5304e532475ac86df829e5944abf8514046058b087faae3965525f2,0.076409625,v1 channel-certified mode requires the normative restored wire order
invalid-final_order-0017,final_order,17,False,False,restored_final_order_declaration,restored_final_order_declaration,True,False,False,True,9ea20e29e33d9dbf2e518ca1c9364dc5ae5aacd0b896ab7ee39e5821a23e3c5d,0.076641917,v1 channel-certified mode requires the normative restored wire order
invalid-final_order-0018,final_order,18,False,False,restored_final_order_declaration,restored_final_order_declaration,True,False,False,True,d7fe0fe37bc662759055e470e87dfe79db9670913691ebb58b1eb6b4ffc88fc5,0.075947625,v1 channel-certified mode requires the normative restored wire order
invalid-final_order-0019,final_order,19,False,False,restored_final_order_declaration,restored_final_order_declaration,True,False,False,True,983aece3f86bc0322d21412efaf7a8fc14bc1d92c1ad55acfcea8a904a05a790,0.075037625,v1 channel-certified mode requires the normative restored wire order
invalid-final_order-0020,final_order,20,False,False,restored_final_order_declaration,restored_final_order_declaration,True,False,False,True,62e1ca0877c81d229610345bc80b62c9e4a2fb498700efe94f2e202c05f90c60,0.075924459,v1 channel-certified mode requires the normative restored wire order
invalid-final_order-0021,final_order,21,False,False,restored_final_order_declaration,restored_final_order_declaration,True,False,False,True,c1251319af5959585b7ce26c4fa839ef568fb26c7557705a487a3871d382b60c,0.075267750,v1 channel-certified mode requires the normative restored wire order
invalid-final_order-0022,final_order,22,False,False,restored_final_order_declaration,restored_final_order_declaration,True,False,False,True,06407cb1ce6afaf385fa4dee7b73cc8526e76fdf3e66390e889771fc0df910fa,0.076469083,v1 channel-certified mode requires the normative restored wire order
invalid-final_order-0023,final_order,23,False,False,restored_final_order_declaration,restored_final_order_declaration,True,False,False,True,5e50e8c3abbafc7af7893b4ad8833e794691b8ddf71bb5a7cb8afe47cc3e57ff,0.075443333,v1 channel-certified mode requires the normative restored wire order
invalid-final_order-0024,final_order,24,False,False,restored_final_order_declaration,restored_final_order_declaration,True,False,False,True,b3205955568c6496d38b27b518554fe0cc5f39bf0473f2932697efbe2a5f48a6,0.074984042,v1 channel-certified mode requires the normative restored wire order
invalid-final_order-0025,final_order,25,False,False,restored_final_order_declaration,restored_final_order_declaration,True,False,False,True,d228700a507b69d66f266ad36d50d67a60de749a391daea2172dce83affa80d5,0.075369625,v1 channel-certified mode requires the normative restored wire order
invalid-final_order-0026,final_order,26,False,False,restored_final_order_declaration,restored_final_order_declaration,True,False,False,True,6c1a066edf3cc593a6d7b27349696f0a5a486f5c99e1571e06bc1becf61ec76b,0.075098042,v1 channel-certified mode requires the normative restored wire order
invalid-final_order-0027,final_order,27,False,False,restored_final_order_declaration,restored_final_order_declaration,True,False,False,True,8d7582f5bc6d5075cecb3481f88f2d08829f5307b5e5166cf39c775b085404a8,0.075207458,v1 channel-certified mode requires the normative restored wire order
invalid-final_order-0028,final_order,28,False,False,restored_final_order_declaration,restored_final_order_declaration,True,False,False,True,c89089704c6b4fc2b6e283e06990d044684fe2e99251f436c78e72bcdf3f59e8,0.075805833,v1 channel-certified mode requires the normative restored wire order
invalid-final_order-0029,final_order,29,False,False,restored_final_order_declaration,restored_final_order_declaration,True,False,False,True,458f7d5f432237f88705e071943fd99e74b14e72962484af61b9a3141bc827e3,0.075752625,v1 channel-certified mode requires the normative restored wire order
invalid-final_order-0030,final_order,30,False,False,restored_final_order_declaration,restored_final_order_declaration,True,False,False,True,027ce698870e606b8cb2a5e4fc77689c1a2ec238ba52a5543b01aa8e385d15d5,0.076076000,v1 channel-certified mode requires the normative restored wire order
invalid-final_order-0031,final_order,31,False,False,restored_final_order_declaration,restored_final_order_declaration,True,False,False,True,ebddd2c17c3132529b9fb5545a87de481920034be28ff6e32a36c87793515d9c,0.077267500,v1 channel-certified mode requires the normative restored wire order
invalid-final_order-0032,final_order,32,False,False,restored_final_order_declaration,restored_final_order_declaration,True,False,False,True,0c69afb8165cc4a21639417c3e3cf85078dbcc674ceb3ecbb29a23878179b26a,0.076067084,v1 channel-certified mode requires the normative restored wire order
invalid-final_order-0033,final_order,33,False,False,restored_final_order_declaration,restored_final_order_declaration,True,False,False,True,c4fdfda24c8cfea90628e185740aefe9fac0439f63f09dca05a6060a743facce,0.076111084,v1 channel-certified mode requires the normative restored wire order
invalid-final_order-0034,final_order,34,False,False,restored_final_order_declaration,restored_final_order_declaration,True,False,False,True,8f34a2e9484ebf0e8df56872514e88ede042299cd4e213c76b3a5078de70256e,0.078129209,v1 channel-certified mode requires the normative restored wire order
invalid-final_order-0035,final_order,35,False,False,restored_final_order_declaration,restored_final_order_declaration,True,False,False,True,1378c267fedc9a72af99c18243826fb67b3a5fabbe6dd7bd9d329493b6e6d2c6,0.076824167,v1 channel-certified mode requires the normative restored wire order
invalid-final_order-0036,final_order,36,False,False,restored_final_order_declaration,restored_final_order_declaration,True,False,False,True,a9b806d13ee1773aa087ba776f4993e9451a64b0fc3077ad2086dbc32dda72e2,0.076008625,v1 channel-certified mode requires the normative restored wire order
invalid-final_order-0037,final_order,37,False,False,restored_final_order_declaration,restored_final_order_declaration,True,False,False,True,4d17fccbe9546f13c5115f260af76ab4f7ead935e4800b28aeb3becef218a6d0,0.076104958,v1 channel-certified mode requires the normative restored wire order
invalid-final_order-0038,final_order,38,False,False,restored_final_order_declaration,restored_final_order_declaration,True,False,False,True,b9f40a38f3e246e1b64cdafb17116df94aa356f5c22f3605999e641c43048073,0.076243250,v1 channel-certified mode requires the normative restored wire order
invalid-final_order-0039,final_order,39,False,False,restored_final_order_declaration,restored_final_order_declaration,True,False,False,True,8da0eda5f1c9d97d865af6fb1260d44bcfe45c7471e711cca7098c4e886178f1,0.076153083,v1 channel-certified mode requires the normative restored wire order
invalid-final_order-0040,final_order,40,False,False,restored_final_order_declaration,restored_final_order_declaration,True,False,False,True,28a235a7f742f7b8513e98dde7f6657cf63b7744d9fea2fda6c2b65764ee604f,0.076007958,v1 channel-certified mode requires the normative restored wire order
invalid-final_order-0041,final_order,41,False,False,restored_final_order_declaration,restored_final_order_declaration,True,False,False,True,c75e2c626a1f69ea72431ba15240144b135144a91f63205212afc66036b46205,0.075852375,v1 channel-certified mode requires the normative restored wire order
invalid-final_order-0042,final_order,42,False,False,restored_final_order_declaration,restored_final_order_declaration,True,False,False,True,c11246a638c0eaa4304377298ad1381755c91aeeaab5f37502ac9d4f13743c2e,0.076922417,v1 channel-certified mode requires the normative restored wire order
invalid-final_order-0043,final_order,43,False,False,restored_final_order_declaration,restored_final_order_declaration,True,False,False,True,40a8b9d8296f2ce5db9eb5757ae2578fc7d4ab8cea47c927671256d225fafed4,0.075285042,v1 channel-certified mode requires the normative restored wire order
invalid-final_order-0044,final_order,44,False,False,restored_final_order_declaration,restored_final_order_declaration,True,False,False,True,40f256fe29e7f88547b4a0129919576ce93104a9bd57f740dd9d3d7134ec5f11,0.074222625,v1 channel-certified mode requires the normative restored wire order
invalid-final_order-0045,final_order,45,False,False,restored_final_order_declaration,restored_final_order_declaration,True,False,False,True,c9a005df828298dea3037567f854f4f5e5ebfcca0dd7f6673d3611654527f8c6,0.076256167,v1 channel-certified mode requires the normative restored wire order
invalid-final_order-0046,final_order,46,False,False,restored_final_order_declaration,restored_final_order_declaration,True,False,False,True,2a832eb49e3e9d032ff8fc8aa7a4c61306bf60ffe48a2e81efec2e871cc53b15,0.075960459,v1 channel-certified mode requires the normative restored wire order
invalid-final_order-0047,final_order,47,False,False,restored_final_order_declaration,restored_final_order_declaration,True,False,False,True,35065c675138ee36186b0cf1289b318293d089eb5a94fcc3413e2c414605d603,0.076359000,v1 channel-certified mode requires the normative restored wire order
invalid-final_order-0048,final_order,48,False,False,restored_final_order_declaration,restored_final_order_declaration,True,False,False,True,a7ac086536addd410313f1820e05f61262ad4ab2637440d91bd2f39fab322014,0.075213416,v1 channel-certified mode requires the normative restored wire order
invalid-final_order-0049,final_order,49,False,False,restored_final_order_declaration,restored_final_order_declaration,True,False,False,True,cb14ae07c6f56f0ae8563e6432717ca242b7c79150372a865863c76c344aced8,0.076411125,v1 channel-certified mode requires the normative restored wire order
invalid-final_order-0050,final_order,50,False,False,restored_final_order_declaration,restored_final_order_declaration,True,False,False,True,278caee11d48c690d3bf64ca7831f8980ec7fe0e5648bdd4e95d6954e495da4b,0.075367792,v1 channel-certified mode requires the normative restored wire order
invalid-final_order-0051,final_order,51,False,False,restored_final_order_declaration,restored_final_order_declaration,True,False,False,True,8e15cab0db4e8478c53536840a75aef639278ccf9ddf87f552ef6552196d9413,0.076077375,v1 channel-certified mode requires the normative restored wire order
invalid-final_order-0052,final_order,52,False,False,restored_final_order_declaration,restored_final_order_declaration,True,False,False,True,68e0301ec6f9f83602bd466240f8297f525a88a3be2448fd70f27af9d6ccb5e6,0.076075792,v1 channel-certified mode requires the normative restored wire order
invalid-final_order-0053,final_order,53,False,False,restored_final_order_declaration,restored_final_order_declaration,True,False,False,True,d319dad2fa50ae83187a2cdcddbb1173846d5b7b9e94c4c059f911f731ca7a21,0.074937875,v1 channel-certified mode requires the normative restored wire order
invalid-final_order-0054,final_order,54,False,False,restored_final_order_declaration,restored_final_order_declaration,True,False,False,True,0f431ff9ef17757bd3977fae8524de730841bbf4e759a8e60d975a8cff3e905f,0.075458708,v1 channel-certified mode requires the normative restored wire order
invalid-final_order-0055,final_order,55,False,False,restored_final_order_declaration,restored_final_order_declaration,True,False,False,True,88cdb33863962495aa37ac15a74b05d3a1aff02d32ef818b2c0c7a7777f96e8f,0.076347375,v1 channel-certified mode requires the normative restored wire order
invalid-final_order-0056,final_order,56,False,False,restored_final_order_declaration,restored_final_order_declaration,True,False,False,True,2c6c6aacdca49e484326206df4ea742aaa1c78d4e25bb74e4c4951ed7403bbf4,0.075936750,v1 channel-certified mode requires the normative restored wire order
invalid-final_order-0057,final_order,57,False,False,restored_final_order_declaration,restored_final_order_declaration,True,False,False,True,5b82442f5fcc2b67178149ba82cb3c0d55c35b9e6719ede091e447c9b53b29cc,0.075477292,v1 channel-certified mode requires the normative restored wire order
invalid-final_order-0058,final_order,58,False,False,restored_final_order_declaration,restored_final_order_declaration,True,False,False,True,8485a5c73d585b590fa2ff1cf46065c684ca0e322a17911d6111e7eb7a7ad839,0.076303666,v1 channel-certified mode requires the normative restored wire order
invalid-final_order-0059,final_order,59,False,False,restored_final_order_declaration,restored_final_order_declaration,True,False,False,True,eb35c3ebef23c72728679f424e71befe1c52db1c23f79380a665ace987fdfeb8,0.076209000,v1 channel-certified mode requires the normative restored wire order
invalid-final_order-0060,final_order,60,False,False,restored_final_order_declaration,restored_final_order_declaration,True,False,False,True,973c96506dc853b289c88b174fb6d9bf3d534954e4de7a3f699e652f34f568fb,0.075463917,v1 channel-certified mode requires the normative restored wire order
invalid-final_order-0061,final_order,61,False,False,restored_final_order_declaration,restored_final_order_declaration,True,False,False,True,58a92ee5aa8316ba41d044dd5050d1fbed8240a750556bac9b16f9a9f8af2a17,0.075948500,v1 channel-certified mode requires the normative restored wire order
invalid-final_order-0062,final_order,62,False,False,restored_final_order_declaration,restored_final_order_declaration,True,False,False,True,05e6961221d99b020fe658825cb569e3d6fe3b8c3b9c220ed25d2bda3a3e3099,0.075708625,v1 channel-certified mode requires the normative restored wire order
invalid-final_order-0063,final_order,63,False,False,restored_final_order_declaration,restored_final_order_declaration,True,False,False,True,45d86aa421f2a556ac1afa69b39cc20e1d8f83adc2a45b6ac347e827e2c524d1,0.077525417,v1 channel-certified mode requires the normative restored wire order
invalid-final_order-0064,final_order,64,False,False,restored_final_order_declaration,restored_final_order_declaration,True,False,False,True,e67957e493088af3ae68f1634e753d2fe70cb3af557926afb9f17a42af92dbda,0.076507042,v1 channel-certified mode requires the normative restored wire order
invalid-final_order-0065,final_order,65,False,False,restored_final_order_declaration,restored_final_order_declaration,True,False,False,True,f48e5c290bd5121d612283c1c07acdd921c02b2eb8a46dde5b172abfc0ccc5bc,0.076578625,v1 channel-certified mode requires the normative restored wire order
invalid-final_order-0066,final_order,66,False,False,restored_final_order_declaration,restored_final_order_declaration,True,False,False,True,89644cddfe75cee3d8f69903f18f909ca029cbd3fcbacdd1e492071925de7560,0.076374791,v1 channel-certified mode requires the normative restored wire order
invalid-final_order-0067,final_order,67,False,False,restored_final_order_declaration,restored_final_order_declaration,True,False,False,True,bfb602438bb3ec69075ee40f1468df82f0b33a441d3941444d056746f8f80552,0.076889291,v1 channel-certified mode requires the normative restored wire order
invalid-final_order-0068,final_order,68,False,False,restored_final_order_declaration,restored_final_order_declaration,True,False,False,True,ffdee31a9a7886a979a74c052da9c8a3b1bbe88966a2b17a0a66398e56390be4,0.075706167,v1 channel-certified mode requires the normative restored wire order
invalid-final_order-0069,final_order,69,False,False,restored_final_order_declaration,restored_final_order_declaration,True,False,False,True,d85cfe8a320e4eba7ad1743d6d17bf88f5df31354024fed18b882eb20ec9bbc3,0.076160208,v1 channel-certified mode requires the normative restored wire order
invalid-final_order-0070,final_order,70,False,False,restored_final_order_declaration,restored_final_order_declaration,True,False,False,True,3626297de8ae1d4b4c897194db402df8838fd8e450f55900349a76aa78a0d4f2,0.075604458,v1 channel-certified mode requires the normative restored wire order
invalid-final_order-0071,final_order,71,False,False,restored_final_order_declaration,restored_final_order_declaration,True,False,False,True,2e31e52ab9fbc633a76cd2428ad700a7d991b45695a45b91b72b68ddd5378aec,0.076097125,v1 channel-certified mode requires the normative restored wire order
invalid-final_order-0072,final_order,72,False,False,restored_final_order_declaration,restored_final_order_declaration,True,False,False,True,e42546672eae23cb6f7bdda76f65c67357ef99434ba63dae033f7344dd262162,0.075774333,v1 channel-certified mode requires the normative restored wire order
invalid-final_order-0073,final_order,73,False,False,restored_final_order_declaration,restored_final_order_declaration,True,False,False,True,aa98632ee40a27070aa688024de54d72fcae63a730becfac8273c4a73156094d,0.076013542,v1 channel-certified mode requires the normative restored wire order
invalid-final_order-0074,final_order,74,False,False,restored_final_order_declaration,restored_final_order_declaration,True,False,False,True,46cba608321c9a037b5b6c2e7f04383f2943f282aa329c93b998e420e0f112d0,0.075869292,v1 channel-certified mode requires the normative restored wire order
invalid-final_order-0075,final_order,75,False,False,restored_final_order_declaration,restored_final_order_declaration,True,False,False,True,d9f9f34e1b7825209efb3792324da135039932d1871d23ddf853fa3e24f4cd4e,0.078260208,v1 channel-certified mode requires the normative restored wire order
invalid-final_order-0076,final_order,76,False,False,restored_final_order_declaration,restored_final_order_declaration,True,False,False,True,ae4292012764f338b430cb42feb39f15ed75ba2b24b0cec9834cbf7a80c825d5,0.077194916,v1 channel-certified mode requires the normative restored wire order
invalid-final_order-0077,final_order,77,False,False,restored_final_order_declaration,restored_final_order_declaration,True,False,False,True,c736a12513eb9135ca43f0508a4ad2ff3b587d0b6481c07d64c08f8ea2933b56,0.076322666,v1 channel-certified mode requires the normative restored wire order
invalid-final_order-0078,final_order,78,False,False,restored_final_order_declaration,restored_final_order_declaration,True,False,False,True,8d374f9371c4c9801f8440c95aba13eea60306d75d5f47394025904263a70e6f,0.075564917,v1 channel-certified mode requires the normative restored wire order
invalid-final_order-0079,final_order,79,False,False,restored_final_order_declaration,restored_final_order_declaration,True,False,False,True,a54d94352fee82d5fa92c4a94b37a432fc5b0c462959187621ccdad20ea15841,0.075378667,v1 channel-certified mode requires the normative restored wire order
invalid-final_order-0080,final_order,80,False,False,restored_final_order_declaration,restored_final_order_declaration,True,False,False,True,4cb487ac478f5fadf13cd19e15b8039edaabfafe6a749e60c48fbb92df32a4f5,0.076038167,v1 channel-certified mode requires the normative restored wire order
invalid-final_order-0081,final_order,81,False,False,restored_final_order_declaration,restored_final_order_declaration,True,False,False,True,67694c1f736bf82df748369566f4d229db7713c260a5d869fde923a32b87ca7c,0.076067000,v1 channel-certified mode requires the normative restored wire order
invalid-final_order-0082,final_order,82,False,False,restored_final_order_declaration,restored_final_order_declaration,True,False,False,True,abef5eef5ff45d56f5bd4f9ae03bb032d3e5adf1d45db12636662b61be370b96,0.075731416,v1 channel-certified mode requires the normative restored wire order
invalid-final_order-0083,final_order,83,False,False,restored_final_order_declaration,restored_final_order_declaration,True,False,False,True,85e7666ec5de82d95d1df591b00d35c15763d42b581417798c9345437802f661,0.076008166,v1 channel-certified mode requires the normative restored wire order
invalid-final_order-0084,final_order,84,False,False,restored_final_order_declaration,restored_final_order_declaration,True,False,False,True,9d4993c4b91e16201c2a7f17e5fdc00c9f5e564a018d5c518daaa4e4edfeb75f,0.074634125,v1 channel-certified mode requires the normative restored wire order
invalid-final_order-0085,final_order,85,False,False,restored_final_order_declaration,restored_final_order_declaration,True,False,False,True,e8eab0b45f29195fb557d735a234c7d2b3f5c07b91351439ba41c7c9b9a4a5fd,0.075132917,v1 channel-certified mode requires the normative restored wire order
invalid-final_order-0086,final_order,86,False,False,restored_final_order_declaration,restored_final_order_declaration,True,False,False,True,e36a9bfe727c93a9ee3718000f4033c785c85ab9e340aaf31a954564197dfa6a,0.074859667,v1 channel-certified mode requires the normative restored wire order
invalid-final_order-0087,final_order,87,False,False,restored_final_order_declaration,restored_final_order_declaration,True,False,False,True,8ee1d511f3420f4611590ae4028e0a770b590feb35d6ae555555a521a35a2b8b,0.075736000,v1 channel-certified mode requires the normative restored wire order
invalid-final_order-0088,final_order,88,False,False,restored_final_order_declaration,restored_final_order_declaration,True,False,False,True,9400ea2ab808a0aa3e695c36028da62ae458274afb5beeec85ac211bede8afea,0.075894750,v1 channel-certified mode requires the normative restored wire order
invalid-final_order-0089,final_order,89,False,False,restored_final_order_declaration,restored_final_order_declaration,True,False,False,True,6dd272618a00dd35725a3a521f335cc1d4e85bca15a19a44e65ac32bb04e0f5b,0.076506958,v1 channel-certified mode requires the normative restored wire order
invalid-final_order-0090,final_order,90,False,False,restored_final_order_declaration,restored_final_order_declaration,True,False,False,True,c4dd24f04df992aa0cbeb46d0abb303a910075864bdd68727e50121e724c76d4,0.080784375,v1 channel-certified mode requires the normative restored wire order
invalid-final_order-0091,final_order,91,False,False,restored_final_order_declaration,restored_final_order_declaration,True,False,False,True,33de7788ee89a239fe3881f3a51d3975ab8b9cd0af42631e8b4955164da55122,0.082247458,v1 channel-certified mode requires the normative restored wire order
invalid-final_order-0092,final_order,92,False,False,restored_final_order_declaration,restored_final_order_declaration,True,False,False,True,34fec65a84932ba4d50f8a4c76acbff096b60798734c652fba0ebb4058b332fa,0.077188666,v1 channel-certified mode requires the normative restored wire order
invalid-final_order-0093,final_order,93,False,False,restored_final_order_declaration,restored_final_order_declaration,True,False,False,True,243528cec3e644537036d8ed05d045b4c0e5f6e6be7e06130d59094eafac98ff,0.077092042,v1 channel-certified mode requires the normative restored wire order
invalid-final_order-0094,final_order,94,False,False,restored_final_order_declaration,restored_final_order_declaration,True,False,False,True,58ebf6b1f2ca6e250c84fae866a5038f451e48d2a1288d3885fb12cf633c33d6,0.078215708,v1 channel-certified mode requires the normative restored wire order
invalid-final_order-0095,final_order,95,False,False,restored_final_order_declaration,restored_final_order_declaration,True,False,False,True,97133a00986248d1bd522d232e861b2ea9c90cd6fdb28bf2c0b05dc18512bb02,0.076484833,v1 channel-certified mode requires the normative restored wire order
invalid-final_order-0096,final_order,96,False,False,restored_final_order_declaration,restored_final_order_declaration,True,False,False,True,58e3c77763a7c6e2eaec4202f493993e5b162f96c8ab7310e73b604e385e699e,0.077465500,v1 channel-certified mode requires the normative restored wire order
invalid-final_order-0097,final_order,97,False,False,restored_final_order_declaration,restored_final_order_declaration,True,False,False,True,1593b6f2a01e1453e849f67feb49624bbacd251d8841fb80506fe91ea6998c35,0.076693750,v1 channel-certified mode requires the normative restored wire order
invalid-final_order-0098,final_order,98,False,False,restored_final_order_declaration,restored_final_order_declaration,True,False,False,True,e9c59d74f6e83a4362468de8382189c8da7ed1c7d64924dfea229a4c2091e30d,0.076763375,v1 channel-certified mode requires the normative restored wire order
invalid-final_order-0099,final_order,99,False,False,restored_final_order_declaration,restored_final_order_declaration,True,False,False,True,d6e859c4683316f8a1c81c371acc5ffe129973865b003bb54d9053f5e8ffa25f,0.077569417,v1 channel-certified mode requires the normative restored wire order
invalid-certificate_claim-0000,certificate_claim,0,False,False,certificate_signature_claims,certificate_signature_claims,True,False,False,True,67b8892a042a500d40e9feb9014199128605e35a226fec15d9a87d8a79432fdf,0.070823917,declared Choi and signed logical-action signatures match independent reconstructions; declared verdict is ignored
invalid-certificate_claim-0001,certificate_claim,1,False,False,certificate_signature_claims,certificate_signature_claims,True,False,False,True,297839da53a157c96885f0fce6c3ca70f5e359d8899a752fa5f2757eaa0a3acc,0.070041292,declared Choi and signed logical-action signatures match independent reconstructions; declared verdict is ignored
invalid-certificate_claim-0002,certificate_claim,2,False,False,certificate_signature_claims,certificate_signature_claims,True,False,False,True,7863d84997f6c5fe596aff3949aea4047734ecf224d38bd0e537c1a7a85e5f39,0.077427542,declared Choi and signed logical-action signatures match independent reconstructions; declared verdict is ignored
invalid-certificate_claim-0003,certificate_claim,3,False,False,certificate_signature_claims,certificate_signature_claims,True,False,False,True,fa41296cf5bfc4e05d5f3cd705f4e2945f334261ced0e5da8ffd6e80ffd9b340,0.070127667,declared Choi and signed logical-action signatures match independent reconstructions; declared verdict is ignored
invalid-certificate_claim-0004,certificate_claim,4,False,False,certificate_signature_claims,certificate_signature_claims,True,False,False,True,168f6f637746c3ec13bab05a604fcca5857bc15a5bcb41285dc82055bd938cba,0.069836458,declared Choi and signed logical-action signatures match independent reconstructions; declared verdict is ignored
invalid-certificate_claim-0005,certificate_claim,5,False,False,certificate_signature_claims,certificate_signature_claims,True,False,False,True,834f59009097ade2a6e3ce79f7c9e2358739a7077978b02494366bf323be4493,0.078445084,declared Choi and signed logical-action signatures match independent reconstructions; declared verdict is ignored
invalid-certificate_claim-0006,certificate_claim,6,False,False,certificate_signature_claims,certificate_signature_claims,True,False,False,True,415b2d4f77d872a921e6ca585fdddabdbdf7d24097a6cee12a6522068142c738,0.069668209,declared Choi and signed logical-action signatures match independent reconstructions; declared verdict is ignored
invalid-certificate_claim-0007,certificate_claim,7,False,False,certificate_signature_claims,certificate_signature_claims,True,False,False,True,df110f35e77bf9092c26658dcba145db7814ffa035df859377ff0efe86366060,0.068712917,declared Choi and signed logical-action signatures match independent reconstructions; declared verdict is ignored
invalid-certificate_claim-0008,certificate_claim,8,False,False,certificate_signature_claims,certificate_signature_claims,True,False,False,True,de3521b9b3bd47789498a30f15db062f8a3eb8c961892e38bea2cf376eb3b5c0,0.076525417,declared Choi and signed logical-action signatures match independent reconstructions; declared verdict is ignored
invalid-certificate_claim-0009,certificate_claim,9,False,False,certificate_signature_claims,certificate_signature_claims,True,False,False,True,0ecc91ea360b455b342e48f08ea1214e321e6fdd43beb76420bff71ba960c19b,0.069733416,declared Choi and signed logical-action signatures match independent reconstructions; declared verdict is ignored
invalid-certificate_claim-0010,certificate_claim,10,False,False,certificate_signature_claims,certificate_signature_claims,True,False,False,True,09c13a2d8ecf69664fe0e4d5c80f45047b01607a4f5cdbe5cca30dc4767614b1,0.069503458,declared Choi and signed logical-action signatures match independent reconstructions; declared verdict is ignored
invalid-certificate_claim-0011,certificate_claim,11,False,False,certificate_signature_claims,certificate_signature_claims,True,False,False,True,2fd12cea579a8adce67630c35796d84219c54de05b25e2fbb463879b6701487c,0.075729875,declared Choi and signed logical-action signatures match independent reconstructions; declared verdict is ignored
invalid-certificate_claim-0012,certificate_claim,12,False,False,certificate_signature_claims,certificate_signature_claims,True,False,False,True,50a5295890a810279cb83ddc0caed4f379f052565e7bcbc1daa68a46af7edad5,0.069046375,declared Choi and signed logical-action signatures match independent reconstructions; declared verdict is ignored
invalid-certificate_claim-0013,certificate_claim,13,False,False,certificate_signature_claims,certificate_signature_claims,True,False,False,True,f0693b12ac8e43217a37fd442d1bd6276ab7c3e3d053b96aa89b7ad45fd21e70,0.069424083,declared Choi and signed logical-action signatures match independent reconstructions; declared verdict is ignored
invalid-certificate_claim-0014,certificate_claim,14,False,False,certificate_signature_claims,certificate_signature_claims,True,False,False,True,18a7f133205ef69f56421fd60605f6b5e3192a7642c9a1e4ce6baf5f35e129aa,0.075300000,declared Choi and signed logical-action signatures match independent reconstructions; declared verdict is ignored
invalid-certificate_claim-0015,certificate_claim,15,False,False,certificate_signature_claims,certificate_signature_claims,True,False,False,True,48aca08044de82c3bef7752dab0a2c7b7d744599bfbdc2dec8e67a2ca5e9500b,0.069554125,declared Choi and signed logical-action signatures match independent reconstructions; declared verdict is ignored
invalid-certificate_claim-0016,certificate_claim,16,False,False,certificate_signature_claims,certificate_signature_claims,True,False,False,True,30f04a0514dda117ccc8ebbc551e850e152ada07f0bdf95e14531308cd984f16,0.069171541,declared Choi and signed logical-action signatures match independent reconstructions; declared verdict is ignored
invalid-certificate_claim-0017,certificate_claim,17,False,False,certificate_signature_claims,certificate_signature_claims,True,False,False,True,cb4a44caea7ff1fa3072ad82c808990518943d48db42b84fc8959858e63cb7b7,0.075295375,declared Choi and signed logical-action signatures match independent reconstructions; declared verdict is ignored
invalid-certificate_claim-0018,certificate_claim,18,False,False,certificate_signature_claims,certificate_signature_claims,True,False,False,True,c829162c5bf271c903783f3de47eb6ea14b0eaa71d81c83f0560a1610699eb64,0.068776667,declared Choi and signed logical-action signatures match independent reconstructions; declared verdict is ignored
invalid-certificate_claim-0019,certificate_claim,19,False,False,certificate_signature_claims,certificate_signature_claims,True,False,False,True,9e3f768d030f469877df1094fb0f77001f4e4717b888b994b96c0e25e213e97d,0.069141250,declared Choi and signed logical-action signatures match independent reconstructions; declared verdict is ignored
invalid-certificate_claim-0020,certificate_claim,20,False,False,certificate_signature_claims,certificate_signature_claims,True,False,False,True,58f52bd1e487a6cd5cd2799fdd596829904990a2a79eaad68073a79a54aec3bc,0.076408958,declared Choi and signed logical-action signatures match independent reconstructions; declared verdict is ignored
invalid-certificate_claim-0021,certificate_claim,21,False,False,certificate_signature_claims,certificate_signature_claims,True,False,False,True,d9bb46ed0951101f6885cfc7e3dd761a7aea7bf9b0984072555b25717912f806,0.068698291,declared Choi and signed logical-action signatures match independent reconstructions; declared verdict is ignored
invalid-certificate_claim-0022,certificate_claim,22,False,False,certificate_signature_claims,certificate_signature_claims,True,False,False,True,c9f78b7420b2020a4dbe36fe7941a516fa426a0ae114055c28345a2f8242537c,0.069223209,declared Choi and signed logical-action signatures match independent reconstructions; declared verdict is ignored
invalid-certificate_claim-0023,certificate_claim,23,False,False,certificate_signature_claims,certificate_signature_claims,True,False,False,True,1faab31c57b3406efbf8109cc74b745d16975556a6f0fc5df182c208db097440,0.075928833,declared Choi and signed logical-action signatures match independent reconstructions; declared verdict is ignored
invalid-certificate_claim-0024,certificate_claim,24,False,False,certificate_signature_claims,certificate_signature_claims,True,False,False,True,b6204230fc3e27af6f1fc9e239e2098f05f390ce478b5cf390b93bf75e0d54d4,0.068889375,declared Choi and signed logical-action signatures match independent reconstructions; declared verdict is ignored
invalid-certificate_claim-0025,certificate_claim,25,False,False,certificate_signature_claims,certificate_signature_claims,True,False,False,True,89218c2062b82f91fab043b12667c5b5992a920f07fe92715aeca2a2ed39a8b0,0.068943500,declared Choi and signed logical-action signatures match independent reconstructions; declared verdict is ignored
invalid-certificate_claim-0026,certificate_claim,26,False,False,certificate_signature_claims,certificate_signature_claims,True,False,False,True,e34796fd104e5b81c75d39626ddb4ced566115fc95ec30ca577e5f8ec808d02b,0.075874667,declared Choi and signed logical-action signatures match independent reconstructions; declared verdict is ignored
invalid-certificate_claim-0027,certificate_claim,27,False,False,certificate_signature_claims,certificate_signature_claims,True,False,False,True,ab7ed84a8d5a9d739c1551bb1bb37d65ca13b248de00fac1bccd2faedc36cc83,0.068859125,declared Choi and signed logical-action signatures match independent reconstructions; declared verdict is ignored
invalid-certificate_claim-0028,certificate_claim,28,False,False,certificate_signature_claims,certificate_signature_claims,True,False,False,True,cea338e709c4b5cf9c274af6e5c605b544ff8a164cc550684b08171e4a0df4b7,0.068156833,declared Choi and signed logical-action signatures match independent reconstructions; declared verdict is ignored
invalid-certificate_claim-0029,certificate_claim,29,False,False,certificate_signature_claims,certificate_signature_claims,True,False,False,True,75adf39605057de2b365b6790861e590e013f580f3b9b8199c1d6a82aae93e32,0.076489125,declared Choi and signed logical-action signatures match independent reconstructions; declared verdict is ignored
invalid-certificate_claim-0030,certificate_claim,30,False,False,certificate_signature_claims,certificate_signature_claims,True,False,False,True,5770105b3f9f14e6e2159c6cd570e22d22795e716bdb754fe5a997d2c56d94d8,0.069347584,declared Choi and signed logical-action signatures match independent reconstructions; declared verdict is ignored
invalid-certificate_claim-0031,certificate_claim,31,False,False,certificate_signature_claims,certificate_signature_claims,True,False,False,True,96abef43aead625de4185357f257b206a2c5790e777e956d7004fe189cc52f73,0.068927125,declared Choi and signed logical-action signatures match independent reconstructions; declared verdict is ignored
invalid-certificate_claim-0032,certificate_claim,32,False,False,certificate_signature_claims,certificate_signature_claims,True,False,False,True,93e42e76b2b0c911c19d1ae8bf3d0a8ca8b3bef0ba806ea01dba096eefbbdf29,0.076344500,declared Choi and signed logical-action signatures match independent reconstructions; declared verdict is ignored
invalid-certificate_claim-0033,certificate_claim,33,False,False,certificate_signature_claims,certificate_signature_claims,True,False,False,True,df79958faf40a58a2127d8ba7d3d4e04f5013a67580ba66773569953d303c478,0.069426667,declared Choi and signed logical-action signatures match independent reconstructions; declared verdict is ignored
invalid-certificate_claim-0034,certificate_claim,34,False,False,certificate_signature_claims,certificate_signature_claims,True,False,False,True,441082f1fe46ba8a4099325a20aeac7f4ac3750de7b9da177d15ab67a72f7dfe,0.071414666,declared Choi and signed logical-action signatures match independent reconstructions; declared verdict is ignored
invalid-certificate_claim-0035,certificate_claim,35,False,False,certificate_signature_claims,certificate_signature_claims,True,False,False,True,b41627b6c03dd1c83c4575ed46a1d9d4aec8655f1988a7de50c0436bf71e0a4a,0.090085458,declared Choi and signed logical-action signatures match independent reconstructions; declared verdict is ignored
invalid-certificate_claim-0036,certificate_claim,36,False,False,certificate_signature_claims,certificate_signature_claims,True,False,False,True,6da84c9657a0fb51d59088ced708c4ba459f1655ddc6a7129e86e138f8ebca6e,0.069188834,declared Choi and signed logical-action signatures match independent reconstructions; declared verdict is ignored
invalid-certificate_claim-0037,certificate_claim,37,False,False,certificate_signature_claims,certificate_signature_claims,True,False,False,True,d1f9f21725962b8f6d9e2a6e4afcd8844d2d78998d9062ddc6558640e02504b2,0.068976500,declared Choi and signed logical-action signatures match independent reconstructions; declared verdict is ignored
invalid-certificate_claim-0038,certificate_claim,38,False,False,certificate_signature_claims,certificate_signature_claims,True,False,False,True,4e4d4c9aafbe90bd07f7a768bcea5391e1870367d33801d9abd449e8ec270c27,0.075292250,declared Choi and signed logical-action signatures match independent reconstructions; declared verdict is ignored
invalid-certificate_claim-0039,certificate_claim,39,False,False,certificate_signature_claims,certificate_signature_claims,True,False,False,True,b06d3d64d3d3a40d9ec1e1fdba7b1ed96e01349a3040ebebda0e0aadaba6cf52,0.067777417,declared Choi and signed logical-action signatures match independent reconstructions; declared verdict is ignored
invalid-certificate_claim-0040,certificate_claim,40,False,False,certificate_signature_claims,certificate_signature_claims,True,False,False,True,3b490c53152afed3ebcaf882c916fe97636a08435d7d9b7c12ce0ad132b2a0bb,0.066805583,declared Choi and signed logical-action signatures match independent reconstructions; declared verdict is ignored
invalid-certificate_claim-0041,certificate_claim,41,False,False,certificate_signature_claims,certificate_signature_claims,True,False,False,True,12ec41010a9bf16574cc49a330e84086516cb2db581688e88efeb5c469ddd396,0.075370666,declared Choi and signed logical-action signatures match independent reconstructions; declared verdict is ignored
invalid-certificate_claim-0042,certificate_claim,42,False,False,certificate_signature_claims,certificate_signature_claims,True,False,False,True,5892852f19c48e7c2669ac67746d018af44add736d81890ea9689dd2139ea74c,0.068407541,declared Choi and signed logical-action signatures match independent reconstructions; declared verdict is ignored
invalid-certificate_claim-0043,certificate_claim,43,False,False,certificate_signature_claims,certificate_signature_claims,True,False,False,True,a3b65d611e3835c4eb2d71464785a99ee72826c841c9163624b5ec310fc23e09,0.068900459,declared Choi and signed logical-action signatures match independent reconstructions; declared verdict is ignored
invalid-certificate_claim-0044,certificate_claim,44,False,False,certificate_signature_claims,certificate_signature_claims,True,False,False,True,550dd2474b4b515c4d8148ec4b4102d13ae72e63f941b77d4b47728a1a627ae4,0.075950542,declared Choi and signed logical-action signatures match independent reconstructions; declared verdict is ignored
invalid-certificate_claim-0045,certificate_claim,45,False,False,certificate_signature_claims,certificate_signature_claims,True,False,False,True,27bb41056604c6f4342a688fcc6e01585d987dc7e1724b074292ce1fbce7489f,0.067889333,declared Choi and signed logical-action signatures match independent reconstructions; declared verdict is ignored
invalid-certificate_claim-0046,certificate_claim,46,False,False,certificate_signature_claims,certificate_signature_claims,True,False,False,True,93328c4cf3ad722e8d19198c2b7d9e9879d43bd6ed1349f607259bd04bf25ad2,0.068752083,declared Choi and signed logical-action signatures match independent reconstructions; declared verdict is ignored
invalid-certificate_claim-0047,certificate_claim,47,False,False,certificate_signature_claims,certificate_signature_claims,True,False,False,True,5bcf0877499932a8a8f78f1e23d74866aa67bed72ead3b9a7d1c4d9f15203b7c,0.074850917,declared Choi and signed logical-action signatures match independent reconstructions; declared verdict is ignored
invalid-certificate_claim-0048,certificate_claim,48,False,False,certificate_signature_claims,certificate_signature_claims,True,False,False,True,9df6782fffce6f919c695939dcf8367b8bdb75a82196115f0092500924fd3331,0.068215584,declared Choi and signed logical-action signatures match independent reconstructions; declared verdict is ignored
invalid-certificate_claim-0049,certificate_claim,49,False,False,certificate_signature_claims,certificate_signature_claims,True,False,False,True,6d2803e88fd879c26d813ed23f997e60dce47bb672dc915d2a7f9bdce382f048,0.068034834,declared Choi and signed logical-action signatures match independent reconstructions; declared verdict is ignored
invalid-certificate_claim-0050,certificate_claim,50,False,False,certificate_signature_claims,certificate_signature_claims,True,False,False,True,142a6d289c5f197e01b30342bfd7b03fa68fea7a58b34bf3e4b6ed7645152cd4,0.076674166,declared Choi and signed logical-action signatures match independent reconstructions; declared verdict is ignored
invalid-certificate_claim-0051,certificate_claim,51,False,False,certificate_signature_claims,certificate_signature_claims,True,False,False,True,000271ead68a80131351a0525c98cbded8e5c32fa5f95dbc6832786cecd73eb0,0.069442875,declared Choi and signed logical-action signatures match independent reconstructions; declared verdict is ignored
invalid-certificate_claim-0052,certificate_claim,52,False,False,certificate_signature_claims,certificate_signature_claims,True,False,False,True,944b0f2895774badea2574f964d8f01f0453e69b0a9eb0f86418a419bcc15ea6,0.069362166,declared Choi and signed logical-action signatures match independent reconstructions; declared verdict is ignored
invalid-certificate_claim-0053,certificate_claim,53,False,False,certificate_signature_claims,certificate_signature_claims,True,False,False,True,ca91610d09a216eccb90ad6ab14fc1aa0eef05beea80f796e96dfd7452e1ea8d,0.076394000,declared Choi and signed logical-action signatures match independent reconstructions; declared verdict is ignored
invalid-certificate_claim-0054,certificate_claim,54,False,False,certificate_signature_claims,certificate_signature_claims,True,False,False,True,1600147e79e66de80a92101c7679946042ae501e9965bc5b290056aefa262b09,0.069918500,declared Choi and signed logical-action signatures match independent reconstructions; declared verdict is ignored
invalid-certificate_claim-0055,certificate_claim,55,False,False,certificate_signature_claims,certificate_signature_claims,True,False,False,True,5cd7ae68603d3df07f0fcd9e2a88332944059a160a3373eacb2b1346502d06a0,0.068826792,declared Choi and signed logical-action signatures match independent reconstructions; declared verdict is ignored
invalid-certificate_claim-0056,certificate_claim,56,False,False,certificate_signature_claims,certificate_signature_claims,True,False,False,True,359807e8ddba416b7207d992e6192791b4389d16066c2eb1f41424468971e7e0,0.075643250,declared Choi and signed logical-action signatures match independent reconstructions; declared verdict is ignored
invalid-certificate_claim-0057,certificate_claim,57,False,False,certificate_signature_claims,certificate_signature_claims,True,False,False,True,60a3c0392f42cbfa264c5c096bc15b16a65cd91dd0d6c303f7d14c64af8baabc,0.068612959,declared Choi and signed logical-action signatures match independent reconstructions; declared verdict is ignored
invalid-certificate_claim-0058,certificate_claim,58,False,False,certificate_signature_claims,certificate_signature_claims,True,False,False,True,050a344fc28873f5a1b3c0e237060cdddd8f2ffc9a553f665b5efd049a5f13de,0.069084709,declared Choi and signed logical-action signatures match independent reconstructions; declared verdict is ignored
invalid-certificate_claim-0059,certificate_claim,59,False,False,certificate_signature_claims,certificate_signature_claims,True,False,False,True,ff2dd10bacb6d041f3723527016e389dca8a43f9ba62ad1a4421b6605ed2d5ce,0.076262458,declared Choi and signed logical-action signatures match independent reconstructions; declared verdict is ignored
invalid-certificate_claim-0060,certificate_claim,60,False,False,certificate_signature_claims,certificate_signature_claims,True,False,False,True,04c35ce3db7c2edec9ddbef977124da9cfd9635f5f84655c91648251d8c47e33,0.067496916,declared Choi and signed logical-action signatures match independent reconstructions; declared verdict is ignored
invalid-certificate_claim-0061,certificate_claim,61,False,False,certificate_signature_claims,certificate_signature_claims,True,False,False,True,02571deeab80c4469bb4b321b0b34da0afcde7a33b65f09990366a1431eb877b,0.068235875,declared Choi and signed logical-action signatures match independent reconstructions; declared verdict is ignored
invalid-certificate_claim-0062,certificate_claim,62,False,False,certificate_signature_claims,certificate_signature_claims,True,False,False,True,a756a5a960281775177adb554185273096335e83773b2fcfb8e65eff5c2fd19f,0.074996334,declared Choi and signed logical-action signatures match independent reconstructions; declared verdict is ignored
invalid-certificate_claim-0063,certificate_claim,63,False,False,certificate_signature_claims,certificate_signature_claims,True,False,False,True,2bba998ec088d79c9a06ce351d8a28487df96fbd8284c79bfb1df3e48f6b3c98,0.068110833,declared Choi and signed logical-action signatures match independent reconstructions; declared verdict is ignored
invalid-certificate_claim-0064,certificate_claim,64,False,False,certificate_signature_claims,certificate_signature_claims,True,False,False,True,247c4ba085ce9d68e5c85d1d8bd8c545a92760ade3094be8fcff7c41cba3301e,0.069654208,declared Choi and signed logical-action signatures match independent reconstructions; declared verdict is ignored
invalid-certificate_claim-0065,certificate_claim,65,False,False,certificate_signature_claims,certificate_signature_claims,True,False,False,True,1ec037841375a73df9e8fbfb782dcadd0521fa2ac9b1e1a7d9347d62ac0edb5e,0.077314083,declared Choi and signed logical-action signatures match independent reconstructions; declared verdict is ignored
invalid-certificate_claim-0066,certificate_claim,66,False,False,certificate_signature_claims,certificate_signature_claims,True,False,False,True,70d5d32d1797585f658bdaf437e62bacca6139195127145b02c1258951e2004e,0.111617042,declared Choi and signed logical-action signatures match independent reconstructions; declared verdict is ignored
invalid-certificate_claim-0067,certificate_claim,67,False,False,certificate_signature_claims,certificate_signature_claims,True,False,False,True,098b41abdb6c9b63d8c50bc48d412dabbe0a6112d501b414dcf6e811fd8ea2a0,0.068311291,declared Choi and signed logical-action signatures match independent reconstructions; declared verdict is ignored
invalid-certificate_claim-0068,certificate_claim,68,False,False,certificate_signature_claims,certificate_signature_claims,True,False,False,True,937ba5e2e4465ee80dc6f1eab73aab4bdf935952b7916894ccd6e8a605fb7123,0.075176458,declared Choi and signed logical-action signatures match independent reconstructions; declared verdict is ignored
invalid-certificate_claim-0069,certificate_claim,69,False,False,certificate_signature_claims,certificate_signature_claims,True,False,False,True,dd5de31bc4b10fd52d5c8aeb15d553b35a9217bb5305c0184e82376ad33ef2aa,0.068551958,declared Choi and signed logical-action signatures match independent reconstructions; declared verdict is ignored
invalid-certificate_claim-0070,certificate_claim,70,False,False,certificate_signature_claims,certificate_signature_claims,True,False,False,True,eb92bf8556b6d4504fbfc4a21b8d6f3277cefb98d9e99eb6f313194c6afd2093,0.069196250,declared Choi and signed logical-action signatures match independent reconstructions; declared verdict is ignored
invalid-certificate_claim-0071,certificate_claim,71,False,False,certificate_signature_claims,certificate_signature_claims,True,False,False,True,987dba30bd0d3a13324c06cc03b283cd8ce8af9e0643c00b8b92e9d0957ccf89,0.074989000,declared Choi and signed logical-action signatures match independent reconstructions; declared verdict is ignored
invalid-certificate_claim-0072,certificate_claim,72,False,False,certificate_signature_claims,certificate_signature_claims,True,False,False,True,8447f005f443d69586cf70d78b769160c95eae079294997fbede18dead2ced94,0.068585709,declared Choi and signed logical-action signatures match independent reconstructions; declared verdict is ignored
invalid-certificate_claim-0073,certificate_claim,73,False,False,certificate_signature_claims,certificate_signature_claims,True,False,False,True,0007192bf466ca5a22bf0ac79f0c988500deffdc3e3bb305f4d1fd3df2ab9fa2,0.068934791,declared Choi and signed logical-action signatures match independent reconstructions; declared verdict is ignored
invalid-certificate_claim-0074,certificate_claim,74,False,False,certificate_signature_claims,certificate_signature_claims,True,False,False,True,3f691f577d1ff827cbfae6a50150e7e6d00533775c34c6f0a48c59b32acbf347,0.075782167,declared Choi and signed logical-action signatures match independent reconstructions; declared verdict is ignored
invalid-certificate_claim-0075,certificate_claim,75,False,False,certificate_signature_claims,certificate_signature_claims,True,False,False,True,f242dd9fb128e86e96f28e725eb5a8a3ccf68b8a64a7db10e9b04d99733e379f,0.067785250,declared Choi and signed logical-action signatures match independent reconstructions; declared verdict is ignored
invalid-certificate_claim-0076,certificate_claim,76,False,False,certificate_signature_claims,certificate_signature_claims,True,False,False,True,dcc25f34cfc8060b8f4b2655c7744a9f373f2c21a56d025a5b812d94d28f18c2,0.070414917,declared Choi and signed logical-action signatures match independent reconstructions; declared verdict is ignored
invalid-certificate_claim-0077,certificate_claim,77,False,False,certificate_signature_claims,certificate_signature_claims,True,False,False,True,96ac2a00ce73a5259614d3d1c3ed78f9af53bf9a632094188be7a1d00dfff708,0.076724750,declared Choi and signed logical-action signatures match independent reconstructions; declared verdict is ignored
invalid-certificate_claim-0078,certificate_claim,78,False,False,certificate_signature_claims,certificate_signature_claims,True,False,False,True,e858ab2025d53a538145462b362a1cf54743f0d01905906597dd5f3c9dee2880,0.068981875,declared Choi and signed logical-action signatures match independent reconstructions; declared verdict is ignored
invalid-certificate_claim-0079,certificate_claim,79,False,False,certificate_signature_claims,certificate_signature_claims,True,False,False,True,d311a5255c887c70b9fa2b86a5a1620ff82414eaa7d9966f4c0e3c2b8e4b74e2,0.069785500,declared Choi and signed logical-action signatures match independent reconstructions; declared verdict is ignored
invalid-certificate_claim-0080,certificate_claim,80,False,False,certificate_signature_claims,certificate_signature_claims,True,False,False,True,f251dbf63fe621b987900624a6d9c446733f6e9eda6cce18278d0f289c63556b,0.076410042,declared Choi and signed logical-action signatures match independent reconstructions; declared verdict is ignored
invalid-certificate_claim-0081,certificate_claim,81,False,False,certificate_signature_claims,certificate_signature_claims,True,False,False,True,d16bf45d6fc26e8af8b2211ecc44f8ade6e25b7e2e8f3fcc105392660617d514,0.069318750,declared Choi and signed logical-action signatures match independent reconstructions; declared verdict is ignored
invalid-certificate_claim-0082,certificate_claim,82,False,False,certificate_signature_claims,certificate_signature_claims,True,False,False,True,8c16bf95f239cd7fc57f3d2c3282a2e7be26effea562e0363ccfd5f4b03b54b6,0.068102917,declared Choi and signed logical-action signatures match independent reconstructions; declared verdict is ignored
invalid-certificate_claim-0083,certificate_claim,83,False,False,certificate_signature_claims,certificate_signature_claims,True,False,False,True,2d2a269e7bc3211d747609acd4ed1bc347f4147c3857582921f6a6c4ad3227d3,0.075038875,declared Choi and signed logical-action signatures match independent reconstructions; declared verdict is ignored
invalid-certificate_claim-0084,certificate_claim,84,False,False,certificate_signature_claims,certificate_signature_claims,True,False,False,True,bd8568a70d3a9290b99fb044a69d834fdf5c2856e840bccfb4dc5922b809bd78,0.068710292,declared Choi and signed logical-action signatures match independent reconstructions; declared verdict is ignored
invalid-certificate_claim-0085,certificate_claim,85,False,False,certificate_signature_claims,certificate_signature_claims,True,False,False,True,8429b2a90727369d5c2bbb545df980c2779b66b26e4be564c3996e5e9f5b0b2c,0.068456458,declared Choi and signed logical-action signatures match independent reconstructions; declared verdict is ignored
invalid-certificate_claim-0086,certificate_claim,86,False,False,certificate_signature_claims,certificate_signature_claims,True,False,False,True,cb348258baf1cec723c923271267f8f0c09540e510aa91afa7b821d11f952458,0.077768833,declared Choi and signed logical-action signatures match independent reconstructions; declared verdict is ignored
invalid-certificate_claim-0087,certificate_claim,87,False,False,certificate_signature_claims,certificate_signature_claims,True,False,False,True,beaa9016d385fd0bd1c307d576ddddf2e4e25cf21e0c8957b948cb5ea6cd9840,0.068927750,declared Choi and signed logical-action signatures match independent reconstructions; declared verdict is ignored
invalid-certificate_claim-0088,certificate_claim,88,False,False,certificate_signature_claims,certificate_signature_claims,True,False,False,True,69a063b07f10ad42574ebb140cbecc4129ecf42d2250b593ba96f724aa47897e,0.068591417,declared Choi and signed logical-action signatures match independent reconstructions; declared verdict is ignored
invalid-certificate_claim-0089,certificate_claim,89,False,False,certificate_signature_claims,certificate_signature_claims,True,False,False,True,11032682d417bda09fe165a99ccccf056b9a7b786f0561b1c88dc021c36ca842,0.075128417,declared Choi and signed logical-action signatures match independent reconstructions; declared verdict is ignored
invalid-certificate_claim-0090,certificate_claim,90,False,False,certificate_signature_claims,certificate_signature_claims,True,False,False,True,7fab0dcb89f2cc07e2672977b5f218332133897377b8242d5f3891d044fccac8,0.069119709,declared Choi and signed logical-action signatures match independent reconstructions; declared verdict is ignored
invalid-certificate_claim-0091,certificate_claim,91,False,False,certificate_signature_claims,certificate_signature_claims,True,False,False,True,761c4333c663a82dc5df6530596f93c3f6625504beac770dbd22338c97cac596,0.068486875,declared Choi and signed logical-action signatures match independent reconstructions; declared verdict is ignored
invalid-certificate_claim-0092,certificate_claim,92,False,False,certificate_signature_claims,certificate_signature_claims,True,False,False,True,541ed8b510e8c6b328cc2490fad5db763738fb889f48087c96f63026abc801d2,0.075969709,declared Choi and signed logical-action signatures match independent reconstructions; declared verdict is ignored
invalid-certificate_claim-0093,certificate_claim,93,False,False,certificate_signature_claims,certificate_signature_claims,True,False,False,True,05f5f234f1db7037c28834c89513cb9f6e85d04c4ae1bd4a3fd0d47f3b598989,0.069356833,declared Choi and signed logical-action signatures match independent reconstructions; declared verdict is ignored
invalid-certificate_claim-0094,certificate_claim,94,False,False,certificate_signature_claims,certificate_signature_claims,True,False,False,True,3957ed249671b26d4595757121e9c4dc5820feb7a35d40313badf07557f7800b,0.069686417,declared Choi and signed logical-action signatures match independent reconstructions; declared verdict is ignored
invalid-certificate_claim-0095,certificate_claim,95,False,False,certificate_signature_claims,certificate_signature_claims,True,False,False,True,069cbd9008a31a499149aeb8e16cc6b643b1c84b25d8d9bfd02709e6309efdff,0.076240916,declared Choi and signed logical-action signatures match independent reconstructions; declared verdict is ignored
invalid-certificate_claim-0096,certificate_claim,96,False,False,certificate_signature_claims,certificate_signature_claims,True,False,False,True,b2183c640b4303a2aa923a37a6039310f6e5a851f69eadf4ffdaebc46a3056e6,0.068485959,declared Choi and signed logical-action signatures match independent reconstructions; declared verdict is ignored
invalid-certificate_claim-0097,certificate_claim,97,False,False,certificate_signature_claims,certificate_signature_claims,True,False,False,True,dc95663f9a09141ed7c663a5ffa2d9881f746f7439d83672850e706dc62d6350,0.068304542,declared Choi and signed logical-action signatures match independent reconstructions; declared verdict is ignored
invalid-certificate_claim-0098,certificate_claim,98,False,False,certificate_signature_claims,certificate_signature_claims,True,False,False,True,8c5f7060ee9f5a1a228127f7645bbc3e0bda7fda80047e2bc1d0183597289c6a,0.075604166,declared Choi and signed logical-action signatures match independent reconstructions; declared verdict is ignored
invalid-certificate_claim-0099,certificate_claim,99,False,False,certificate_signature_claims,certificate_signature_claims,True,False,False,True,95009a70f7509ca07d92cf342abc339234c9ba6549d4b6b7bfc9f5c9efe6a217,0.069241292,declared Choi and signed logical-action signatures match independent reconstructions; declared verdict is ignored
invalid-fidelity_claim-0000,fidelity_claim,0,False,False,circuit_entanglement_fidelity,circuit_entanglement_fidelity,True,False,False,True,1bd4c9fe5cfe667c1e9fe193bba8c4ce6e77837e822deb47c8c61171dfc9e06a,0.076342875,"independent=1, artifact=0.000999000999000999"
invalid-fidelity_claim-0001,fidelity_claim,1,False,False,circuit_entanglement_fidelity,circuit_entanglement_fidelity,True,False,False,True,b356fdad1dd1319bb0a8d83568e3def3fa8854883dfee277383551c1cec32caf,0.076525750,"independent=1, artifact=0.001998001998001998"
invalid-fidelity_claim-0002,fidelity_claim,2,False,False,circuit_entanglement_fidelity,circuit_entanglement_fidelity,True,False,False,True,85dbd2237d0e7fba760d3cf20fe4ebd3dab97addbfd25d1c0b55f5f101c51fc8,0.075790542,"independent=1, artifact=0.002997002997002997"
invalid-fidelity_claim-0003,fidelity_claim,3,False,False,circuit_entanglement_fidelity,circuit_entanglement_fidelity,True,False,False,True,3f6c77e695d41ecbdca5bdebc430b24118c9c0160b150a85128a6dab93f2b063,0.085811875,"independent=1, artifact=0.003996003996003996"
invalid-fidelity_claim-0004,fidelity_claim,4,False,False,circuit_entanglement_fidelity,circuit_entanglement_fidelity,True,False,False,True,ba42124fdec26e2b88f5ccc432254a92d26fed3c78546d5f03e63644c406c60c,0.075951333,"independent=1, artifact=0.004995004995004995"
invalid-fidelity_claim-0005,fidelity_claim,5,False,False,circuit_entanglement_fidelity,circuit_entanglement_fidelity,True,False,False,True,dfbcc3534ecc7078703a8d2b58269f67b943ae1880e58157af4f5e0b567cc636,0.076616875,"independent=1, artifact=0.005994005994005994"
invalid-fidelity_claim-0006,fidelity_claim,6,False,False,circuit_entanglement_fidelity,circuit_entanglement_fidelity,True,False,False,True,ed4c07e0b60f37b3ec7dec585c7b3b7509096f9f080ff817483ed301451bba32,0.074884250,"independent=1, artifact=0.006993006993006993"
invalid-fidelity_claim-0007,fidelity_claim,7,False,False,circuit_entanglement_fidelity,circuit_entanglement_fidelity,True,False,False,True,9ca6bfed79649621812c3b69ea5fcb11bf4ea9ddb51f9ed8eb706028feac406b,0.075939250,"independent=1, artifact=0.007992007992007992"
invalid-fidelity_claim-0008,fidelity_claim,8,False,False,circuit_entanglement_fidelity,circuit_entanglement_fidelity,True,False,False,True,d73148c559447bcea5cb49dc7181039bfdcfd6e65d28344133ab2ee191c65f92,0.076251541,"independent=1, artifact=0.008991008991008992"
invalid-fidelity_claim-0009,fidelity_claim,9,False,False,circuit_entanglement_fidelity,circuit_entanglement_fidelity,True,False,False,True,edcb04f6bfc353db0f2b348e264a8c08cc605f53acb528b567edecb2505988be,0.075229958,"independent=1, artifact=0.00999000999000999"
invalid-fidelity_claim-0010,fidelity_claim,10,False,False,circuit_entanglement_fidelity,circuit_entanglement_fidelity,True,False,False,True,5432e745adfc90ae932a1794b8e5c2a974fca1997c99e38cebf0e5cf7a761871,0.074987917,"independent=1, artifact=0.01098901098901099"
invalid-fidelity_claim-0011,fidelity_claim,11,False,False,circuit_entanglement_fidelity,circuit_entanglement_fidelity,True,False,False,True,e68d2be58dbe608bac33fb05d7a395b07572412496dddf6f53a2e65c5521f3a3,0.078933583,"independent=1, artifact=0.011988011988011988"
invalid-fidelity_claim-0012,fidelity_claim,12,False,False,circuit_entanglement_fidelity,circuit_entanglement_fidelity,True,False,False,True,d8cd1a9c20a2596d619c79ac3842d63b0073f4b15abd84f8e05749a4e91ad003,0.076503250,"independent=1, artifact=0.012987012987012988"
invalid-fidelity_claim-0013,fidelity_claim,13,False,False,circuit_entanglement_fidelity,circuit_entanglement_fidelity,True,False,False,True,e9ff2022961c83886801cd19577a915b872f802385e81b0adac9544f44ee0775,0.075883958,"independent=1, artifact=0.013986013986013986"
invalid-fidelity_claim-0014,fidelity_claim,14,False,False,circuit_entanglement_fidelity,circuit_entanglement_fidelity,True,False,False,True,c2c242ad1b859c18da230ddeafadac44ad04a17e9229883e6115267e8d09901b,0.075611041,"independent=1, artifact=0.014985014985014986"
invalid-fidelity_claim-0015,fidelity_claim,15,False,False,circuit_entanglement_fidelity,circuit_entanglement_fidelity,True,False,False,True,a590222862ca6e3b0539357aa5d60ffda4562a8189ccb79036421c0439b60bc1,0.075367750,"independent=1, artifact=0.015984015984015984"
invalid-fidelity_claim-0016,fidelity_claim,16,False,False,circuit_entanglement_fidelity,circuit_entanglement_fidelity,True,False,False,True,18034185631052749a62c47fd6ad1c6c4a12eacbf8eb42f283280c8e551b6c5e,0.074608000,"independent=1, artifact=0.016983016983016984"
invalid-fidelity_claim-0017,fidelity_claim,17,False,False,circuit_entanglement_fidelity,circuit_entanglement_fidelity,True,False,False,True,aae95e269d99909e4d408d81a54e9378f8b63d74c1f7009778d498f21c47bd1e,0.074578375,"independent=1, artifact=0.017982017982017984"
invalid-fidelity_claim-0018,fidelity_claim,18,False,False,circuit_entanglement_fidelity,circuit_entanglement_fidelity,True,False,False,True,04ab444ba28236280ffcceb89b9fd93905a5dc511a08ec5e1cfac15769769572,0.075321417,"independent=1, artifact=0.01898101898101898"
invalid-fidelity_claim-0019,fidelity_claim,19,False,False,circuit_entanglement_fidelity,circuit_entanglement_fidelity,True,False,False,True,3f96d9b8bc0e7eeb6c66b165dd5680f19e6b57bca1a303f2805bd71a5b56a2eb,0.074601083,"independent=1, artifact=0.01998001998001998"
invalid-fidelity_claim-0020,fidelity_claim,20,False,False,circuit_entanglement_fidelity,circuit_entanglement_fidelity,True,False,False,True,39b9eeb59b7fca1f6a86846f79bb82fc6791ad1f2752833500dca9e6f25db516,0.075324791,"independent=1, artifact=0.02097902097902098"
invalid-fidelity_claim-0021,fidelity_claim,21,False,False,circuit_entanglement_fidelity,circuit_entanglement_fidelity,True,False,False,True,333012a5f1ade8fe1d2f0f91930d8521959893f87ab1deb8b2e782c34544dd99,0.074627583,"independent=1, artifact=0.02197802197802198"
invalid-fidelity_claim-0022,fidelity_claim,22,False,False,circuit_entanglement_fidelity,circuit_entanglement_fidelity,True,False,False,True,305826d5d2f3120627aa526c03b424263354d948c5f9f6c3d99fdce2eefba587,0.076695292,"independent=1, artifact=0.022977022977022976"
invalid-fidelity_claim-0023,fidelity_claim,23,False,False,circuit_entanglement_fidelity,circuit_entanglement_fidelity,True,False,False,True,0f0824dc981bd41edfc2f8327e4abe1cc19c8c0f9b5fc1f6b248165d02ceb449,0.075737708,"independent=1, artifact=0.023976023976023976"
invalid-fidelity_claim-0024,fidelity_claim,24,False,False,circuit_entanglement_fidelity,circuit_entanglement_fidelity,True,False,False,True,a3d1ace64b2fbe6ec3e82d2b39c17eaa6f504cbcc13643bd1bf1be2b54c47c29,0.075339292,"independent=1, artifact=0.024975024975024976"
invalid-fidelity_claim-0025,fidelity_claim,25,False,False,circuit_entanglement_fidelity,circuit_entanglement_fidelity,True,False,False,True,4b6cc468368256f16baad5c28fb5cf7362695c8f33000618c67d4cac174c6949,0.075978542,"independent=1, artifact=0.025974025974025976"
invalid-fidelity_claim-0026,fidelity_claim,26,False,False,circuit_entanglement_fidelity,circuit_entanglement_fidelity,True,False,False,True,22fac0c55beda61cc2a375c7b41930224b7c3d323774d31a64fbd06d268d9b2c,0.075200042,"independent=1, artifact=0.026973026973026972"
invalid-fidelity_claim-0027,fidelity_claim,27,False,False,circuit_entanglement_fidelity,circuit_entanglement_fidelity,True,False,False,True,4f5ebd1d46fd33aed7d2112ef860a9d0c7e73ec25a72d64fe47f21d6ebb4c9a6,0.074850875,"independent=1, artifact=0.027972027972027972"
invalid-fidelity_claim-0028,fidelity_claim,28,False,False,circuit_entanglement_fidelity,circuit_entanglement_fidelity,True,False,False,True,9f2c550e37a893e383fdd99555dbbb787c462f830ddb50690cf6b89d4ef619cc,0.076287709,"independent=1, artifact=0.028971028971028972"
invalid-fidelity_claim-0029,fidelity_claim,29,False,False,circuit_entanglement_fidelity,circuit_entanglement_fidelity,True,False,False,True,7304930f647f27ac83945b500745e1909b581aeb43bd67c384187a88aff4fbf4,0.076010708,"independent=1, artifact=0.029970029970029972"
invalid-fidelity_claim-0030,fidelity_claim,30,False,False,circuit_entanglement_fidelity,circuit_entanglement_fidelity,True,False,False,True,0190dd89199c6081fa7cee5a3a67047a27f370901abf06522d5aae0cd2fc3504,0.075253709,"independent=1, artifact=0.030969030969030968"
invalid-fidelity_claim-0031,fidelity_claim,31,False,False,circuit_entanglement_fidelity,circuit_entanglement_fidelity,True,False,False,True,0da66a1651cda2217b862a2b949ad5d1a0dd7d1ab961d66c6be8d28a6d52dd14,0.075928458,"independent=1, artifact=0.03196803196803197"
invalid-fidelity_claim-0032,fidelity_claim,32,False,False,circuit_entanglement_fidelity,circuit_entanglement_fidelity,True,False,False,True,6f363608aed617198901cab71f1a000637e19e9f1664cfc60bf0f392ff1bae67,0.078003917,"independent=1, artifact=0.03296703296703297"
invalid-fidelity_claim-0033,fidelity_claim,33,False,False,circuit_entanglement_fidelity,circuit_entanglement_fidelity,True,False,False,True,732c4016d476433885db4d81467e5b95b1a8bd1f969494a4f5259e28fc92613a,0.075794125,"independent=1, artifact=0.03396603396603397"
invalid-fidelity_claim-0034,fidelity_claim,34,False,False,circuit_entanglement_fidelity,circuit_entanglement_fidelity,True,False,False,True,7720afd718f27d6b6223067bb1bda2849a2bc9c0174082184ffb316368ee34e6,0.075609125,"independent=1, artifact=0.03496503496503497"
invalid-fidelity_claim-0035,fidelity_claim,35,False,False,circuit_entanglement_fidelity,circuit_entanglement_fidelity,True,False,False,True,6c1c72cebcd26ef1c445cce9facff941160d820534b21bb3b235e5c485e5c263,0.075389042,"independent=1, artifact=0.03596403596403597"
invalid-fidelity_claim-0036,fidelity_claim,36,False,False,circuit_entanglement_fidelity,circuit_entanglement_fidelity,True,False,False,True,b5c15446df1495159f0523d899143262d2112698806197cb98a92bc97835f596,0.076221375,"independent=1, artifact=0.03696303696303696"
invalid-fidelity_claim-0037,fidelity_claim,37,False,False,circuit_entanglement_fidelity,circuit_entanglement_fidelity,True,False,False,True,b6324ee744694b45bafc1fab58b373818d1ab7595a3d155a70e5d6c80ff3fdfe,0.075419791,"independent=1, artifact=0.03796203796203796"
invalid-fidelity_claim-0038,fidelity_claim,38,False,False,circuit_entanglement_fidelity,circuit_entanglement_fidelity,True,False,False,True,a48305aa17dbf89bd1c87ea6c08cf7aa1cefcd70d39b410d2ebc8d3c4d5623de,0.076356375,"independent=1, artifact=0.03896103896103896"
invalid-fidelity_claim-0039,fidelity_claim,39,False,False,circuit_entanglement_fidelity,circuit_entanglement_fidelity,True,False,False,True,424932548cb78c41c59c00aeb79ff3eca4046ac78e9b88722d5cf567b6726f8f,0.076093084,"independent=1, artifact=0.03996003996003996"
invalid-fidelity_claim-0040,fidelity_claim,40,False,False,circuit_entanglement_fidelity,circuit_entanglement_fidelity,True,False,False,True,06853993b20b375c61e5bc1b8296ffead49da33ca383660aae7d40c7cd7dd878,0.075996417,"independent=1, artifact=0.04095904095904096"
invalid-fidelity_claim-0041,fidelity_claim,41,False,False,circuit_entanglement_fidelity,circuit_entanglement_fidelity,True,False,False,True,cc90c3cd8d42c56353c0ebce986aa4e2424b8035382e6bfc6ac75191585d0caf,0.076952208,"independent=1, artifact=0.04195804195804196"
invalid-fidelity_claim-0042,fidelity_claim,42,False,False,circuit_entanglement_fidelity,circuit_entanglement_fidelity,True,False,False,True,a7c267da678f7bf0e9c17214d9caa2e0296ac3fb984f35673d358cfa79da017c,0.075401334,"independent=1, artifact=0.04295704295704296"
invalid-fidelity_claim-0043,fidelity_claim,43,False,False,circuit_entanglement_fidelity,circuit_entanglement_fidelity,True,False,False,True,bd8424ef731aa8352ddfd30ee08b6856529bd971e6de47a7da881cd84bd03ea8,0.075822209,"independent=1, artifact=0.04395604395604396"
invalid-fidelity_claim-0044,fidelity_claim,44,False,False,circuit_entanglement_fidelity,circuit_entanglement_fidelity,True,False,False,True,6c640a2461e2e2e0d425bb8279c9ddc57faecb01566b0406419d23854d1001d2,0.075576083,"independent=1, artifact=0.04495504495504495"
invalid-fidelity_claim-0045,fidelity_claim,45,False,False,circuit_entanglement_fidelity,circuit_entanglement_fidelity,True,False,False,True,ba541a7f94eb29e912809602e44becab09630e66742f4468bcbb8d5a089e9d58,0.076756375,"independent=1, artifact=0.04595404595404595"
invalid-fidelity_claim-0046,fidelity_claim,46,False,False,circuit_entanglement_fidelity,circuit_entanglement_fidelity,True,False,False,True,97b2f9029b4ec14ee54ba92e18e2855c5534353b1b60b92c6ba2d2cc0f245ba2,0.075913000,"independent=1, artifact=0.04695304695304695"
invalid-fidelity_claim-0047,fidelity_claim,47,False,False,circuit_entanglement_fidelity,circuit_entanglement_fidelity,True,False,False,True,522654a17a9e8eba555978ca43b0a452fe3310359f88d1537a4647b855e7bce1,0.076065750,"independent=1, artifact=0.04795204795204795"
invalid-fidelity_claim-0048,fidelity_claim,48,False,False,circuit_entanglement_fidelity,circuit_entanglement_fidelity,True,False,False,True,40c2eb8b3309e7f31e36948bcc20ece86801c612208b372de4c9100e1796559a,0.074533333,"independent=1, artifact=0.04895104895104895"
invalid-fidelity_claim-0049,fidelity_claim,49,False,False,circuit_entanglement_fidelity,circuit_entanglement_fidelity,True,False,False,True,02e4e2c669324e49973e0889b21a5cae4853102d6a75d1671aa01eb82dc04402,0.075066666,"independent=1, artifact=0.04995004995004995"
invalid-fidelity_claim-0050,fidelity_claim,50,False,False,circuit_entanglement_fidelity,circuit_entanglement_fidelity,True,False,False,True,99da1abf9d06ed60091fd66cbd0f28b9b7cf96fe8ed36d30c16c4c6622efd03a,0.076171083,"independent=1, artifact=0.05094905094905095"
invalid-fidelity_claim-0051,fidelity_claim,51,False,False,circuit_entanglement_fidelity,circuit_entanglement_fidelity,True,False,False,True,95c7deb60cf03b05cf999b435cd53dfd454065c84cbb6411ce6dde05943c25e9,0.075778792,"independent=1, artifact=0.05194805194805195"
invalid-fidelity_claim-0052,fidelity_claim,52,False,False,circuit_entanglement_fidelity,circuit_entanglement_fidelity,True,False,False,True,8584bf2284e7e762d3233a27f15b1ad8f7ee9f7085a1c7558dd81d9e05a19a60,0.075016667,"independent=1, artifact=0.052947052947052944"
invalid-fidelity_claim-0053,fidelity_claim,53,False,False,circuit_entanglement_fidelity,circuit_entanglement_fidelity,True,False,False,True,3f17b213e992d815e86743e0381e55a4c6cf15f1fe6012b2da5ff11b16569517,0.076151834,"independent=1, artifact=0.053946053946053944"
invalid-fidelity_claim-0054,fidelity_claim,54,False,False,circuit_entanglement_fidelity,circuit_entanglement_fidelity,True,False,False,True,3940ba25901170941c26b4d8a2bb1265e8540fd1e76400559e00c60c294ced79,0.076337334,"independent=1, artifact=0.054945054945054944"
invalid-fidelity_claim-0055,fidelity_claim,55,False,False,circuit_entanglement_fidelity,circuit_entanglement_fidelity,True,False,False,True,3370dd52a5eef2c53937b37d3eb123bf9421551f1d4c6693741cad097c2d0877,0.075436541,"independent=1, artifact=0.055944055944055944"
invalid-fidelity_claim-0056,fidelity_claim,56,False,False,circuit_entanglement_fidelity,circuit_entanglement_fidelity,True,False,False,True,d8a1aeda59298ea10815fdc09879ae09beb1fafa51cb7a1d7ae2afbb0e3320f6,0.074942041,"independent=1, artifact=0.056943056943056944"
invalid-fidelity_claim-0057,fidelity_claim,57,False,False,circuit_entanglement_fidelity,circuit_entanglement_fidelity,True,False,False,True,fdf803ea8aa29f4c309a0b7b6a8aa3e2cbe65adc3db14ffa4955a325b55e18ea,0.075843625,"independent=1, artifact=0.057942057942057944"
invalid-fidelity_claim-0058,fidelity_claim,58,False,False,circuit_entanglement_fidelity,circuit_entanglement_fidelity,True,False,False,True,ddab13f4699af8edfb79f861801eaf28eaea562c97c41a5954a9ebef8d6795b9,0.076544834,"independent=1, artifact=0.058941058941058944"
invalid-fidelity_claim-0059,fidelity_claim,59,False,False,circuit_entanglement_fidelity,circuit_entanglement_fidelity,True,False,False,True,9688fe4fbc7e3a459ada70e8cec077a448c93ead86878a40d00d2f8932064f59,0.075582333,"independent=1, artifact=0.059940059940059943"
invalid-fidelity_claim-0060,fidelity_claim,60,False,False,circuit_entanglement_fidelity,circuit_entanglement_fidelity,True,False,False,True,41be01d490905330947670b27635ab982bedf75b443ce3f7a8d921a65a832c9f,0.076173792,"independent=1, artifact=0.060939060939060936"
invalid-fidelity_claim-0061,fidelity_claim,61,False,False,circuit_entanglement_fidelity,circuit_entanglement_fidelity,True,False,False,True,19b00b6248b00184ba68bdd515592590d53e643a24dffe1507efed042f4962d2,0.075150166,"independent=1, artifact=0.061938061938061936"
invalid-fidelity_claim-0062,fidelity_claim,62,False,False,circuit_entanglement_fidelity,circuit_entanglement_fidelity,True,False,False,True,dcb03f7803f9077d86943baf9cd3ecac56db57f398449a1198a32cbf8b5e02dc,0.076479917,"independent=1, artifact=0.06293706293706294"
invalid-fidelity_claim-0063,fidelity_claim,63,False,False,circuit_entanglement_fidelity,circuit_entanglement_fidelity,True,False,False,True,7492e042fe0076972d906af0379569fed46775233fb5713b164ad2bf036e4b4e,0.075750166,"independent=1, artifact=0.06393606393606394"
invalid-fidelity_claim-0064,fidelity_claim,64,False,False,circuit_entanglement_fidelity,circuit_entanglement_fidelity,True,False,False,True,9d621ca7ea056d079b29c47efc9475a677d81c27f05033fabc4f999ed7624150,0.075578042,"independent=1, artifact=0.06493506493506493"
invalid-fidelity_claim-0065,fidelity_claim,65,False,False,circuit_entanglement_fidelity,circuit_entanglement_fidelity,True,False,False,True,258e61b486012a9a9c6d976c6fc80a8e65897cf4896bc49af52a64932635de94,0.076462541,"independent=1, artifact=0.06593406593406594"
invalid-fidelity_claim-0066,fidelity_claim,66,False,False,circuit_entanglement_fidelity,circuit_entanglement_fidelity,True,False,False,True,96f4964b1c84cbc2fbdd510ee31a39bc3cf42298fc2638bfb74bcc6ca785006b,0.076328083,"independent=1, artifact=0.06693306693306693"
invalid-fidelity_claim-0067,fidelity_claim,67,False,False,circuit_entanglement_fidelity,circuit_entanglement_fidelity,True,False,False,True,e1597165539200289140e10af23188d55c7f0ba1b566257aa311d56054465792,0.075934375,"independent=1, artifact=0.06793206793206794"
invalid-fidelity_claim-0068,fidelity_claim,68,False,False,circuit_entanglement_fidelity,circuit_entanglement_fidelity,True,False,False,True,53d70005a2383b33f2b1f782a1dbb8a51cdbd7500d51027b6eccdbb4685ee286,0.076104875,"independent=1, artifact=0.06893106893106893"
invalid-fidelity_claim-0069,fidelity_claim,69,False,False,circuit_entanglement_fidelity,circuit_entanglement_fidelity,True,False,False,True,278394be87f890ad43f66fb3a611d3ac78a547fbef67b653ac9ace898e683ff1,0.076038041,"independent=1, artifact=0.06993006993006994"
invalid-fidelity_claim-0070,fidelity_claim,70,False,False,circuit_entanglement_fidelity,circuit_entanglement_fidelity,True,False,False,True,d6eec2435323ff5f77e17fcd1366c60d85532db2842518315ee095f3e2b50ef7,0.075823750,"independent=1, artifact=0.07092907092907093"
invalid-fidelity_claim-0071,fidelity_claim,71,False,False,circuit_entanglement_fidelity,circuit_entanglement_fidelity,True,False,False,True,a5ec05626950707a4c84f303133b37ea771d708343db842af66567b79d2cf1cc,0.076831625,"independent=1, artifact=0.07192807192807193"
invalid-fidelity_claim-0072,fidelity_claim,72,False,False,circuit_entanglement_fidelity,circuit_entanglement_fidelity,True,False,False,True,6fb2b5e6777ecc6a67bfeaff0a036964a9960adbbca80e5111c46ef1dc3d9703,0.076407167,"independent=1, artifact=0.07292707292707293"
invalid-fidelity_claim-0073,fidelity_claim,73,False,False,circuit_entanglement_fidelity,circuit_entanglement_fidelity,True,False,False,True,ef13bfe3b957f258b34665fc972987d1277f35c57922c70d789acaf3dfe054f0,0.075276167,"independent=1, artifact=0.07392607392607392"
invalid-fidelity_claim-0074,fidelity_claim,74,False,False,circuit_entanglement_fidelity,circuit_entanglement_fidelity,True,False,False,True,c986ddb226c144100dfda34fecc31822050d07e4a1ef61f17f59aae8ee5c72c0,0.075063417,"independent=1, artifact=0.07492507492507493"
invalid-fidelity_claim-0075,fidelity_claim,75,False,False,circuit_entanglement_fidelity,circuit_entanglement_fidelity,True,False,False,True,a87919b205f05966c9806213a1f1cf147d551e98999e08ced3ec66adc2ccaf42,0.075063667,"independent=1, artifact=0.07592407592407592"
invalid-fidelity_claim-0076,fidelity_claim,76,False,False,circuit_entanglement_fidelity,circuit_entanglement_fidelity,True,False,False,True,b315494326083c6bbaf89b3bd73f55efe67e687469c2f9697c1c267fa0b1d70b,0.076208917,"independent=1, artifact=0.07692307692307693"
invalid-fidelity_claim-0077,fidelity_claim,77,False,False,circuit_entanglement_fidelity,circuit_entanglement_fidelity,True,False,False,True,8e5bc92823924b5fa1fb77f002d0a4965997394ecfb8e37a9066f479a9e3e6bb,0.075499417,"independent=1, artifact=0.07792207792207792"
invalid-fidelity_claim-0078,fidelity_claim,78,False,False,circuit_entanglement_fidelity,circuit_entanglement_fidelity,True,False,False,True,b0800cc6993f5f2770e1e9ae076adb41b456a8c58f5f57b4b17fb49a0cb07878,0.076666500,"independent=1, artifact=0.07892107892107893"
invalid-fidelity_claim-0079,fidelity_claim,79,False,False,circuit_entanglement_fidelity,circuit_entanglement_fidelity,True,False,False,True,8f671cac7f01d05ed274c44c847dd3456e4ba623ac708e1d9129ba0ddf9da958,0.077619583,"independent=1, artifact=0.07992007992007992"
invalid-fidelity_claim-0080,fidelity_claim,80,False,False,circuit_entanglement_fidelity,circuit_entanglement_fidelity,True,False,False,True,931d8d9b460d63014122f9b53e4cc87b3a8f5b0e6a4ea66b3f8d8122879d2d7a,0.074832791,"independent=1, artifact=0.08091908091908091"
invalid-fidelity_claim-0081,fidelity_claim,81,False,False,circuit_entanglement_fidelity,circuit_entanglement_fidelity,True,False,False,True,c5f80624fb7b6f4f6af5e37217575916d9cda887c09961b82478b14e84df104e,0.076519333,"independent=1, artifact=0.08191808191808192"
invalid-fidelity_claim-0082,fidelity_claim,82,False,False,circuit_entanglement_fidelity,circuit_entanglement_fidelity,True,False,False,True,4f5ee8371663f3c615292e8bd22730397c6e1a864be185de27dd8251afbd0097,0.075556083,"independent=1, artifact=0.08291708291708291"
invalid-fidelity_claim-0083,fidelity_claim,83,False,False,circuit_entanglement_fidelity,circuit_entanglement_fidelity,True,False,False,True,ab305779188a54b473dd2aff749fdbfda1bff9e99d922f9dc39e3395816a230f,0.076073792,"independent=1, artifact=0.08391608391608392"
invalid-fidelity_claim-0084,fidelity_claim,84,False,False,circuit_entanglement_fidelity,circuit_entanglement_fidelity,True,False,False,True,e72ec0c30c1b0681c00a134dc32a6fba9b9095b47c4d4610a0ba0fc76d970375,0.076872459,"independent=1, artifact=0.08491508491508491"
invalid-fidelity_claim-0085,fidelity_claim,85,False,False,circuit_entanglement_fidelity,circuit_entanglement_fidelity,True,False,False,True,efc5cd723717d52ffe6c2d4b711d91be37ace19ec38e2c2f482c9aa1b448ac96,0.076174375,"independent=1, artifact=0.08591408591408592"
invalid-fidelity_claim-0086,fidelity_claim,86,False,False,circuit_entanglement_fidelity,circuit_entanglement_fidelity,True,False,False,True,68223774aafa95b95dc729d488724f3e312617baf620dbc18337ff4d15bc1cfc,0.076340667,"independent=1, artifact=0.08691308691308691"
invalid-fidelity_claim-0087,fidelity_claim,87,False,False,circuit_entanglement_fidelity,circuit_entanglement_fidelity,True,False,False,True,0b2ccf894892f7ac831573c74dfad1caaeeaeda82f7961e73a067152b59c56a7,0.075718084,"independent=1, artifact=0.08791208791208792"
invalid-fidelity_claim-0088,fidelity_claim,88,False,False,circuit_entanglement_fidelity,circuit_entanglement_fidelity,True,False,False,True,ce7b04a2a00b0c4b101657f34f752c0e8b530d8d594548625682fe0d5badf105,0.076650417,"independent=1, artifact=0.08891108891108891"
invalid-fidelity_claim-0089,fidelity_claim,89,False,False,circuit_entanglement_fidelity,circuit_entanglement_fidelity,True,False,False,True,73ad760a37fcd90e8b609d04fb78a1cef008670f289d5e50a9e6ba388b7d3f0f,0.075801750,"independent=1, artifact=0.0899100899100899"
invalid-fidelity_claim-0090,fidelity_claim,90,False,False,circuit_entanglement_fidelity,circuit_entanglement_fidelity,True,False,False,True,392212bfaf008f16d1dcf442f4b7f8c9f90c5c2b551e658e925578c1d437c7b6,0.076330542,"independent=1, artifact=0.09090909090909091"
invalid-fidelity_claim-0091,fidelity_claim,91,False,False,circuit_entanglement_fidelity,circuit_entanglement_fidelity,True,False,False,True,54e5119bd2c3e20cd5e0c1969596afc53489b226ff69ebf97bd69b42f5fd875f,0.076133917,"independent=1, artifact=0.0919080919080919"
invalid-fidelity_claim-0092,fidelity_claim,92,False,False,circuit_entanglement_fidelity,circuit_entanglement_fidelity,True,False,False,True,34c779376cc763778549ea033cc56c47672c3b72355e9e963df0c7a105cfa86c,0.076152417,"independent=1, artifact=0.09290709290709291"
invalid-fidelity_claim-0093,fidelity_claim,93,False,False,circuit_entanglement_fidelity,circuit_entanglement_fidelity,True,False,False,True,c21e6a0b2378775853cf79b0fa72d600c0ffd5114491c9032b15e47f69eaae50,0.075859042,"independent=1, artifact=0.0939060939060939"
invalid-fidelity_claim-0094,fidelity_claim,94,False,False,circuit_entanglement_fidelity,circuit_entanglement_fidelity,True,False,False,True,29e1effe338cd2e47179e160e43df8937421e935cd7641689d8dced73372700f,0.075799166,"independent=1, artifact=0.09490509490509491"
invalid-fidelity_claim-0095,fidelity_claim,95,False,False,circuit_entanglement_fidelity,circuit_entanglement_fidelity,True,False,False,True,659f89346bf764c99eb909f4bd17215336a2b26abc80587f9c8ed138e0df4967,0.075967166,"independent=1, artifact=0.0959040959040959"
invalid-fidelity_claim-0096,fidelity_claim,96,False,False,circuit_entanglement_fidelity,circuit_entanglement_fidelity,True,False,False,True,f682202f68da87ba4844939c4f89afe9bdde5e5011f51d895487db8d22132522,0.075197625,"independent=1, artifact=0.0969030969030969"
invalid-fidelity_claim-0097,fidelity_claim,97,False,False,circuit_entanglement_fidelity,circuit_entanglement_fidelity,True,False,False,True,91bd56e599f577fe4bd09feb03dcae43d55bb53fe31819ffaf417fde1bc1ced1,0.075872750,"independent=1, artifact=0.0979020979020979"
invalid-fidelity_claim-0098,fidelity_claim,98,False,False,circuit_entanglement_fidelity,circuit_entanglement_fidelity,True,False,False,True,6e12cc0cb06dfb4d1593a250cc317e7707108ee89bb6d972d6f67cb0f2ac1f4a,0.076469167,"independent=1, artifact=0.0989010989010989"
invalid-fidelity_claim-0099,fidelity_claim,99,False,False,circuit_entanglement_fidelity,circuit_entanglement_fidelity,True,False,False,True,45e7dc845b533eb9a49e128a1d8337775106236c4e28413d43e88f4e5047e90a,0.074441667,"independent=1, artifact=0.0999000999000999"
invalid-malformed_json-0000,malformed_json,0,False,False,artifact_model_validation,artifact_model_validation,True,False,False,True,b9f5f3ccfd18d442ca681b5b4bcd7ad5ca296eb0cc1be84b3e4a8f1ed72d5e8b,0.000601458,ValueError: RecoveryArtifact contains unknown fields: unknown_top_level_0
invalid-malformed_json-0001,malformed_json,1,False,False,artifact_model_validation,artifact_model_validation,True,False,False,True,83838014c669f0f320cf24c1c569a7a74702e70438e1f54a7133fa330543cd6d,0.000540292,ValueError: tau_support contains unknown fields: unknown_nested_1
invalid-malformed_json-0002,malformed_json,2,False,False,artifact_model_validation,artifact_model_validation,True,False,False,True,b26e4a1c71560d4e5d8ae59e2f33f1cdf40e817d2510757fa038cca891b324b3,0.000524958,ValueError: RecoveryArtifact missing fields: certificate
invalid-malformed_json-0003,malformed_json,3,False,False,artifact_model_validation,artifact_model_validation,True,False,False,True,5eaadf6a2cab4d3088b2f32570753003ea9ffb60fee8905e52205ce429d13ce4,0.000724459,ValueError: unsupported RecoveryArtifact version: orelia.recovery-artifact/corrupt-3
invalid-malformed_json-0004,malformed_json,4,False,False,artifact_model_validation,artifact_model_validation,True,False,False,True,95812abadcd9c0026f0e37240d1b07c4c73cd6c98a2931a14e0e1cd80313cc6d,0.000540167,ValueError: tau-support stabilizers must be Hermitian
invalid-malformed_json-0005,malformed_json,5,False,False,artifact_model_validation,artifact_model_validation,True,False,False,True,849005b2a79ae4df7252872830155f9e7cc7902424b38ee2910c25f9dbbe5fa1,0.000523792,ValueError: RecoveryArtifact contains unknown fields: unknown_top_level_5
invalid-malformed_json-0006,malformed_json,6,False,False,artifact_model_validation,artifact_model_validation,True,False,False,True,ccc1f9edf9ed22d4ab359f47bf0fe7fa02442ba0c7d4345c045ba08510650fde,0.000526958,ValueError: tau_support contains unknown fields: unknown_nested_6
invalid-malformed_json-0007,malformed_json,7,False,False,artifact_model_validation,artifact_model_validation,True,False,False,True,b26e4a1c71560d4e5d8ae59e2f33f1cdf40e817d2510757fa038cca891b324b3,0.000520625,ValueError: RecoveryArtifact missing fields: certificate
invalid-malformed_json-0008,malformed_json,8,False,False,artifact_model_validation,artifact_model_validation,True,False,False,True,1744823c436ad4bb978702c06a17e8f91b122930d6b8a9dfe3c7caf059cbebba,0.000711625,ValueError: unsupported RecoveryArtifact version: orelia.recovery-artifact/corrupt-8
invalid-malformed_json-0009,malformed_json,9,False,False,artifact_model_validation,artifact_model_validation,True,False,False,True,95812abadcd9c0026f0e37240d1b07c4c73cd6c98a2931a14e0e1cd80313cc6d,0.000542958,ValueError: tau-support stabilizers must be Hermitian
invalid-malformed_json-0010,malformed_json,10,False,False,artifact_model_validation,artifact_model_validation,True,False,False,True,142553ca43e44f321b7043df40c3a235cb49dbe8b290a7eceedaf2e090cc3612,0.000524458,ValueError: RecoveryArtifact contains unknown fields: unknown_top_level_10
invalid-malformed_json-0011,malformed_json,11,False,False,artifact_model_validation,artifact_model_validation,True,False,False,True,602b6abd0b7e0ac28a4dcd3c692ea6523036257796193a7a9bf064f98837eb5d,0.000528916,ValueError: tau_support contains unknown fields: unknown_nested_11
invalid-malformed_json-0012,malformed_json,12,False,False,artifact_model_validation,artifact_model_validation,True,False,False,True,b26e4a1c71560d4e5d8ae59e2f33f1cdf40e817d2510757fa038cca891b324b3,0.000519834,ValueError: RecoveryArtifact missing fields: certificate
invalid-malformed_json-0013,malformed_json,13,False,False,artifact_model_validation,artifact_model_validation,True,False,False,True,98c104441106fa35a67d919476724b6fccfe46826e10e76b7115e222cf37c1f9,0.000699500,ValueError: unsupported RecoveryArtifact version: orelia.recovery-artifact/corrupt-13
invalid-malformed_json-0014,malformed_json,14,False,False,artifact_model_validation,artifact_model_validation,True,False,False,True,95812abadcd9c0026f0e37240d1b07c4c73cd6c98a2931a14e0e1cd80313cc6d,0.000540875,ValueError: tau-support stabilizers must be Hermitian
invalid-malformed_json-0015,malformed_json,15,False,False,artifact_model_validation,artifact_model_validation,True,False,False,True,23fcadadd3e0466263b784f064dfe955690041af373994c14563c688cc2289c6,0.000526208,ValueError: RecoveryArtifact contains unknown fields: unknown_top_level_15
invalid-malformed_json-0016,malformed_json,16,False,False,artifact_model_validation,artifact_model_validation,True,False,False,True,7383b5cce5a1cc69e7084857b0bbc958965835c95b314c488d703b18554e4861,0.000528125,ValueError: tau_support contains unknown fields: unknown_nested_16
invalid-malformed_json-0017,malformed_json,17,False,False,artifact_model_validation,artifact_model_validation,True,False,False,True,b26e4a1c71560d4e5d8ae59e2f33f1cdf40e817d2510757fa038cca891b324b3,0.000521750,ValueError: RecoveryArtifact missing fields: certificate
invalid-malformed_json-0018,malformed_json,18,False,False,artifact_model_validation,artifact_model_validation,True,False,False,True,2801c9dc8955303e0c0037387474515bfba8876825d7f3badaa9fe9f7896cb9c,0.000699292,ValueError: unsupported RecoveryArtifact version: orelia.recovery-artifact/corrupt-18
invalid-malformed_json-0019,malformed_json,19,False,False,artifact_model_validation,artifact_model_validation,True,False,False,True,95812abadcd9c0026f0e37240d1b07c4c73cd6c98a2931a14e0e1cd80313cc6d,0.000538750,ValueError: tau-support stabilizers must be Hermitian
invalid-malformed_json-0020,malformed_json,20,False,False,artifact_model_validation,artifact_model_validation,True,False,False,True,b547475ecfd7459503ffc162a904d78a180c0b03e03929b50bb520d85612746c,0.000523208,ValueError: RecoveryArtifact contains unknown fields: unknown_top_level_20
invalid-malformed_json-0021,malformed_json,21,False,False,artifact_model_validation,artifact_model_validation,True,False,False,True,62662367f51cff8df4d6514588e6d8046b7a9516a93d61549166721dc18e973c,0.000523958,ValueError: tau_support contains unknown fields: unknown_nested_21
invalid-malformed_json-0022,malformed_json,22,False,False,artifact_model_validation,artifact_model_validation,True,False,False,True,b26e4a1c71560d4e5d8ae59e2f33f1cdf40e817d2510757fa038cca891b324b3,0.000522959,ValueError: RecoveryArtifact missing fields: certificate
invalid-malformed_json-0023,malformed_json,23,False,False,artifact_model_validation,artifact_model_validation,True,False,False,True,2f7a60a45bc9fb1614859223a21c9f65ac2ff3e7ba40b3fb06b5d8408cf29310,0.000693416,ValueError: unsupported RecoveryArtifact version: orelia.recovery-artifact/corrupt-23
invalid-malformed_json-0024,malformed_json,24,False,False,artifact_model_validation,artifact_model_validation,True,False,False,True,95812abadcd9c0026f0e37240d1b07c4c73cd6c98a2931a14e0e1cd80313cc6d,0.000723292,ValueError: tau-support stabilizers must be Hermitian
invalid-malformed_json-0025,malformed_json,25,False,False,artifact_model_validation,artifact_model_validation,True,False,False,True,6a52d76a92ae1afa7a5f8cf4eb0c570c22a33e4a32a3fedf39f80bd1b98af4c4,0.000544250,ValueError: RecoveryArtifact contains unknown fields: unknown_top_level_25
invalid-malformed_json-0026,malformed_json,26,False,False,artifact_model_validation,artifact_model_validation,True,False,False,True,6af091f469de950270fb27bb3b7511e0a19b5554093cd6d3213c2073e3be7b95,0.000535833,ValueError: tau_support contains unknown fields: unknown_nested_26
invalid-malformed_json-0027,malformed_json,27,False,False,artifact_model_validation,artifact_model_validation,True,False,False,True,b26e4a1c71560d4e5d8ae59e2f33f1cdf40e817d2510757fa038cca891b324b3,0.000520000,ValueError: RecoveryArtifact missing fields: certificate
invalid-malformed_json-0028,malformed_json,28,False,False,artifact_model_validation,artifact_model_validation,True,False,False,True,270484c055c1b92d06ad751c6248d7d8634ff920072b7c3b736fad5ead1ea7d5,0.000701959,ValueError: unsupported RecoveryArtifact version: orelia.recovery-artifact/corrupt-28
invalid-malformed_json-0029,malformed_json,29,False,False,artifact_model_validation,artifact_model_validation,True,False,False,True,95812abadcd9c0026f0e37240d1b07c4c73cd6c98a2931a14e0e1cd80313cc6d,0.000535542,ValueError: tau-support stabilizers must be Hermitian
invalid-malformed_json-0030,malformed_json,30,False,False,artifact_model_validation,artifact_model_validation,True,False,False,True,81bf8eb22932e5373e370648cc36164461ed5051ea5d8199b3a190e692358ed2,0.000523459,ValueError: RecoveryArtifact contains unknown fields: unknown_top_level_30
invalid-malformed_json-0031,malformed_json,31,False,False,artifact_model_validation,artifact_model_validation,True,False,False,True,ffa8750ba25c95779afb10e26d48b779f5b3e337ccef2b58118f62b1301d3a6c,0.000520500,ValueError: tau_support contains unknown fields: unknown_nested_31
invalid-malformed_json-0032,malformed_json,32,False,False,artifact_model_validation,artifact_model_validation,True,False,False,True,b26e4a1c71560d4e5d8ae59e2f33f1cdf40e817d2510757fa038cca891b324b3,0.000513958,ValueError: RecoveryArtifact missing fields: certificate
invalid-malformed_json-0033,malformed_json,33,False,False,artifact_model_validation,artifact_model_validation,True,False,False,True,5a30e7517b2bc3d5f5e968d3c76140525752ab67f718174d595d440b41a2a998,0.000691958,ValueError: unsupported RecoveryArtifact version: orelia.recovery-artifact/corrupt-33
invalid-malformed_json-0034,malformed_json,34,False,False,artifact_model_validation,artifact_model_validation,True,False,False,True,95812abadcd9c0026f0e37240d1b07c4c73cd6c98a2931a14e0e1cd80313cc6d,0.000532458,ValueError: tau-support stabilizers must be Hermitian
invalid-malformed_json-0035,malformed_json,35,False,False,artifact_model_validation,artifact_model_validation,True,False,False,True,862ba68bb21012e8a64119789412501526b4cbb463cbd2c68f60639f153e19a2,0.000517584,ValueError: RecoveryArtifact contains unknown fields: unknown_top_level_35
invalid-malformed_json-0036,malformed_json,36,False,False,artifact_model_validation,artifact_model_validation,True,False,False,True,644811ccbddb27c3f0315476641cd41434824c63ea306a9f81a958ca8cd1db7f,0.000523125,ValueError: tau_support contains unknown fields: unknown_nested_36
invalid-malformed_json-0037,malformed_json,37,False,False,artifact_model_validation,artifact_model_validation,True,False,False,True,b26e4a1c71560d4e5d8ae59e2f33f1cdf40e817d2510757fa038cca891b324b3,0.000517083,ValueError: RecoveryArtifact missing fields: certificate
invalid-malformed_json-0038,malformed_json,38,False,False,artifact_model_validation,artifact_model_validation,True,False,False,True,f8683f612ee7e871b8f53696181dba31ffb8826e00b4ef9645dc49b43afff729,0.000691459,ValueError: unsupported RecoveryArtifact version: orelia.recovery-artifact/corrupt-38
invalid-malformed_json-0039,malformed_json,39,False,False,artifact_model_validation,artifact_model_validation,True,False,False,True,95812abadcd9c0026f0e37240d1b07c4c73cd6c98a2931a14e0e1cd80313cc6d,0.000530542,ValueError: tau-support stabilizers must be Hermitian
invalid-malformed_json-0040,malformed_json,40,False,False,artifact_model_validation,artifact_model_validation,True,False,False,True,566399fca6e1a5e394518845d039c5d99999f8159928e3a7160c179edc6da4f0,0.000516750,ValueError: RecoveryArtifact contains unknown fields: unknown_top_level_40
invalid-malformed_json-0041,malformed_json,41,False,False,artifact_model_validation,artifact_model_validation,True,False,False,True,01d90b049212f6120e8a11b9beee87f52c645f2491206cf7ab8eb46139b564d6,0.000518875,ValueError: tau_support contains unknown fields: unknown_nested_41
invalid-malformed_json-0042,malformed_json,42,False,False,artifact_model_validation,artifact_model_validation,True,False,False,True,b26e4a1c71560d4e5d8ae59e2f33f1cdf40e817d2510757fa038cca891b324b3,0.000515500,ValueError: RecoveryArtifact missing fields: certificate
invalid-malformed_json-0043,malformed_json,43,False,False,artifact_model_validation,artifact_model_validation,True,False,False,True,4cd089eea3df7a03ddb19ad22e64d0cc7dfc5a766d092e2c2791f3b11813ddb7,0.000687167,ValueError: unsupported RecoveryArtifact version: orelia.recovery-artifact/corrupt-43
invalid-malformed_json-0044,malformed_json,44,False,False,artifact_model_validation,artifact_model_validation,True,False,False,True,95812abadcd9c0026f0e37240d1b07c4c73cd6c98a2931a14e0e1cd80313cc6d,0.000530875,ValueError: tau-support stabilizers must be Hermitian
invalid-malformed_json-0045,malformed_json,45,False,False,artifact_model_validation,artifact_model_validation,True,False,False,True,1a2e12886caf5e47d3a501273b4d44a4d0799d251e2227d8915ccdf3f6f98a54,0.000521583,ValueError: RecoveryArtifact contains unknown fields: unknown_top_level_45
invalid-malformed_json-0046,malformed_json,46,False,False,artifact_model_validation,artifact_model_validation,True,False,False,True,176189e43369f794d33a54d90832e0d0cbdb482b79d9a5940926030102319466,0.000517833,ValueError: tau_support contains unknown fields: unknown_nested_46
invalid-malformed_json-0047,malformed_json,47,False,False,artifact_model_validation,artifact_model_validation,True,False,False,True,b26e4a1c71560d4e5d8ae59e2f33f1cdf40e817d2510757fa038cca891b324b3,0.000515042,ValueError: RecoveryArtifact missing fields: certificate
invalid-malformed_json-0048,malformed_json,48,False,False,artifact_model_validation,artifact_model_validation,True,False,False,True,dde1b47299313ee5fecf06f575e4c2c97ae394a8b13c33a7dd0ce7e3d783a1ad,0.000687833,ValueError: unsupported RecoveryArtifact version: orelia.recovery-artifact/corrupt-48
invalid-malformed_json-0049,malformed_json,49,False,False,artifact_model_validation,artifact_model_validation,True,False,False,True,95812abadcd9c0026f0e37240d1b07c4c73cd6c98a2931a14e0e1cd80313cc6d,0.000532916,ValueError: tau-support stabilizers must be Hermitian
invalid-malformed_json-0050,malformed_json,50,False,False,artifact_model_validation,artifact_model_validation,True,False,False,True,d5b548c862e1aeffa9d752eedc3497bbe32c36cd31b22684cfbdefe959d632d3,0.000517666,ValueError: RecoveryArtifact contains unknown fields: unknown_top_level_50
invalid-malformed_json-0051,malformed_json,51,False,False,artifact_model_validation,artifact_model_validation,True,False,False,True,dc8aa3ac0dba344fead53775cead76764a2121647e5e3ecbb326c1e0f416bd72,0.000521417,ValueError: tau_support contains unknown fields: unknown_nested_51
invalid-malformed_json-0052,malformed_json,52,False,False,artifact_model_validation,artifact_model_validation,True,False,False,True,b26e4a1c71560d4e5d8ae59e2f33f1cdf40e817d2510757fa038cca891b324b3,0.000516292,ValueError: RecoveryArtifact missing fields: certificate
invalid-malformed_json-0053,malformed_json,53,False,False,artifact_model_validation,artifact_model_validation,True,False,False,True,46bae82e8f0c9c096dbd4f3d0f42209014ad58b0e92cb0835d4c9a27792ab525,0.000845917,ValueError: unsupported RecoveryArtifact version: orelia.recovery-artifact/corrupt-53
invalid-malformed_json-0054,malformed_json,54,False,False,artifact_model_validation,artifact_model_validation,True,False,False,True,95812abadcd9c0026f0e37240d1b07c4c73cd6c98a2931a14e0e1cd80313cc6d,0.000550167,ValueError: tau-support stabilizers must be Hermitian
invalid-malformed_json-0055,malformed_json,55,False,False,artifact_model_validation,artifact_model_validation,True,False,False,True,b0cca70932d784c99957ee2c879da6255b4a2a2b7b2775d7794221e6096b2cbc,0.000527584,ValueError: RecoveryArtifact contains unknown fields: unknown_top_level_55
invalid-malformed_json-0056,malformed_json,56,False,False,artifact_model_validation,artifact_model_validation,True,False,False,True,9359cc4cf0d0731083feeb5fa62eb57488d288a73c55641a2da91d04c2a53ed7,0.000526500,ValueError: tau_support contains unknown fields: unknown_nested_56
invalid-malformed_json-0057,malformed_json,57,False,False,artifact_model_validation,artifact_model_validation,True,False,False,True,b26e4a1c71560d4e5d8ae59e2f33f1cdf40e817d2510757fa038cca891b324b3,0.000520417,ValueError: RecoveryArtifact missing fields: certificate
invalid-malformed_json-0058,malformed_json,58,False,False,artifact_model_validation,artifact_model_validation,True,False,False,True,5ca690d0bd2ad23be9d86b3fbee6a5f0e383dd4e50044816e62c06b0c30019e8,0.000697875,ValueError: unsupported RecoveryArtifact version: orelia.recovery-artifact/corrupt-58
invalid-malformed_json-0059,malformed_json,59,False,False,artifact_model_validation,artifact_model_validation,True,False,False,True,95812abadcd9c0026f0e37240d1b07c4c73cd6c98a2931a14e0e1cd80313cc6d,0.000537417,ValueError: tau-support stabilizers must be Hermitian
invalid-malformed_json-0060,malformed_json,60,False,False,artifact_model_validation,artifact_model_validation,True,False,False,True,59eb69d75dd07d6f88aa56e56eeac57f7317522b8ae257a3a6e03825f029d705,0.000528875,ValueError: RecoveryArtifact contains unknown fields: unknown_top_level_60
invalid-malformed_json-0061,malformed_json,61,False,False,artifact_model_validation,artifact_model_validation,True,False,False,True,156ebf956efbf9edf0ff4dd61ca0eeb354bf183af9238c9ea1df0e40c2089212,0.000531541,ValueError: tau_support contains unknown fields: unknown_nested_61
invalid-malformed_json-0062,malformed_json,62,False,False,artifact_model_validation,artifact_model_validation,True,False,False,True,b26e4a1c71560d4e5d8ae59e2f33f1cdf40e817d2510757fa038cca891b324b3,0.000524500,ValueError: RecoveryArtifact missing fields: certificate
invalid-malformed_json-0063,malformed_json,63,False,False,artifact_model_validation,artifact_model_validation,True,False,False,True,3332633b6a015de8560f6933482a0ff6dfe6d40a4c4cc029e6767d9d07c092e4,0.000697791,ValueError: unsupported RecoveryArtifact version: orelia.recovery-artifact/corrupt-63
invalid-malformed_json-0064,malformed_json,64,False,False,artifact_model_validation,artifact_model_validation,True,False,False,True,95812abadcd9c0026f0e37240d1b07c4c73cd6c98a2931a14e0e1cd80313cc6d,0.000538416,ValueError: tau-support stabilizers must be Hermitian
invalid-malformed_json-0065,malformed_json,65,False,False,artifact_model_validation,artifact_model_validation,True,False,False,True,ae68ea6b6acf586ec5103f7a7dd9ab36704bef5ef0742e1eef2a0d4edaa5cd4b,0.000527916,ValueError: RecoveryArtifact contains unknown fields: unknown_top_level_65
invalid-malformed_json-0066,malformed_json,66,False,False,artifact_model_validation,artifact_model_validation,True,False,False,True,c7779679258837e62732bd29970e684861689aa17bcbe67f252e3e0dd0cc4de9,0.000531625,ValueError: tau_support contains unknown fields: unknown_nested_66
invalid-malformed_json-0067,malformed_json,67,False,False,artifact_model_validation,artifact_model_validation,True,False,False,True,b26e4a1c71560d4e5d8ae59e2f33f1cdf40e817d2510757fa038cca891b324b3,0.000530542,ValueError: RecoveryArtifact missing fields: certificate
invalid-malformed_json-0068,malformed_json,68,False,False,artifact_model_validation,artifact_model_validation,True,False,False,True,a677165fcb6ad5e9dd24f244ee1f1a8e88b5434c3403f1d7cca57888dafafc81,0.000695709,ValueError: unsupported RecoveryArtifact version: orelia.recovery-artifact/corrupt-68
invalid-malformed_json-0069,malformed_json,69,False,False,artifact_model_validation,artifact_model_validation,True,False,False,True,95812abadcd9c0026f0e37240d1b07c4c73cd6c98a2931a14e0e1cd80313cc6d,0.000541208,ValueError: tau-support stabilizers must be Hermitian
invalid-malformed_json-0070,malformed_json,70,False,False,artifact_model_validation,artifact_model_validation,True,False,False,True,765dd660e01f4a7df0aac1dfac5c66cc427d8259a79fe8bdaefd0cb704284659,0.000525375,ValueError: RecoveryArtifact contains unknown fields: unknown_top_level_70
invalid-malformed_json-0071,malformed_json,71,False,False,artifact_model_validation,artifact_model_validation,True,False,False,True,a7013739718a72d67374e65240821ed34194bc4c33bcb1ce1e16018e6ae9c04a,0.000525209,ValueError: tau_support contains unknown fields: unknown_nested_71
invalid-malformed_json-0072,malformed_json,72,False,False,artifact_model_validation,artifact_model_validation,True,False,False,True,b26e4a1c71560d4e5d8ae59e2f33f1cdf40e817d2510757fa038cca891b324b3,0.000519916,ValueError: RecoveryArtifact missing fields: certificate
invalid-malformed_json-0073,malformed_json,73,False,False,artifact_model_validation,artifact_model_validation,True,False,False,True,2b3bef9b26afa034c6d8b6b6ba9d806792048c0478c46de4014d02aaf5319325,0.000696209,ValueError: unsupported RecoveryArtifact version: orelia.recovery-artifact/corrupt-73
invalid-malformed_json-0074,malformed_json,74,False,False,artifact_model_validation,artifact_model_validation,True,False,False,True,95812abadcd9c0026f0e37240d1b07c4c73cd6c98a2931a14e0e1cd80313cc6d,0.000538083,ValueError: tau-support stabilizers must be Hermitian
invalid-malformed_json-0075,malformed_json,75,False,False,artifact_model_validation,artifact_model_validation,True,False,False,True,a166b1c509774c3e5bee2ce0336ef53bc276258a5da3f4edf9d58cd77cabac5b,0.000523791,ValueError: RecoveryArtifact contains unknown fields: unknown_top_level_75
invalid-malformed_json-0076,malformed_json,76,False,False,artifact_model_validation,artifact_model_validation,True,False,False,True,73e703d38eff353f8d4523f47c057257f238646626ec466aaaae9e5896ab4b03,0.000528333,ValueError: tau_support contains unknown fields: unknown_nested_76
invalid-malformed_json-0077,malformed_json,77,False,False,artifact_model_validation,artifact_model_validation,True,False,False,True,b26e4a1c71560d4e5d8ae59e2f33f1cdf40e817d2510757fa038cca891b324b3,0.000518708,ValueError: RecoveryArtifact missing fields: certificate
invalid-malformed_json-0078,malformed_json,78,False,False,artifact_model_validation,artifact_model_validation,True,False,False,True,bb2cfed4c86db9642de7414267e600913ccd6f464c5b25b2eb84aecd2d7c6d2a,0.000697041,ValueError: unsupported RecoveryArtifact version: orelia.recovery-artifact/corrupt-78
invalid-malformed_json-0079,malformed_json,79,False,False,artifact_model_validation,artifact_model_validation,True,False,False,True,95812abadcd9c0026f0e37240d1b07c4c73cd6c98a2931a14e0e1cd80313cc6d,0.000541042,ValueError: tau-support stabilizers must be Hermitian
invalid-malformed_json-0080,malformed_json,80,False,False,artifact_model_validation,artifact_model_validation,True,False,False,True,f5c55ce4424b931ead6ae51afa1c64f1255f6e51d6b7db84550e7a7450e83c81,0.000525667,ValueError: RecoveryArtifact contains unknown fields: unknown_top_level_80
invalid-malformed_json-0081,malformed_json,81,False,False,artifact_model_validation,artifact_model_validation,True,False,False,True,2f9f7c22dd826b6f2d15d67cfa3816d36df7ab3e5022e4853a7698d0363f4fff,0.000528750,ValueError: tau_support contains unknown fields: unknown_nested_81
invalid-malformed_json-0082,malformed_json,82,False,False,artifact_model_validation,artifact_model_validation,True,False,False,True,b26e4a1c71560d4e5d8ae59e2f33f1cdf40e817d2510757fa038cca891b324b3,0.000549500,ValueError: RecoveryArtifact missing fields: certificate
invalid-malformed_json-0083,malformed_json,83,False,False,artifact_model_validation,artifact_model_validation,True,False,False,True,9a3ccae48f4386a37da4d3987f8d16816c082b640c01718816adacf2c58132a6,0.000802500,ValueError: unsupported RecoveryArtifact version: orelia.recovery-artifact/corrupt-83
invalid-malformed_json-0084,malformed_json,84,False,False,artifact_model_validation,artifact_model_validation,True,False,False,True,95812abadcd9c0026f0e37240d1b07c4c73cd6c98a2931a14e0e1cd80313cc6d,0.000549416,ValueError: tau-support stabilizers must be Hermitian
invalid-malformed_json-0085,malformed_json,85,False,False,artifact_model_validation,artifact_model_validation,True,False,False,True,bc9ba1810636f481eadcb091585a9cab1131f805784a2bd0c8b0f11b5f330773,0.000530625,ValueError: RecoveryArtifact contains unknown fields: unknown_top_level_85
invalid-malformed_json-0086,malformed_json,86,False,False,artifact_model_validation,artifact_model_validation,True,False,False,True,87417e96e81db7d89eb09a897a5c1be5a2a95a0f28a2f728c40186c577b27a31,0.000525750,ValueError: tau_support contains unknown fields: unknown_nested_86
invalid-malformed_json-0087,malformed_json,87,False,False,artifact_model_validation,artifact_model_validation,True,False,False,True,b26e4a1c71560d4e5d8ae59e2f33f1cdf40e817d2510757fa038cca891b324b3,0.000526083,ValueError: RecoveryArtifact missing fields: certificate
invalid-malformed_json-0088,malformed_json,88,False,False,artifact_model_validation,artifact_model_validation,True,False,False,True,67fe415de77400cc5caa2bbd360045c1d2836069ac2698706c694f9caabe62e9,0.000697500,ValueError: unsupported RecoveryArtifact version: orelia.recovery-artifact/corrupt-88
invalid-malformed_json-0089,malformed_json,89,False,False,artifact_model_validation,artifact_model_validation,True,False,False,True,95812abadcd9c0026f0e37240d1b07c4c73cd6c98a2931a14e0e1cd80313cc6d,0.000533333,ValueError: tau-support stabilizers must be Hermitian
invalid-malformed_json-0090,malformed_json,90,False,False,artifact_model_validation,artifact_model_validation,True,False,False,True,8db8fbd0d65255797fe12e40af8ac77bc3bf17117270ce21bf76be3b1c0d03bc,0.000520541,ValueError: RecoveryArtifact contains unknown fields: unknown_top_level_90
invalid-malformed_json-0091,malformed_json,91,False,False,artifact_model_validation,artifact_model_validation,True,False,False,True,9adf4bde9f149fbe05df096252246794279f30d4febf6d32a3d3f4e315ef39c3,0.000522208,ValueError: tau_support contains unknown fields: unknown_nested_91
invalid-malformed_json-0092,malformed_json,92,False,False,artifact_model_validation,artifact_model_validation,True,False,False,True,b26e4a1c71560d4e5d8ae59e2f33f1cdf40e817d2510757fa038cca891b324b3,0.000517833,ValueError: RecoveryArtifact missing fields: certificate
invalid-malformed_json-0093,malformed_json,93,False,False,artifact_model_validation,artifact_model_validation,True,False,False,True,301328c4510ea2f88a75c085bbaa6f67f4d5280a35f33c5a063c771601aabebe,0.000691625,ValueError: unsupported RecoveryArtifact version: orelia.recovery-artifact/corrupt-93
invalid-malformed_json-0094,malformed_json,94,False,False,artifact_model_validation,artifact_model_validation,True,False,False,True,95812abadcd9c0026f0e37240d1b07c4c73cd6c98a2931a14e0e1cd80313cc6d,0.000529459,ValueError: tau-support stabilizers must be Hermitian
invalid-malformed_json-0095,malformed_json,95,False,False,artifact_model_validation,artifact_model_validation,True,False,False,True,09b07e71053ff40371a1493cadbc10b8f56e3dca34537b20284c1662ee615f21,0.000518458,ValueError: RecoveryArtifact contains unknown fields: unknown_top_level_95
invalid-malformed_json-0096,malformed_json,96,False,False,artifact_model_validation,artifact_model_validation,True,False,False,True,b5b943ab706eff44e53953fc6b7b3e2735f2f4276d54f79b661972ce29a7c2ba,0.000523208,ValueError: tau_support contains unknown fields: unknown_nested_96
invalid-malformed_json-0097,malformed_json,97,False,False,artifact_model_validation,artifact_model_validation,True,False,False,True,b26e4a1c71560d4e5d8ae59e2f33f1cdf40e817d2510757fa038cca891b324b3,0.000512000,ValueError: RecoveryArtifact missing fields: certificate
invalid-malformed_json-0098,malformed_json,98,False,False,artifact_model_validation,artifact_model_validation,True,False,False,True,ad7c05bc7aa7e0e4972cfec71dafb31280d9db3aa424bd175b79fac85956a112,0.000689125,ValueError: unsupported RecoveryArtifact version: orelia.recovery-artifact/corrupt-98
invalid-malformed_json-0099,malformed_json,99,False,False,artifact_model_validation,artifact_model_validation,True,False,False,True,95812abadcd9c0026f0e37240d1b07c4c73cd6c98a2931a14e0e1cd80313cc6d,0.000533541,ValueError: tau-support stabilizers must be Hermitian
valid-target_environment_gauge-0000,target_environment_gauge,0,True,True,none,none,True,False,False,True,7e0c802a2876a6ff4977abe43eaf4e6edc84e070082832545c04719cf0385a6b,0.078038750,all checks passed
valid-target_environment_gauge-0001,target_environment_gauge,1,True,True,none,none,True,False,False,True,d31f8159459c5f6886f4ffd514ed21f998321486be72e113a0bc1b12ce79e2ae,0.079256500,all checks passed
valid-target_environment_gauge-0002,target_environment_gauge,2,True,True,none,none,True,False,False,True,a99f3d16ab36f80efa04cf03343cf6b2055672f01766e33c58e67e143d25dd48,0.078061875,all checks passed
valid-target_environment_gauge-0003,target_environment_gauge,3,True,True,none,none,True,False,False,True,3d13de5a4e028cdf7eb484f10004e0e16f5de2db5ba737012609cb2047c121a8,0.079636458,all checks passed
valid-target_environment_gauge-0004,target_environment_gauge,4,True,True,none,none,True,False,False,True,139f0c6b3e763fe3fc84ffe8cd76f4f8fd2054fa5d44fac37d5e9842842a1228,0.078106375,all checks passed
valid-target_environment_gauge-0005,target_environment_gauge,5,True,True,none,none,True,False,False,True,216c69ad44f8c35d5220414aefc9eba54ba87ddcc6b6c03a82846861b22efe76,0.079176125,all checks passed
valid-target_environment_gauge-0006,target_environment_gauge,6,True,True,none,none,True,False,False,True,09e08680e38c32c967ea5405dee4a0ab363e8cd0dd068a9e6ab7c348b996eca3,0.079379958,all checks passed
valid-target_environment_gauge-0007,target_environment_gauge,7,True,True,none,none,True,False,False,True,a336da9a856303467a7e03efcccb66c8a47f5cc3145b0dab5b64f60857eb9112,0.078134834,all checks passed
valid-target_environment_gauge-0008,target_environment_gauge,8,True,True,none,none,True,False,False,True,e4eb9459adcbeeb9754e64d49fcc1d2905c32c6c6acd07964daff69ed05ece03,0.078291459,all checks passed
valid-target_environment_gauge-0009,target_environment_gauge,9,True,True,none,none,True,False,False,True,9af916f150c414891c0a03865f3edecdffbd6896e60f9d3a45e3a710b93dc37f,0.079603291,all checks passed
valid-target_environment_gauge-0010,target_environment_gauge,10,True,True,none,none,True,False,False,True,864b249edffa0585015bdc7981b6bae8508ded132bd080671811a08220c0d188,0.079855208,all checks passed
valid-target_environment_gauge-0011,target_environment_gauge,11,True,True,none,none,True,False,False,True,3157eea50714e7972a5a54ccf92bca494f2445cd47c64e0c3305fe11026cce12,0.079207292,all checks passed
valid-target_environment_gauge-0012,target_environment_gauge,12,True,True,none,none,True,False,False,True,576d6a17b5475cf150035eb34a0ce871aef4701fd259ad33de275c1ec912aa03,0.078865167,all checks passed
valid-target_environment_gauge-0013,target_environment_gauge,13,True,True,none,none,True,False,False,True,c66372f05028123429c1d047be94807f56d99d62b84ea5cd4378c6ea32e3de86,0.079134625,all checks passed
valid-target_environment_gauge-0014,target_environment_gauge,14,True,True,none,none,True,False,False,True,002a3f5cf5839238548a9810a172d77f35f4cfde7bf2bed7fdd5862512c6207f,0.078913875,all checks passed
valid-target_environment_gauge-0015,target_environment_gauge,15,True,True,none,none,True,False,False,True,84224dcc0b7fc5377f78ab22f530dc6550177585eebb4215fd7f23f106bca005,0.078685584,all checks passed
valid-target_environment_gauge-0016,target_environment_gauge,16,True,True,none,none,True,False,False,True,eb9d0e8283fc7c299cf2ee37aa7ed692324ca5d166a4e82509c583150f4c4bb8,0.078923500,all checks passed
valid-target_environment_gauge-0017,target_environment_gauge,17,True,True,none,none,True,False,False,True,b7d6eb505331f5b785b483a03c896131410721dc17a96d5dd468b21327cb1912,0.078760750,all checks passed
valid-target_environment_gauge-0018,target_environment_gauge,18,True,True,none,none,True,False,False,True,45407bef1294c39c72ab2ce2d04f7b5ed1d31ce316fd147fcaaf6a02482367f4,0.078901917,all checks passed
valid-target_environment_gauge-0019,target_environment_gauge,19,True,True,none,none,True,False,False,True,1fe096b5d93cdcc46841a2b64cddaf627fee3e339f85aa161379a4c982798089,0.079546500,all checks passed
valid-target_environment_gauge-0020,target_environment_gauge,20,True,True,none,none,True,False,False,True,1f4328842ab40a1ffc59ae969006b55ce4fc03cd5c87ee23f8acbbcc56b04f77,0.079204250,all checks passed
valid-target_environment_gauge-0021,target_environment_gauge,21,True,True,none,none,True,False,False,True,831dc4b56e9c5421f466ef17767acfdb591e620e54eae8ad16fd3fe3485e78f5,0.078351583,all checks passed
valid-target_environment_gauge-0022,target_environment_gauge,22,True,True,none,none,True,False,False,True,b97ca52c89daafaa90620e34752cbf50a491609cae92bb5d6b00d5abb976d5be,0.079236875,all checks passed
valid-target_environment_gauge-0023,target_environment_gauge,23,True,True,none,none,True,False,False,True,1acc816954ef8d9dbde58f345699b8168024deb14bf933e0f01da16884fb932d,0.078644542,all checks passed
valid-target_environment_gauge-0024,target_environment_gauge,24,True,True,none,none,True,False,False,True,fa4214bf3942e2c849be45dab3a7e584e81e5d908958e66fe18ac34ce45fd540,0.079023458,all checks passed
valid-target_environment_gauge-0025,target_environment_gauge,25,True,True,none,none,True,False,False,True,9e6503ad26567dfc07b49e80e902db487bae1532758d3c01b024c8287ffefab3,0.079632584,all checks passed
valid-target_environment_gauge-0026,target_environment_gauge,26,True,True,none,none,True,False,False,True,38df26693b7a1a3b1b07b5271026ae8c84615f4cfe6bbb53c81f8ac358f74e70,0.079695875,all checks passed
valid-target_environment_gauge-0027,target_environment_gauge,27,True,True,none,none,True,False,False,True,2ee3b8f1501c26c350fbec38c7fd7c0c511e06e1fef9cf542b70feb1d4b1986b,0.079206125,all checks passed
valid-target_environment_gauge-0028,target_environment_gauge,28,True,True,none,none,True,False,False,True,fc26c1e464c896b4b37d18db74a808496e776a1d519c35a36d2e910ae0f131bb,0.079404875,all checks passed
valid-target_environment_gauge-0029,target_environment_gauge,29,True,True,none,none,True,False,False,True,d1e7b10182e421c53b4fe17a57f77f21decf52493e2a979af96ac6e0ca4f2ac5,0.078766000,all checks passed
valid-target_environment_gauge-0030,target_environment_gauge,30,True,True,none,none,True,False,False,True,003ff4f78b8ab2e61235b91b3ae9dbc68190dbcd64c121bb21eecb284ac58b95,0.078959666,all checks passed
valid-target_environment_gauge-0031,target_environment_gauge,31,True,True,none,none,True,False,False,True,ed8a6b8734ae3f981cd4741ec75bf9c5bd6b9cf2bbb9f4a2668b01900745b26a,0.079850625,all checks passed
valid-target_environment_gauge-0032,target_environment_gauge,32,True,True,none,none,True,False,False,True,440c9b3902ea6d5776ad0a48ee3510c296640ca32392fab89c3a4f8d7c4b472e,0.078917833,all checks passed
valid-target_environment_gauge-0033,target_environment_gauge,33,True,True,none,none,True,False,False,True,0d24f9875c6d464c1f728e454431408ac66aa42862cd913021e14261e3f41df1,0.080403292,all checks passed
valid-target_environment_gauge-0034,target_environment_gauge,34,True,True,none,none,True,False,False,True,4bf286bb349294f8c0bc6a9f52ca1bf07bab61f73a7b1eadc59fcf7366c1c49d,0.079015083,all checks passed
valid-target_environment_gauge-0035,target_environment_gauge,35,True,True,none,none,True,False,False,True,9a5a6f91205ea22bc2f622e5d0d3b0b0fc5b41b1ab7c9e9f56711c67f5362fa6,0.079018875,all checks passed
valid-target_environment_gauge-0036,target_environment_gauge,36,True,True,none,none,True,False,False,True,663d7a947ca2deaa2ef653013159952785e97a79b0bf6215f3bd0bbfdc657b0c,0.079049209,all checks passed
valid-target_environment_gauge-0037,target_environment_gauge,37,True,True,none,none,True,False,False,True,cbb1c06952e448a92f8bc3a38ff655a407f118f931d71343e704c64949376606,0.078359750,all checks passed
valid-target_environment_gauge-0038,target_environment_gauge,38,True,True,none,none,True,False,False,True,95e99dc04af369a433fa536364a11851f2c49e0c288e325a8bb45848b1b0b4fc,0.078574833,all checks passed
valid-target_environment_gauge-0039,target_environment_gauge,39,True,True,none,none,True,False,False,True,63807261a1572e1166c3c34b2633564d649655868eee1000630b811cd321bf91,0.079757417,all checks passed
valid-target_environment_gauge-0040,target_environment_gauge,40,True,True,none,none,True,False,False,True,fc29384f12d16cc1e36d9d0aaa5e5e0acb67ba650bd1114a765820cd16e9cf86,0.079039583,all checks passed
valid-target_environment_gauge-0041,target_environment_gauge,41,True,True,none,none,True,False,False,True,92f4ebb1e1d3e42bf80865317100af3b38952b6433606faaa4afef66c18626ab,0.078736708,all checks passed
valid-target_environment_gauge-0042,target_environment_gauge,42,True,True,none,none,True,False,False,True,58d8c80cb4e7197c64db963f9504cb5182a94a3194006d81baf378a35bae62b5,0.079478500,all checks passed
valid-target_environment_gauge-0043,target_environment_gauge,43,True,True,none,none,True,False,False,True,bb227224fb8113f309edf7451e0a31e9d5cfe2d010fe094ee405cbce1ceff9d7,0.078455666,all checks passed
valid-target_environment_gauge-0044,target_environment_gauge,44,True,True,none,none,True,False,False,True,cdb9902cdba4cadf0f6dd751669642cc7f0c0bdb15893abb8a3b2fe4572dc0f2,0.079181625,all checks passed
valid-target_environment_gauge-0045,target_environment_gauge,45,True,True,none,none,True,False,False,True,a1d8072b10d365ca998a38b86bdad82aa56e8bbcd96b3c76aa57e5c7216ff6af,0.079211542,all checks passed
valid-target_environment_gauge-0046,target_environment_gauge,46,True,True,none,none,True,False,False,True,9391a7be60ef4b8eed5ca368f07205ce375236a8860f110d2a2a028854f79f05,0.080074375,all checks passed
valid-target_environment_gauge-0047,target_environment_gauge,47,True,True,none,none,True,False,False,True,74390fcf52782804aa288e3905358483442c58954714297c8845ec0ae929d1a6,0.078408250,all checks passed
valid-target_environment_gauge-0048,target_environment_gauge,48,True,True,none,none,True,False,False,True,311d1c6e6bf8559bec29a2411bd74c8aeae2697d062fefc55289f0e1bfadced6,0.078608000,all checks passed
valid-target_environment_gauge-0049,target_environment_gauge,49,True,True,none,none,True,False,False,True,94562c85010167ca94f5e11b72dd0ec11c9e10a3712ec476d91a2dacfcd99151,0.079090875,all checks passed
valid-target_environment_gauge-0050,target_environment_gauge,50,True,True,none,none,True,False,False,True,5c5acfcf70c3430703ee3402f6779a71791ca391acd3c50c9bd60118f38a1e9c,0.078637709,all checks passed
valid-target_environment_gauge-0051,target_environment_gauge,51,True,True,none,none,True,False,False,True,d6560b50c6b39df284963e7edad7ecf29a42a00dbdd4cdfd3084cc73a35e40ee,0.078674709,all checks passed
valid-target_environment_gauge-0052,target_environment_gauge,52,True,True,none,none,True,False,False,True,758ae4cc9a6b031fdb380a285bfb0d08e42f6339184d45c6fcdad2dbac883342,0.079730583,all checks passed
valid-target_environment_gauge-0053,target_environment_gauge,53,True,True,none,none,True,False,False,True,f5ec46040b5c45690efc31ca73177b55270a1177bce252e4defd0fde1d15df0b,0.078832209,all checks passed
valid-target_environment_gauge-0054,target_environment_gauge,54,True,True,none,none,True,False,False,True,d06466497f9d0ac96a14584418399cb3b29b479193f18c6dde16cba9f7e49763,0.079255791,all checks passed
valid-target_environment_gauge-0055,target_environment_gauge,55,True,True,none,none,True,False,False,True,b556fea8808be497b7b3bb1bc3532beb8413a61696c3202964d67b7ab8aabe7f,0.078780083,all checks passed
valid-target_environment_gauge-0056,target_environment_gauge,56,True,True,none,none,True,False,False,True,2bdd34919a42b8d823895efaf8171cd93e61a7e08ac435bae4f0c630c760ce54,0.079470958,all checks passed
valid-target_environment_gauge-0057,target_environment_gauge,57,True,True,none,none,True,False,False,True,5f6dd2d848768fdfaad83769bde183397e48b2697317e376b730950701d3596d,0.080002167,all checks passed
valid-target_environment_gauge-0058,target_environment_gauge,58,True,True,none,none,True,False,False,True,07d0b029f7d494fe10e8b6dd09bc29c48e08515e08130846888837676210b0aa,0.078255083,all checks passed
valid-target_environment_gauge-0059,target_environment_gauge,59,True,True,none,none,True,False,False,True,12f6828aefd7c897383a00e11994722870ed33c744d5b41ee9b3d29e481e12b9,0.078498834,all checks passed
valid-target_environment_gauge-0060,target_environment_gauge,60,True,True,none,none,True,False,False,True,be042d8955006153fea89ad748388b469dd35e2da6c0c1ba3be0688b97cd9ba7,0.080390583,all checks passed
valid-target_environment_gauge-0061,target_environment_gauge,61,True,True,none,none,True,False,False,True,217d332b65354509c0f121e4fd8eafc87e2a6521e86c2196d7d9916b36792f10,0.078932167,all checks passed
valid-target_environment_gauge-0062,target_environment_gauge,62,True,True,none,none,True,False,False,True,1ada91de854f3de26a814938928fbd495569495b1b22137afb37b38301979c70,0.078871208,all checks passed
valid-target_environment_gauge-0063,target_environment_gauge,63,True,True,none,none,True,False,False,True,8c27ca4f149d5975ecefeb776eb0a5e2a76b68e4406ced5c53bc8c226fdf41b0,0.078132875,all checks passed
valid-target_environment_gauge-0064,target_environment_gauge,64,True,True,none,none,True,False,False,True,49644e974d311cd7ccd20f53d6b0bf4df318f4eab39c68331ab4fc38b1306519,0.078774500,all checks passed
valid-target_environment_gauge-0065,target_environment_gauge,65,True,True,none,none,True,False,False,True,243a1e440ca2c50af21f0239b1428e93c6302d9732712516a7781b574168b3d5,0.078772250,all checks passed
valid-target_environment_gauge-0066,target_environment_gauge,66,True,True,none,none,True,False,False,True,a4e45adf52976ce1914a59b550234d04e2720b908c84e09e1489f8d8a0297bf4,0.078809416,all checks passed
valid-target_environment_gauge-0067,target_environment_gauge,67,True,True,none,none,True,False,False,True,decd8fc37a91e8836e3bf95250d4f06e28b9127c042cea27d94dbd110315fcb0,0.079411125,all checks passed
valid-target_environment_gauge-0068,target_environment_gauge,68,True,True,none,none,True,False,False,True,99649853825dc9f9120a549c428538242529a26c8f58fba2c82d1e0f4ca1e57d,0.078910125,all checks passed
valid-target_environment_gauge-0069,target_environment_gauge,69,True,True,none,none,True,False,False,True,dd4261de174fcdfa10e6cf84f4aa1b062ca813febda3483fa0fe804830155661,0.079550583,all checks passed
valid-target_environment_gauge-0070,target_environment_gauge,70,True,True,none,none,True,False,False,True,c32b411d4670b1c6271f09b30d9f2b8c201a53545b83669916f5fbb4af355235,0.079273042,all checks passed
valid-target_environment_gauge-0071,target_environment_gauge,71,True,True,none,none,True,False,False,True,e8abd19eec4c3a980a0fd680a1edf59e2eddd714678e4646faa4e2b7546d2f5a,0.079087625,all checks passed
valid-target_environment_gauge-0072,target_environment_gauge,72,True,True,none,none,True,False,False,True,2f6b10927212dca5e1ed4d852b044469f2646e168e8c35f8155a56d6a2187085,0.078426208,all checks passed
valid-target_environment_gauge-0073,target_environment_gauge,73,True,True,none,none,True,False,False,True,614d5b8808e9ae1acea8e360af70edb788788704be30db1ea6a6575edaac88f6,0.080045167,all checks passed
valid-target_environment_gauge-0074,target_environment_gauge,74,True,True,none,none,True,False,False,True,166ff2043bd42309a3b9f96dfe253ab35b2f177576b7c496a493a2b2e21be70c,0.080091750,all checks passed
valid-target_environment_gauge-0075,target_environment_gauge,75,True,True,none,none,True,False,False,True,643ff74a7533a4f5a6e25c83695d7e6b58e291ee228cd5502442dc5266b95fdf,0.076983334,all checks passed
valid-target_environment_gauge-0076,target_environment_gauge,76,True,True,none,none,True,False,False,True,5b2e65afc83e8ab7e0c51b53461ec866270d968b2ec7a15fa548168723252a41,0.078582166,all checks passed
valid-target_environment_gauge-0077,target_environment_gauge,77,True,True,none,none,True,False,False,True,9764d3c124fcfd2c79ac05babd0c400668c66f4f5f396a77e80c2d08ab1822ba,0.077334875,all checks passed
valid-target_environment_gauge-0078,target_environment_gauge,78,True,True,none,none,True,False,False,True,6125a6b787238f6073f6b64c1ffe0b48b383aef42c83ffe7037ad856b9513b9f,0.077441875,all checks passed
valid-target_environment_gauge-0079,target_environment_gauge,79,True,True,none,none,True,False,False,True,3ebb31b052aee41af30340eeb2e1d29f5bbba31fa41d0f76c7f1d2529b3ee79c,0.078856458,all checks passed
valid-target_environment_gauge-0080,target_environment_gauge,80,True,True,none,none,True,False,False,True,e00a0eb487d8238675bbedbc8e58322bfc75a00edd24bb3d0a8ad9d53b099fa9,0.079271042,all checks passed
valid-target_environment_gauge-0081,target_environment_gauge,81,True,True,none,none,True,False,False,True,00f235426cf718e0275481660b6897b84bd524ced17ddc18a19079a911abbee5,0.077938500,all checks passed
valid-target_environment_gauge-0082,target_environment_gauge,82,True,True,none,none,True,False,False,True,4da3f56b17892646af51af8a677db7290addb86f8b4814bc21206d15490df8ac,0.079949625,all checks passed
valid-target_environment_gauge-0083,target_environment_gauge,83,True,True,none,none,True,False,False,True,d54111925e0f9ef29291dc01300331c2e60d8154fcb48e31a9aafa313b1270f9,0.078913208,all checks passed
valid-target_environment_gauge-0084,target_environment_gauge,84,True,True,none,none,True,False,False,True,dc00c7039fc2169e063bf8648401c2a2f8780f935d67e124070a4c455b2af770,0.078292750,all checks passed
valid-target_environment_gauge-0085,target_environment_gauge,85,True,True,none,none,True,False,False,True,5c62dfbf24660a9b29b06692686e183b10080b8df6a7c180bc143850e3c5979f,0.078629375,all checks passed
valid-target_environment_gauge-0086,target_environment_gauge,86,True,True,none,none,True,False,False,True,692d4e39ee12b146faa607804589464dbe80a7563bc265fda2b016f92ca95e3e,0.078421875,all checks passed
valid-target_environment_gauge-0087,target_environment_gauge,87,True,True,none,none,True,False,False,True,fa4c538bf503358ffc69e7a5a9d4fbdafddaf26cdb466d3acf3e8e85b9e57c8b,0.079603333,all checks passed
valid-target_environment_gauge-0088,target_environment_gauge,88,True,True,none,none,True,False,False,True,9228d750000ddbc4a7efbc1fa04ab4c7dff41128f890b94eedbe67f039e469f6,0.078107375,all checks passed
valid-target_environment_gauge-0089,target_environment_gauge,89,True,True,none,none,True,False,False,True,98f4143ba2cb5ecda44ef5ba62f4dc75e7e803b8e2c05a20f6d247b0bda114f2,0.079038959,all checks passed
valid-target_environment_gauge-0090,target_environment_gauge,90,True,True,none,none,True,False,False,True,a0c61cfb6f7dc6d73c0b084a9bcbcf3e963dab8b07d3a14ffdfea97a0e95515e,0.084108833,all checks passed
valid-target_environment_gauge-0091,target_environment_gauge,91,True,True,none,none,True,False,False,True,49f8d5a266e967b1b44bcf112640cafc0b87e289e4621b788b174094fa38a63a,0.078103000,all checks passed
valid-target_environment_gauge-0092,target_environment_gauge,92,True,True,none,none,True,False,False,True,fb92f954214608e7ae76045cbb09041b1891dbf64b9219b85c3d7bc924f56297,0.077629542,all checks passed
valid-target_environment_gauge-0093,target_environment_gauge,93,True,True,none,none,True,False,False,True,90ed5b644625e878fee093d1c1814165f7d9b37b91b83c00ab7ea0fafed833a6,0.078367958,all checks passed
valid-target_environment_gauge-0094,target_environment_gauge,94,True,True,none,none,True,False,False,True,703bba800b4a054ecc9c7880f8f82e8484dd5bd9674b349ee56c1777f65b31a6,0.079962750,all checks passed
valid-target_environment_gauge-0095,target_environment_gauge,95,True,True,none,none,True,False,False,True,9a758574889af6dd31e45d899d810faa1fb96f140904d88e9a20689ac05ce49d,0.078636875,all checks passed
valid-target_environment_gauge-0096,target_environment_gauge,96,True,True,none,none,True,False,False,True,976a05a4f9ffbb5102dd954881df0f9e830e8867a04921d39b554a11f3a53085,0.078772541,all checks passed
valid-target_environment_gauge-0097,target_environment_gauge,97,True,True,none,none,True,False,False,True,e28ff128558f54220274905dee1f13214b3b67c831400ae6e0a8d0a8bfb3332f,0.078774000,all checks passed
valid-target_environment_gauge-0098,target_environment_gauge,98,True,True,none,none,True,False,False,True,1910dd5fe71762a1eb2e97c1519412b02b922dea95c24fc44730b521f9a1052b,0.078676834,all checks passed
valid-target_environment_gauge-0099,target_environment_gauge,99,True,True,none,none,True,False,False,True,5d5c2aa7f42e1d21efbbf2598ec3610e538a9eb6b620079ea60d23027844e238,0.078608708,all checks passed
valid-tau_equivalent_basis-0000,tau_equivalent_basis,0,True,True,none,none,True,False,False,True,6e0fa4b6e00592a8ed84889ac3843fce2a907fec17c9943893b1ec2a922e879e,0.079610083,all checks passed
valid-tau_equivalent_basis-0001,tau_equivalent_basis,1,True,True,none,none,True,False,False,True,214e0db63776baa276b76bdc081231e6c2b51b29a027c82fa2bc69bb652feb03,0.078080250,all checks passed
valid-tau_equivalent_basis-0002,tau_equivalent_basis,2,True,True,none,none,True,False,False,True,50e1315acfed1c7a1aa7cd19d6b4b63ef43734605876c6211ceacd8ad6f4c7cf,0.079214083,all checks passed
valid-tau_equivalent_basis-0003,tau_equivalent_basis,3,True,True,none,none,True,False,False,True,78ade2eb73289caffddf5e95fa509311063c84de2f55afb3e7da9f79211c0bf8,0.078962625,all checks passed
valid-tau_equivalent_basis-0004,tau_equivalent_basis,4,True,True,none,none,True,False,False,True,100527d49350406f3ead81f1efc71ccefbf07649fffde0eaa67161bb96d77863,0.078219167,all checks passed
valid-tau_equivalent_basis-0005,tau_equivalent_basis,5,True,True,none,none,True,False,False,True,188cc64eb469e42cb6369e788b3f5f22af9a805ab66df626e24d2787b2df4450,0.079297375,all checks passed
valid-tau_equivalent_basis-0006,tau_equivalent_basis,6,True,True,none,none,True,False,False,True,86ac764f772ddaecb0f740d2bd19034b8a1404d9bc86ebe1b545b9b0fc0bc3f3,0.079883250,all checks passed
valid-tau_equivalent_basis-0007,tau_equivalent_basis,7,True,True,none,none,True,False,False,True,d16eadddaed50816c75df0e5645e95791a543cc9b5cb590356a1030330410314,0.078621791,all checks passed
valid-tau_equivalent_basis-0008,tau_equivalent_basis,8,True,True,none,none,True,False,False,True,6079adf7eacfcaaafb53cdcf83baa30b34a4d43267c313eff6f9bca996d017cd,0.078399542,all checks passed
valid-tau_equivalent_basis-0009,tau_equivalent_basis,9,True,True,none,none,True,False,False,True,a5bc25ccf70419ab9d42c7ba6490c7f87dc31e467fc4e3a2d9126ea76f7c656a,0.079581875,all checks passed
valid-tau_equivalent_basis-0010,tau_equivalent_basis,10,True,True,none,none,True,False,False,True,201081413ea07e1b6e41d0dba9acda66f110642c031e5e746f489676e10e9cda,0.078962208,all checks passed
valid-tau_equivalent_basis-0011,tau_equivalent_basis,11,True,True,none,none,True,False,False,True,7b7823146d4ea8441fd76894560fe55daa6f27a9f70ef7c8b068199d1f6b0bf8,0.079360750,all checks passed
valid-tau_equivalent_basis-0012,tau_equivalent_basis,12,True,True,none,none,True,False,False,True,3192ee7431b52d43140ec374e11bde7123da98123ece8cebe82d3504abf02648,0.079617750,all checks passed
valid-tau_equivalent_basis-0013,tau_equivalent_basis,13,True,True,none,none,True,False,False,True,e00651b3b5cf865998f3895cd58276373152f307ccb08cc042b267ab02269e1b,0.078806666,all checks passed
valid-tau_equivalent_basis-0014,tau_equivalent_basis,14,True,True,none,none,True,False,False,True,d9a155fc5e0e041a4fcf729871c49d3da688a761e6abe9ea20a900dd19196f1e,0.078872208,all checks passed
valid-tau_equivalent_basis-0015,tau_equivalent_basis,15,True,True,none,none,True,False,False,True,ab7abe3cfa0da1e9d4faf796549a5000f7806b82abc85c3ef93ec72f8e620ea1,0.078891375,all checks passed
valid-tau_equivalent_basis-0016,tau_equivalent_basis,16,True,True,none,none,True,False,False,True,d51595ce2e24229f2e75fe6d4afd513e2c5bbbd3478085c21752710b53d407cc,0.078046750,all checks passed
valid-tau_equivalent_basis-0017,tau_equivalent_basis,17,True,True,none,none,True,False,False,True,6bf0fd85bbf5cc704f4080e0e7cc0018e0a08aab8f5dee1853d5f7c8688f7e8d,0.079861292,all checks passed
valid-tau_equivalent_basis-0018,tau_equivalent_basis,18,True,True,none,none,True,False,False,True,a81eafca9c66b23729a3774f89a0202435028aa73fef917ee36f6391f4738a92,0.079101916,all checks passed
valid-tau_equivalent_basis-0019,tau_equivalent_basis,19,True,True,none,none,True,False,False,True,981c229526f4d157693242d7f606e9110e9bb29d68d2dd5d8cbca14587e432f8,0.078818750,all checks passed
valid-tau_equivalent_basis-0020,tau_equivalent_basis,20,True,True,none,none,True,False,False,True,c6c9b2746e205748492a6186fcb8cf07495643a35b4cca9b7b56240b3900b9ee,0.079400375,all checks passed
valid-tau_equivalent_basis-0021,tau_equivalent_basis,21,True,True,none,none,True,False,False,True,6aea369d1b0179ad0b312571040ef04f5797117aa3b9b1e88a50ab89dde0ed23,0.079671334,all checks passed
valid-tau_equivalent_basis-0022,tau_equivalent_basis,22,True,True,none,none,True,False,False,True,06328063be6951ad7babb9d9e121466162c3a2864d65300184d4c3d792c00f40,0.078787042,all checks passed
valid-tau_equivalent_basis-0023,tau_equivalent_basis,23,True,True,none,none,True,False,False,True,bf0abc4fbf3daf1e90fe760b9533133cbcaf2db7da880409bec155817e417d55,0.079361000,all checks passed
valid-tau_equivalent_basis-0024,tau_equivalent_basis,24,True,True,none,none,True,False,False,True,a1332c2b8aa055fd0bd80205a3b02ad4df5777a56a3c720cf208ee213f00561c,0.080361709,all checks passed
valid-tau_equivalent_basis-0025,tau_equivalent_basis,25,True,True,none,none,True,False,False,True,2f864be3c8fa828dd98429273add1364ef553e856e9268bdb46fb25d384f2c6d,0.077952709,all checks passed
valid-tau_equivalent_basis-0026,tau_equivalent_basis,26,True,True,none,none,True,False,False,True,e59c0e24a8d02153d60068d246946e37f08b8a90b903c2d48caab319b91c9b3c,0.078649708,all checks passed
valid-tau_equivalent_basis-0027,tau_equivalent_basis,27,True,True,none,none,True,False,False,True,4ab17583ebf180c3d7a164bb7ccf04ae86d1d5af6a4c08693b15c4c325bbb4a4,0.079480708,all checks passed
valid-tau_equivalent_basis-0028,tau_equivalent_basis,28,True,True,none,none,True,False,False,True,295ddea1bad3a01d9da293113b74905df46371c8d60bc039be242d6fc8cc3476,0.079215458,all checks passed
valid-tau_equivalent_basis-0029,tau_equivalent_basis,29,True,True,none,none,True,False,False,True,e774cd4d0d661901187afc0c51ddfbdcb53b2af0a7e58d86845f8c4bae9ab3ff,0.078677959,all checks passed
valid-tau_equivalent_basis-0030,tau_equivalent_basis,30,True,True,none,none,True,False,False,True,26fbf122f31456c2230faf031398cd7c24ffd4cdd523d5fdb0055d6b3c23e045,0.078870833,all checks passed
valid-tau_equivalent_basis-0031,tau_equivalent_basis,31,True,True,none,none,True,False,False,True,70ed675390eac7c3632243881da4128713ad4de7838cc7f0b79d0330acb80e31,0.079120959,all checks passed
valid-tau_equivalent_basis-0032,tau_equivalent_basis,32,True,True,none,none,True,False,False,True,2f124b68e5c41cd63afa431eef2d27acb18ea1d763fbe63400507851773e3c53,0.079041791,all checks passed
valid-tau_equivalent_basis-0033,tau_equivalent_basis,33,True,True,none,none,True,False,False,True,31aca9dff54df6dc1fd4e2140e86f5ec316a82140bff8f6bc7fcc1b04c726b78,0.078809875,all checks passed
valid-tau_equivalent_basis-0034,tau_equivalent_basis,34,True,True,none,none,True,False,False,True,4b19ea2adb42ac51377386ca822ce64d6a04ef8993053693fc8bfdd51de91a3e,0.078973250,all checks passed
valid-tau_equivalent_basis-0035,tau_equivalent_basis,35,True,True,none,none,True,False,False,True,5366843be5c395dda9bdcb5235624fe561ce4f2bba8322b6a380ef67cfedc0c4,0.078987333,all checks passed
valid-tau_equivalent_basis-0036,tau_equivalent_basis,36,True,True,none,none,True,False,False,True,6b4b563b98e8720a35456e1b1664c9589d1fc7857b0dd5645d1f37ad7c13e400,0.078697833,all checks passed
valid-tau_equivalent_basis-0037,tau_equivalent_basis,37,True,True,none,none,True,False,False,True,b878c8d1e3919a3f3f05fbe679b2ebe5cb8ced9453c1e466e34c5b3edecbc217,0.079347375,all checks passed
valid-tau_equivalent_basis-0038,tau_equivalent_basis,38,True,True,none,none,True,False,False,True,cb7b94f208e0f8f7f8424c076d12163b222c2f41f20b88975f9e0c63b05a8062,0.080529583,all checks passed
valid-tau_equivalent_basis-0039,tau_equivalent_basis,39,True,True,none,none,True,False,False,True,59491116b17cb514c1b3bef53c6f43098e35ef5e2f98eb55a8001846e2929252,0.079766416,all checks passed
valid-tau_equivalent_basis-0040,tau_equivalent_basis,40,True,True,none,none,True,False,False,True,eab68e46445e9742fd7de8cc2414aeed3267d1409c23bba72b66b6feade406d7,0.079426583,all checks passed
valid-tau_equivalent_basis-0041,tau_equivalent_basis,41,True,True,none,none,True,False,False,True,4d244b242a40d222afba40b020c9554b6db8c15dacc9f16e03b0bb00ac4900f4,0.079291542,all checks passed
valid-tau_equivalent_basis-0042,tau_equivalent_basis,42,True,True,none,none,True,False,False,True,eaa33cf66960374de9f6428753eda34233700c8fd2d20468df9eb7327bfc7c19,0.079729125,all checks passed
valid-tau_equivalent_basis-0043,tau_equivalent_basis,43,True,True,none,none,True,False,False,True,54228c13036ac3ec622f2facb57cc8159dc78a14a60b3a27fa40a5b3ab8206d2,0.078875167,all checks passed
valid-tau_equivalent_basis-0044,tau_equivalent_basis,44,True,True,none,none,True,False,False,True,39e53675ed7ee133e5f80f72505c9bd5189dc9d071e80050f7a2a84c4cb3478f,0.078986084,all checks passed
valid-tau_equivalent_basis-0045,tau_equivalent_basis,45,True,True,none,none,True,False,False,True,3edcf78dfd52382a07bb3a33bd939db86c5d541f4653ecc9548adf739e921c88,0.079220208,all checks passed
valid-tau_equivalent_basis-0046,tau_equivalent_basis,46,True,True,none,none,True,False,False,True,d7196c3218e8fa4e09b6e298eea19ed8b8cf7bed7f795e06fe9931c9849ec769,0.078143583,all checks passed
valid-tau_equivalent_basis-0047,tau_equivalent_basis,47,True,True,none,none,True,False,False,True,efb060564537304af499c3caab8f9145c8b7a25aa079b03857418ad9c3873645,0.078871167,all checks passed
valid-tau_equivalent_basis-0048,tau_equivalent_basis,48,True,True,none,none,True,False,False,True,dd5fc224179aea26d5d1ceee1633918089d2192c8fb5cfb8fa52a1fae95f3025,0.079422584,all checks passed
valid-tau_equivalent_basis-0049,tau_equivalent_basis,49,True,True,none,none,True,False,False,True,198252e096a37a0f4f6e677e3e9c6202e9ab3b476c746a6bb9a4656040f227ae,0.077853834,all checks passed
valid-tau_equivalent_basis-0050,tau_equivalent_basis,50,True,True,none,none,True,False,False,True,5335ac17313ec8a741ee6a01b480c2d3dc3d37eb3f559f7c9ff5ee386f6bb0eb,0.078053167,all checks passed
valid-tau_equivalent_basis-0051,tau_equivalent_basis,51,True,True,none,none,True,False,False,True,6baae7b6212b6ec26d01dfc7a396d995dd1525a18bf6210bdc80d1e69fb0dcab,0.079202042,all checks passed
valid-tau_equivalent_basis-0052,tau_equivalent_basis,52,True,True,none,none,True,False,False,True,13071b12a7516c9c6e94ff19f8730abbc62a92aca148dc236e1f1addf97ecaa2,0.079022375,all checks passed
valid-tau_equivalent_basis-0053,tau_equivalent_basis,53,True,True,none,none,True,False,False,True,2d6199daf8476ca3ad1226c64dab6e66e10f7972b2faef4515de56b4764a0fec,0.079346833,all checks passed
valid-tau_equivalent_basis-0054,tau_equivalent_basis,54,True,True,none,none,True,False,False,True,cf5a4c8748698e86b1ca2473362135254e52c135bf394a311ba5d76b4325a149,0.079866958,all checks passed
valid-tau_equivalent_basis-0055,tau_equivalent_basis,55,True,True,none,none,True,False,False,True,7768f84537e4125cadad043a9e66f585d53074f131242e64fff078390a152471,0.078911959,all checks passed
valid-tau_equivalent_basis-0056,tau_equivalent_basis,56,True,True,none,none,True,False,False,True,a9a6627f67c42a2ff3e408ccd79a2222225f5a2fced59bb7498db9114fcd39b3,0.079048250,all checks passed
valid-tau_equivalent_basis-0057,tau_equivalent_basis,57,True,True,none,none,True,False,False,True,ae35686fa1d32ef407d87405130d44ec53e91eb57c06f64290ae910ebbc43a3b,0.078935042,all checks passed
valid-tau_equivalent_basis-0058,tau_equivalent_basis,58,True,True,none,none,True,False,False,True,3970a41488af7f2f3630da95ea00b1cbb954efb2927f56a0d40761f5035d6743,0.079070375,all checks passed
valid-tau_equivalent_basis-0059,tau_equivalent_basis,59,True,True,none,none,True,False,False,True,9ec143556f2e375e6d63b3f1f674289064afd0af46e09f0ed1bd6c901a7f776f,0.079214167,all checks passed
valid-tau_equivalent_basis-0060,tau_equivalent_basis,60,True,True,none,none,True,False,False,True,5df0996099edd8caf065c6e5be4ed0839cee2d02953e71c8990538331d0e38ba,0.078508792,all checks passed
valid-tau_equivalent_basis-0061,tau_equivalent_basis,61,True,True,none,none,True,False,False,True,499383c8de67fd7d230bb598580fedae4876b20fa3dd8fb17ae66b6d8f2c8445,0.079086750,all checks passed
valid-tau_equivalent_basis-0062,tau_equivalent_basis,62,True,True,none,none,True,False,False,True,45cd7b2a05058691dacc06971959fef8db03443cb0d890950c03645ee076f1c7,0.079550875,all checks passed
valid-tau_equivalent_basis-0063,tau_equivalent_basis,63,True,True,none,none,True,False,False,True,2d6287f4108975bd268fcd01272cf661000a9a6202673ab34192c7f6194ec66f,0.079383167,all checks passed
valid-tau_equivalent_basis-0064,tau_equivalent_basis,64,True,True,none,none,True,False,False,True,18f9f66cafb759a1a81c09325040710b293c391cf0420a0568a5493c6c45813c,0.078951417,all checks passed
valid-tau_equivalent_basis-0065,tau_equivalent_basis,65,True,True,none,none,True,False,False,True,320d47bd509e1d59ef3b31f98b2625414cbf564939f393162783d9aa0cc32830,0.079290375,all checks passed
valid-tau_equivalent_basis-0066,tau_equivalent_basis,66,True,True,none,none,True,False,False,True,7b856d3333dbf7c455a7d5d603b494198785512f578bdddf03c23d08409d9b7e,0.079149167,all checks passed
valid-tau_equivalent_basis-0067,tau_equivalent_basis,67,True,True,none,none,True,False,False,True,ebcf46e52f53dcccc84cc843c472075adaa4fbb599b824305a4b9e8a0552fb6e,0.079724958,all checks passed
valid-tau_equivalent_basis-0068,tau_equivalent_basis,68,True,True,none,none,True,False,False,True,6cdef3fd4721343ba016f51c4d8963540b1603c6b0bea8704372f13a8f3f0f53,0.078834750,all checks passed
valid-tau_equivalent_basis-0069,tau_equivalent_basis,69,True,True,none,none,True,False,False,True,248887560781b0d741ac1515d8812c9e45998ed17941912dbf8bc64d7b60a231,0.080638500,all checks passed
valid-tau_equivalent_basis-0070,tau_equivalent_basis,70,True,True,none,none,True,False,False,True,25b5a8776df7c63ea36dffc859656461a7dd5ea94742f9a7a56c200868153576,0.078080833,all checks passed
valid-tau_equivalent_basis-0071,tau_equivalent_basis,71,True,True,none,none,True,False,False,True,07cc6a248dbe2f458f9698b28a96a5486218157981bea59eb7f1a3c2ee2a0510,0.077610917,all checks passed
valid-tau_equivalent_basis-0072,tau_equivalent_basis,72,True,True,none,none,True,False,False,True,a026990650cf5048a0d9508c7e58046838a6f6aee2f5a40148791d150920eca2,0.078389500,all checks passed
valid-tau_equivalent_basis-0073,tau_equivalent_basis,73,True,True,none,none,True,False,False,True,1eb142e2c5366267a3e4a9e000e29e854cd1dc9dd88cc9d57c4d40e049a3142d,0.078035917,all checks passed
valid-tau_equivalent_basis-0074,tau_equivalent_basis,74,True,True,none,none,True,False,False,True,7e904fd7eccc91843e4a67cf12b20ede34ad55223b4e47250eb0ee044e035454,0.079595083,all checks passed
valid-tau_equivalent_basis-0075,tau_equivalent_basis,75,True,True,none,none,True,False,False,True,c1ba2f6c3b402079081c9a81bd6ae2e3e8be21d9758b75643f835d2da3eb5556,0.078565708,all checks passed
valid-tau_equivalent_basis-0076,tau_equivalent_basis,76,True,True,none,none,True,False,False,True,8dd12cc0be2a0312b023ab3630d9e9bb33b0b97e9b1bdd8c4e53d4302d999f03,0.078977917,all checks passed
valid-tau_equivalent_basis-0077,tau_equivalent_basis,77,True,True,none,none,True,False,False,True,762e5c69958bdf229ad44c828db1bb0fa54e0b20e6fb68dc1f66d788cf397d72,0.078804042,all checks passed
valid-tau_equivalent_basis-0078,tau_equivalent_basis,78,True,True,none,none,True,False,False,True,24d9c838e350fc80da893bc7c88420a5119b1cc82a38aaa851aaa4ffe477d747,0.078221792,all checks passed
valid-tau_equivalent_basis-0079,tau_equivalent_basis,79,True,True,none,none,True,False,False,True,b408bf38d1b1d1ed07424e4fbe3e73ddebd18160c76e5af34cd7d74283e8e1cb,0.078261542,all checks passed
valid-tau_equivalent_basis-0080,tau_equivalent_basis,80,True,True,none,none,True,False,False,True,0ca1f9a09a1986a32e8790f135d18e38c96d32436e48502bf33d1b2858f00c4f,0.078385500,all checks passed
valid-tau_equivalent_basis-0081,tau_equivalent_basis,81,True,True,none,none,True,False,False,True,bef7ed5c17543562bb93b9e589f19b96025c28e43f920a4fee26dfc7e143cecd,0.080091167,all checks passed
valid-tau_equivalent_basis-0082,tau_equivalent_basis,82,True,True,none,none,True,False,False,True,8bd6e3933e4437152c1ca23c804185842dc6dabf8d4d86971580961fd59d73c7,0.079003708,all checks passed
valid-tau_equivalent_basis-0083,tau_equivalent_basis,83,True,True,none,none,True,False,False,True,51fdb41dceb1fd3c3a82b29cb24e300216d403cca5bd534ebc7b8e9f95be8a23,0.078264083,all checks passed
valid-tau_equivalent_basis-0084,tau_equivalent_basis,84,True,True,none,none,True,False,False,True,dbf2f01869ab704f9ff3fc77f4196621f585f8ba8781221ebc77c97fa838d1a1,0.079034833,all checks passed
valid-tau_equivalent_basis-0085,tau_equivalent_basis,85,True,True,none,none,True,False,False,True,82757bab5f012395f4b6c1b0590f1e301137f6dd5175e390c0e2fe0346efce9d,0.078120584,all checks passed
valid-tau_equivalent_basis-0086,tau_equivalent_basis,86,True,True,none,none,True,False,False,True,73507fe63041b911c9ad2c5f53a4e3952ac58f6a065c9b19b7c71b13946fa430,0.078063292,all checks passed
valid-tau_equivalent_basis-0087,tau_equivalent_basis,87,True,True,none,none,True,False,False,True,76b1103d2a321088c888d7578959dc5815b2366dc4e171ed3c5406f69d0150d7,0.080788625,all checks passed
valid-tau_equivalent_basis-0088,tau_equivalent_basis,88,True,True,none,none,True,False,False,True,6cd8b114d8f1dfe16ad0515d13cb412bad5abd1e75c4862bce857c8a889766ec,0.078741500,all checks passed
valid-tau_equivalent_basis-0089,tau_equivalent_basis,89,True,True,none,none,True,False,False,True,30c5e59da32a15fd9cbbe491c378cbac7633e41c3f5ef329a47181b40cda26ff,0.078532834,all checks passed
valid-tau_equivalent_basis-0090,tau_equivalent_basis,90,True,True,none,none,True,False,False,True,89477f38b5a2cc41c97c14038f979ee12d4bc028e73c6713d44d1384b52840c7,0.076033500,all checks passed
valid-tau_equivalent_basis-0091,tau_equivalent_basis,91,True,True,none,none,True,False,False,True,6d3ca0d66b5191d53600bb68e33fc82b704282550699067742169b1a5e494e39,0.077386166,all checks passed
valid-tau_equivalent_basis-0092,tau_equivalent_basis,92,True,True,none,none,True,False,False,True,43707addd226113116839f47771d29352271199c2967c0b564a17b0c05066df7,0.077769583,all checks passed
valid-tau_equivalent_basis-0093,tau_equivalent_basis,93,True,True,none,none,True,False,False,True,718e165cf8fca5017b5440df96d702422135cc978c080cd33aef1ae5a53c67a5,0.078263791,all checks passed
valid-tau_equivalent_basis-0094,tau_equivalent_basis,94,True,True,none,none,True,False,False,True,d45a35eb8a0b0af395504e3a33061f5e369aed221021bd63d05d8c4c4deebaf8,0.077763959,all checks passed
valid-tau_equivalent_basis-0095,tau_equivalent_basis,95,True,True,none,none,True,False,False,True,56d4ca4a2e5bd00de036ea2e6ab4695e5210291c982a9dabaaa3626a684c3590,0.079533459,all checks passed
valid-tau_equivalent_basis-0096,tau_equivalent_basis,96,True,True,none,none,True,False,False,True,3b696f6ee0099b436dedf3248ca22596734725948bf13341f64c87084e3a5595,0.078559541,all checks passed
valid-tau_equivalent_basis-0097,tau_equivalent_basis,97,True,True,none,none,True,False,False,True,48d8a84fc94a01fa50b1a17d96a8435cef8902511baaef839710b7eec17a3f20,0.078684750,all checks passed
valid-tau_equivalent_basis-0098,tau_equivalent_basis,98,True,True,none,none,True,False,False,True,0d91cc36558783f75e86c8394273fbec4685d8fc5bfd00092dff93d6cffa2e62,0.081920917,all checks passed
valid-tau_equivalent_basis-0099,tau_equivalent_basis,99,True,True,none,none,True,False,False,True,b8703483b16260b9309869b9da7c412e8d0a7d412baa2d821ddf9a4822f307f8,0.080257000,all checks passed
valid-deterministic_environment_gauge-0000,deterministic_environment_gauge,0,True,True,none,none,True,False,False,True,e5779533cc003ae4b0bdc958c2993955d9012e8bf37ac463815a2f25a5df9453,0.133541833,all checks passed
valid-deterministic_environment_gauge-0001,deterministic_environment_gauge,1,True,True,none,none,True,False,False,True,2c31bcc9a7ff72b09be759710913400bc1b5f45b354966a09eef55f691f5fac3,0.133216250,all checks passed
valid-deterministic_environment_gauge-0002,deterministic_environment_gauge,2,True,True,none,none,True,False,False,True,c45700e5ca9a999f92ed2e25cf66c5e439f502e16e18eb93764beea550ab6f61,0.135236667,all checks passed
valid-deterministic_environment_gauge-0003,deterministic_environment_gauge,3,True,True,none,none,True,False,False,True,9f87a1ca9c3f8eebc807542e40f748f62aeb0ecb1ed1dcee37d3d6b1d10893db,0.133472250,all checks passed
valid-deterministic_environment_gauge-0004,deterministic_environment_gauge,4,True,True,none,none,True,False,False,True,11c85330e72118de5e751034402a1a5412f86a786a5776677b158b0440f6103d,0.132515167,all checks passed
valid-deterministic_environment_gauge-0005,deterministic_environment_gauge,5,True,True,none,none,True,False,False,True,dd8e3f3156eb793f45cfb8ef087446ed808e403f446d644e72ad3e668d8b6d53,0.134839500,all checks passed
valid-deterministic_environment_gauge-0006,deterministic_environment_gauge,6,True,True,none,none,True,False,False,True,818ec9614c68876c0c638a0707674308f6d1404be980c104d2534b79f2626a1a,0.132811709,all checks passed
valid-deterministic_environment_gauge-0007,deterministic_environment_gauge,7,True,True,none,none,True,False,False,True,3e3b820c495d45777342f2f7e8a2f08b0f498691a580722123e0e04d73924ad6,0.136861375,all checks passed
valid-deterministic_environment_gauge-0008,deterministic_environment_gauge,8,True,True,none,none,True,False,False,True,f457c9a10bf56ced935ccf62c60fb850701da6a755866ebe986e10f1e54f0aaa,0.133658666,all checks passed
valid-deterministic_environment_gauge-0009,deterministic_environment_gauge,9,True,True,none,none,True,False,False,True,8b013fe8a2c349b567ea86dc50dab7c1e526f467afa04c5299c6cdcb70691fbe,0.132643750,all checks passed
valid-deterministic_environment_gauge-0010,deterministic_environment_gauge,10,True,True,none,none,True,False,False,True,e2b63212195a838b32af1a014cb09b9d899e3d320e7c22829e6e7062b178c3dd,0.130904417,all checks passed
valid-deterministic_environment_gauge-0011,deterministic_environment_gauge,11,True,True,none,none,True,False,False,True,51187f92a7fe6e500f8c57e4d134b50df0406c24ae53413694d79e54d167889d,0.131247959,all checks passed
valid-deterministic_environment_gauge-0012,deterministic_environment_gauge,12,True,True,none,none,True,False,False,True,d4f6169ee784f9eaf2199ddff0166b438455875dd01961d2e7eb108c7aa7ed67,0.133292500,all checks passed
valid-deterministic_environment_gauge-0013,deterministic_environment_gauge,13,True,True,none,none,True,False,False,True,bc3cdf5e57df20f2fca34de7369e20ce219d76e45448b4555e529d69ba2d8d21,0.134987125,all checks passed
valid-deterministic_environment_gauge-0014,deterministic_environment_gauge,14,True,True,none,none,True,False,False,True,a121de22d5721567a89c6c7301faabcbe074f581329da70979fdb0980429c20f,0.130072583,all checks passed
valid-deterministic_environment_gauge-0015,deterministic_environment_gauge,15,True,True,none,none,True,False,False,True,da5609023aeee908dcf0293472eba9b5ff28dda06c453f11c83bf7e759aaa1f3,0.128722542,all checks passed
valid-deterministic_environment_gauge-0016,deterministic_environment_gauge,16,True,True,none,none,True,False,False,True,990a4481612c868f4c7a548c168e78f18aae4f824fdab818b77321b9678260ef,0.128088333,all checks passed
valid-deterministic_environment_gauge-0017,deterministic_environment_gauge,17,True,True,none,none,True,False,False,True,7b752205c4b60ab75a7f42bfd8f4df1d756f92a61d127c090de7e8dbd09c82f5,0.133505708,all checks passed
valid-deterministic_environment_gauge-0018,deterministic_environment_gauge,18,True,True,none,none,True,False,False,True,d2d43750f966a77db2c7dbd85c38d1d53802616319f279b417de26aa9997e1e5,0.130064458,all checks passed
valid-deterministic_environment_gauge-0019,deterministic_environment_gauge,19,True,True,none,none,True,False,False,True,2a4c828ce0011a24e4cb45ee75a7b79ccbfe764d1bfef35b26e290d1b4cce821,0.138080875,all checks passed
valid-deterministic_environment_gauge-0020,deterministic_environment_gauge,20,True,True,none,none,True,False,False,True,4dfac62c70dc7ccc2555126058911eecb1df5a5ad987ef1e56a009727fd2e67a,0.131098917,all checks passed
valid-deterministic_environment_gauge-0021,deterministic_environment_gauge,21,True,True,none,none,True,False,False,True,ce67de1700b7e8c9f0451b7e01788233f8ad845118a2001d02893743ef68a0bf,0.131571333,all checks passed
valid-deterministic_environment_gauge-0022,deterministic_environment_gauge,22,True,True,none,none,True,False,False,True,bcb68d0fbcc578cd9bea398f09744a597c7a203845ef7104a65e3942aa120b4c,0.132276584,all checks passed
valid-deterministic_environment_gauge-0023,deterministic_environment_gauge,23,True,True,none,none,True,False,False,True,0b063f8dbd339fb08eaee184bf6e49d8da1e22a20240136ed73dfa23599183f3,0.133698375,all checks passed
valid-deterministic_environment_gauge-0024,deterministic_environment_gauge,24,True,True,none,none,True,False,False,True,1656f9fc372a6dd06cd9094f8e05330198167b08261afba91c7bcf3dfa3ed52c,0.131364250,all checks passed
valid-deterministic_environment_gauge-0025,deterministic_environment_gauge,25,True,True,none,none,True,False,False,True,6b94cdef842d9ab1c5f773f4bd4055bb95a897c6397429ff70be4e23dd334a5c,0.130460542,all checks passed
valid-deterministic_environment_gauge-0026,deterministic_environment_gauge,26,True,True,none,none,True,False,False,True,5a975573018d1aff2fdf6f9cf8230cf8ce505699b120220074eaf03bb1e0769d,0.129970708,all checks passed
valid-deterministic_environment_gauge-0027,deterministic_environment_gauge,27,True,True,none,none,True,False,False,True,bd2c33df33e0957d5206823f9b5fe3fee28b98cb626d6764e1c9cc397a601e05,0.130438334,all checks passed
valid-deterministic_environment_gauge-0028,deterministic_environment_gauge,28,True,True,none,none,True,False,False,True,901938697d76223b6f237caf10fa1f22b0ff72c1e565bcac479ab39879b2bb48,0.133457292,all checks passed
valid-deterministic_environment_gauge-0029,deterministic_environment_gauge,29,True,True,none,none,True,False,False,True,5f098708f6bf8e8fbdf164d4903c182c4fd257facbbdb6cffbb4b9a989f7a03f,0.132328875,all checks passed
valid-deterministic_environment_gauge-0030,deterministic_environment_gauge,30,True,True,none,none,True,False,False,True,2b8e0cbbe003f7cf451f686736b55754a399418fdca3ec05ae39c69244d1f8b1,0.131122833,all checks passed
valid-deterministic_environment_gauge-0031,deterministic_environment_gauge,31,True,True,none,none,True,False,False,True,93df8715eb0e76f2a6512d71a386d577e62062915d7f104851d4f75a06f04088,0.131786750,all checks passed
valid-deterministic_environment_gauge-0032,deterministic_environment_gauge,32,True,True,none,none,True,False,False,True,6a72018522cae02c1898dd6b78ed7ec09570208a24db002311a607ef37ae98fc,0.130266417,all checks passed
valid-deterministic_environment_gauge-0033,deterministic_environment_gauge,33,True,True,none,none,True,False,False,True,37c971c189a6652f9ae6f24c4e8216256a737f6b95a63db379d0d9e19c333438,0.129577666,all checks passed
valid-deterministic_environment_gauge-0034,deterministic_environment_gauge,34,True,True,none,none,True,False,False,True,401adae769c3af81687d38acd8a773427954e9ad349080109a530978dcd7d5ea,0.133720334,all checks passed
valid-deterministic_environment_gauge-0035,deterministic_environment_gauge,35,True,True,none,none,True,False,False,True,5482c5cf72a6dfc77a66a828dd9011640f620b0b23ec657ba942b4ac7f0f5ba4,0.133116417,all checks passed
valid-deterministic_environment_gauge-0036,deterministic_environment_gauge,36,True,True,none,none,True,False,False,True,c5266843a3c8c7c9e8fdd37a063ca8388f6600cd73bb62d507d8c739156a46a6,0.131838667,all checks passed
valid-deterministic_environment_gauge-0037,deterministic_environment_gauge,37,True,True,none,none,True,False,False,True,d6be432f05c0caeed496a23e4973e88179960461209855bfbd593d9f4bce518a,0.130558708,all checks passed
valid-deterministic_environment_gauge-0038,deterministic_environment_gauge,38,True,True,none,none,True,False,False,True,c275caad7517caf24e5df1bdb1bdc5c57e67847270a8f512725411b3835fe574,0.131929917,all checks passed
valid-deterministic_environment_gauge-0039,deterministic_environment_gauge,39,True,True,none,none,True,False,False,True,8d8b56386564586b9cdaed0f7e5668306228fd03744e878930c7183068eb7eb0,0.131879708,all checks passed
valid-deterministic_environment_gauge-0040,deterministic_environment_gauge,40,True,True,none,none,True,False,False,True,db211f10893d18bbb38e213ebe457a34060013fc8b29b556c96b35fee9e90170,0.128796584,all checks passed
valid-deterministic_environment_gauge-0041,deterministic_environment_gauge,41,True,True,none,none,True,False,False,True,76ff209d975ba47251d369a4e0da973f56c7d657f849a94b4bb0c5708ac0cde2,0.129500667,all checks passed
valid-deterministic_environment_gauge-0042,deterministic_environment_gauge,42,True,True,none,none,True,False,False,True,3513a52692e3d29edb5df424d97c906fc263c2c032207287023821c6cf626342,0.132268167,all checks passed
valid-deterministic_environment_gauge-0043,deterministic_environment_gauge,43,True,True,none,none,True,False,False,True,a2a7b4317c2a6f264d66eac2a5a44150afc149e580621d61711648a2640454d5,0.131711875,all checks passed
valid-deterministic_environment_gauge-0044,deterministic_environment_gauge,44,True,True,none,none,True,False,False,True,22c726e3e3df0b31e1481b7ecb9567dcf8bdcecfbd748b5825fc7acb7235f9a6,0.130681375,all checks passed
valid-deterministic_environment_gauge-0045,deterministic_environment_gauge,45,True,True,none,none,True,False,False,True,706b4ae957b8800c8a39b64de8ba72d2591ac2e2e5d0aa9284a5b5249ed950ab,0.130542916,all checks passed
valid-deterministic_environment_gauge-0046,deterministic_environment_gauge,46,True,True,none,none,True,False,False,True,a92de04385850671904dee8daa731462977755b1e869eadc3293384bfd50025a,0.132624666,all checks passed
valid-deterministic_environment_gauge-0047,deterministic_environment_gauge,47,True,True,none,none,True,False,False,True,9bde42880035ded379e946d024faad2f9b4e06383c7961bae47ba404c4eb6d31,0.131962541,all checks passed
valid-deterministic_environment_gauge-0048,deterministic_environment_gauge,48,True,True,none,none,True,False,False,True,62bec61966d6f75fc15b74364303010fa0745fbc3521adb307a65aa3f588c60e,0.130289959,all checks passed
valid-deterministic_environment_gauge-0049,deterministic_environment_gauge,49,True,True,none,none,True,False,False,True,b5c257c932efc02e72a3f0d959b28a80ecd9d13c82d07f1c8f5565404f90fa3e,0.132890834,all checks passed
valid-deterministic_environment_gauge-0050,deterministic_environment_gauge,50,True,True,none,none,True,False,False,True,fe23c571353330db37a2b06a6971c4b674fabce42f23fe60e62dc0bee9c7ee60,0.132554958,all checks passed
valid-deterministic_environment_gauge-0051,deterministic_environment_gauge,51,True,True,none,none,True,False,False,True,ff4722203bcc190422381f1e1846b4597d04cd85588fbea16a095e4990225531,0.133881833,all checks passed
valid-deterministic_environment_gauge-0052,deterministic_environment_gauge,52,True,True,none,none,True,False,False,True,225ef435d71d5924c2164a54a0e50d86e2c38c20e51cde3096154af65488106e,0.129489834,all checks passed
valid-deterministic_environment_gauge-0053,deterministic_environment_gauge,53,True,True,none,none,True,False,False,True,8628aeab3adbadfef1dc131d27e3cb3f9360961e1c96dbc01ee9451b98b0c38f,0.134390166,all checks passed
valid-deterministic_environment_gauge-0054,deterministic_environment_gauge,54,True,True,none,none,True,False,False,True,2c571c41694250af30a08a1d34496308bdbbe2d8b885e067281c42e0a67190c5,0.130486583,all checks passed
valid-deterministic_environment_gauge-0055,deterministic_environment_gauge,55,True,True,none,none,True,False,False,True,faf227a9b72eb3fcd9396af579f06cb3aab9c6bd69864e68afaa4d843c5e6578,0.128691709,all checks passed
valid-deterministic_environment_gauge-0056,deterministic_environment_gauge,56,True,True,none,none,True,False,False,True,7af1b3dd044e5d934ff108691f32e112e88571db604b042c3f04c9e748074138,0.129571000,all checks passed
valid-deterministic_environment_gauge-0057,deterministic_environment_gauge,57,True,True,none,none,True,False,False,True,e464e9e25590fe129d031829fbafe4c7162e8a8e96c4082b13ac05f23c8cae89,0.129925292,all checks passed
valid-deterministic_environment_gauge-0058,deterministic_environment_gauge,58,True,True,none,none,True,False,False,True,75f72f7dac7096b42026c4a244f441cc1be7aae7e533074d8f37bdaf8fda31d9,0.131460583,all checks passed
valid-deterministic_environment_gauge-0059,deterministic_environment_gauge,59,True,True,none,none,True,False,False,True,a223989d344540c5fec9ff88fd6346853553b35c444b0ea5a7f3c8a78a5de27e,0.132958750,all checks passed
valid-deterministic_environment_gauge-0060,deterministic_environment_gauge,60,True,True,none,none,True,False,False,True,1e134a2e8e088977cf9dfddc9568a31143f59cd5c8a5e3fb795fb166e3ded52a,0.129891542,all checks passed
valid-deterministic_environment_gauge-0061,deterministic_environment_gauge,61,True,True,none,none,True,False,False,True,d150374897cb6daa4d99960677565e5a4eb6b49eb1326a21659df7cd43075783,0.134227042,all checks passed
valid-deterministic_environment_gauge-0062,deterministic_environment_gauge,62,True,True,none,none,True,False,False,True,822e9afac9fc0ea405931acc2469c5a0f111f0713199c13877143663a342a217,0.132245625,all checks passed
valid-deterministic_environment_gauge-0063,deterministic_environment_gauge,63,True,True,none,none,True,False,False,True,0ec63fbe5a74e0e967a5ea4a160e0bcdabc4921a44207b62e19ee4f60b7feb26,0.133196416,all checks passed
valid-deterministic_environment_gauge-0064,deterministic_environment_gauge,64,True,True,none,none,True,False,False,True,fb4965dfb2851bcda9fd16a63172045cec19b7e7930d2d76fc1813f2b1ae69da,0.129355292,all checks passed
valid-deterministic_environment_gauge-0065,deterministic_environment_gauge,65,True,True,none,none,True,False,False,True,bd7c077181c517e08e174195de60f08bab17cde3ee4572c8e2029dff561fe13c,0.132719792,all checks passed
valid-deterministic_environment_gauge-0066,deterministic_environment_gauge,66,True,True,none,none,True,False,False,True,a6825fe71bb5be909471cf618ae8be7d8a32e32e2b0791c0425a93d1e432775b,0.132581000,all checks passed
valid-deterministic_environment_gauge-0067,deterministic_environment_gauge,67,True,True,none,none,True,False,False,True,f6b43cf981ff1e9a6a7ad90ebc63481c952768d6fa96a6e1e15e1aa821020ad9,0.129902791,all checks passed
valid-deterministic_environment_gauge-0068,deterministic_environment_gauge,68,True,True,none,none,True,False,False,True,036825bc11d74a33575462faed7d9972d67315bc63bf789a023fa85025ddfcb6,0.132320625,all checks passed
valid-deterministic_environment_gauge-0069,deterministic_environment_gauge,69,True,True,none,none,True,False,False,True,a5fcfdd37d595b1e129d37229fdf8f5930be66f98d71ee23af8a248d8469f9b9,0.132886875,all checks passed
valid-deterministic_environment_gauge-0070,deterministic_environment_gauge,70,True,True,none,none,True,False,False,True,5cae298a6bfe7bc4e918925871eb7635083798d57616b19fed44cce64aeec472,0.130981458,all checks passed
valid-deterministic_environment_gauge-0071,deterministic_environment_gauge,71,True,True,none,none,True,False,False,True,cbce9fa29c1b55aececc321b24cd855afa98d01ef56c8b85b5109a3509fd54ca,0.128802417,all checks passed
valid-deterministic_environment_gauge-0072,deterministic_environment_gauge,72,True,True,none,none,True,False,False,True,016e53c1436319c04b3e18b1c375a5047c64b0d15c185bd7021e63bb5987627a,0.129072084,all checks passed
valid-deterministic_environment_gauge-0073,deterministic_environment_gauge,73,True,True,none,none,True,False,False,True,c17e9201f1b860268ca88c7d6ebbdc7b031bf607248e8b7682aa56e31620f85e,0.131214125,all checks passed
valid-deterministic_environment_gauge-0074,deterministic_environment_gauge,74,True,True,none,none,True,False,False,True,b70e07015619bb78c96828798c16b516cfa6675c8f5ba2c9ffecdd6a8d8be758,0.129985750,all checks passed
valid-deterministic_environment_gauge-0075,deterministic_environment_gauge,75,True,True,none,none,True,False,False,True,2a0f5d2ffe689b98dc96fb461317f49ef6f7d8165640c730a0c95acf3355d79a,0.128612709,all checks passed
valid-deterministic_environment_gauge-0076,deterministic_environment_gauge,76,True,True,none,none,True,False,False,True,3b1a3362ba5aaae7c4aedc71d03eea99d9c626c995da0ea4b739e0140440205e,0.134122500,all checks passed
valid-deterministic_environment_gauge-0077,deterministic_environment_gauge,77,True,True,none,none,True,False,False,True,33fd0f059a11671ebc8052278259fe8f5bead8506fad5919c7ec794e3f2c342b,0.131242750,all checks passed
valid-deterministic_environment_gauge-0078,deterministic_environment_gauge,78,True,True,none,none,True,False,False,True,909d0ecd5c2661bcccf4dd81532f6e31570927353b574181722d6a6fe2a3fb03,0.129345083,all checks passed
valid-deterministic_environment_gauge-0079,deterministic_environment_gauge,79,True,True,none,none,True,False,False,True,6af0b58777ad6fc0d4b1a976c75d7705d7af88688e993eb7cea79d4b16f526a0,0.131121750,all checks passed
valid-deterministic_environment_gauge-0080,deterministic_environment_gauge,80,True,True,none,none,True,False,False,True,59339ef387a2f3b63629144c9014c75c265f57c21a7b7173cc78f1abd0665112,0.130893000,all checks passed
valid-deterministic_environment_gauge-0081,deterministic_environment_gauge,81,True,True,none,none,True,False,False,True,2c9095cbb7d68ed6dd5daa8ebe7079dec6e2819807b2018dc1a66d0d2946cf69,0.138356291,all checks passed
valid-deterministic_environment_gauge-0082,deterministic_environment_gauge,82,True,True,none,none,True,False,False,True,a77d490ef8a2292fe83c7aff2e312364dc64d6610812aae020e9716924c0f295,0.134117583,all checks passed
valid-deterministic_environment_gauge-0083,deterministic_environment_gauge,83,True,True,none,none,True,False,False,True,b0364245f736f941d00697959ca57be6865add2252159fc4c6af330106056f30,0.133619875,all checks passed
valid-deterministic_environment_gauge-0084,deterministic_environment_gauge,84,True,True,none,none,True,False,False,True,b1235c05bc2c71143e89c5e97d866ddc09a5798826e3c83dca5d435f3436c705,0.131749417,all checks passed
valid-deterministic_environment_gauge-0085,deterministic_environment_gauge,85,True,True,none,none,True,False,False,True,59f57127b2a5ed846e919d599f81ad4c0df826a1850b39a3dca240bd26f55440,0.129653375,all checks passed
valid-deterministic_environment_gauge-0086,deterministic_environment_gauge,86,True,True,none,none,True,False,False,True,f5e6e8155e026189f1c5cebdd78588890506200d1916f0c51791c5656656fc32,0.138242125,all checks passed
valid-deterministic_environment_gauge-0087,deterministic_environment_gauge,87,True,True,none,none,True,False,False,True,0e7ae9f0312e54d4e4cc097cf42fc02bb719ec2223e50b31c4048a47c036ac67,0.129157833,all checks passed
valid-deterministic_environment_gauge-0088,deterministic_environment_gauge,88,True,True,none,none,True,False,False,True,452f73dcb07fb4338d807cb972d870af11ba547b26933f194fecd05c83f4dedb,0.132509583,all checks passed
valid-deterministic_environment_gauge-0089,deterministic_environment_gauge,89,True,True,none,none,True,False,False,True,3af8caae42b845dd53b4e5df12457c82915492c7cfdf64501672e74d38091496,0.129717833,all checks passed
valid-deterministic_environment_gauge-0090,deterministic_environment_gauge,90,True,True,none,none,True,False,False,True,a97a5138cf2c45c10c9dd2a3d2d1630fbfc86addad548c941f07402ca78ef4c3,0.131817666,all checks passed
valid-deterministic_environment_gauge-0091,deterministic_environment_gauge,91,True,True,none,none,True,False,False,True,72f88a1ce481dddaf7f313a20d977327b691f5e697cb57a785324f7bd808a5b2,0.131927125,all checks passed
valid-deterministic_environment_gauge-0092,deterministic_environment_gauge,92,True,True,none,none,True,False,False,True,0e097616e396534f648a181aeb9b581aaba5de3991e910478b43ca9d7ff0498f,0.132755167,all checks passed
valid-deterministic_environment_gauge-0093,deterministic_environment_gauge,93,True,True,none,none,True,False,False,True,1b7e436912bd15570473140d9f018300ef44e53c9e0e83091a01b0eed869c317,0.130187833,all checks passed
valid-deterministic_environment_gauge-0094,deterministic_environment_gauge,94,True,True,none,none,True,False,False,True,d95d3837dd0e41f2163202b5bf26bf28302f239762d06477ad252a90213f847d,0.130463333,all checks passed
valid-deterministic_environment_gauge-0095,deterministic_environment_gauge,95,True,True,none,none,True,False,False,True,c17ed5eb6517c1405d901582a5d44add2b05a5c85919de1523cd4f6c10e7ec88,0.131873291,all checks passed
valid-deterministic_environment_gauge-0096,deterministic_environment_gauge,96,True,True,none,none,True,False,False,True,c95c05cfda957ce7e48db6bf38f6251019a872b0fa6e28644c840a63cd611260,0.131861667,all checks passed
valid-deterministic_environment_gauge-0097,deterministic_environment_gauge,97,True,True,none,none,True,False,False,True,ad80422ebd821dc66aa44f1ab417336430e29e70c231a651a4d028d61c05e442,0.130052500,all checks passed
valid-deterministic_environment_gauge-0098,deterministic_environment_gauge,98,True,True,none,none,True,False,False,True,7cea7a90aa80030434e4f727e9a0e6e6dd3938501acd02f79edfafaa6439e71d,0.130792292,all checks passed
valid-deterministic_environment_gauge-0099,deterministic_environment_gauge,99,True,True,none,none,True,False,False,True,8af2e6cc71f7a253f44345c38710816c040a14def932a81d300cbe4e7644c62b,0.132015750,all checks passed
valid-deterministic_identity_rewrite-0000,deterministic_identity_rewrite,0,True,True,none,none,True,False,False,True,2cdcf495ccb7660d33f2fd5206405765cb6b25813588075c723249589058beda,0.129556792,all checks passed
valid-deterministic_identity_rewrite-0001,deterministic_identity_rewrite,1,True,True,none,none,True,False,False,True,67b8f8962e7a506924941b53ce71438cf09463731375e9be53b9c301f5cee711,0.129775334,all checks passed
valid-deterministic_identity_rewrite-0002,deterministic_identity_rewrite,2,True,True,none,none,True,False,False,True,77d0106b6458da87863f6848d9b1b0aad96e6301d972b2f5a6961b36947047ee,0.132141083,all checks passed
valid-deterministic_identity_rewrite-0003,deterministic_identity_rewrite,3,True,True,none,none,True,False,False,True,d3ecafd2014be96c90aa4d03642f894a440a9654ef822dddaba1376c4a8462e1,0.130234375,all checks passed
valid-deterministic_identity_rewrite-0004,deterministic_identity_rewrite,4,True,True,none,none,True,False,False,True,0b36f5e07ca1bf9bb22b3fb96c83d6a6182bf6956b315acf84272354b8bc984b,0.129842208,all checks passed
valid-deterministic_identity_rewrite-0005,deterministic_identity_rewrite,5,True,True,none,none,True,False,False,True,ded8c9f2c358d11a961047a6f08c98f6e51f9daa9115338e09e1039820f06c27,0.131203167,all checks passed
valid-deterministic_identity_rewrite-0006,deterministic_identity_rewrite,6,True,True,none,none,True,False,False,True,fb471d60e044a932a0f1601a8f50cbb76e67115397334d871ab123af007a1fc8,0.132130833,all checks passed
valid-deterministic_identity_rewrite-0007,deterministic_identity_rewrite,7,True,True,none,none,True,False,False,True,99df245f078ac81ef2ee71013ef904ae5c293ad5710e2bb3a5555d095e8ece43,0.132386500,all checks passed
valid-deterministic_identity_rewrite-0008,deterministic_identity_rewrite,8,True,True,none,none,True,False,False,True,5d0ec16008fa368aa5b470a7419a4285ae2889e65ec0dc56cb33c500d2c6975e,0.131744791,all checks passed
valid-deterministic_identity_rewrite-0009,deterministic_identity_rewrite,9,True,True,none,none,True,False,False,True,9602682526b81d205de9575dbee101ebfdb388b3beba06397816c2afdf03ea67,0.131321750,all checks passed
valid-deterministic_identity_rewrite-0010,deterministic_identity_rewrite,10,True,True,none,none,True,False,False,True,0c7361ecd86979e410fc0c8f2b415fd072ab7fea1e44dcfb34dd50ef38b26bef,0.130183875,all checks passed
valid-deterministic_identity_rewrite-0011,deterministic_identity_rewrite,11,True,True,none,none,True,False,False,True,187e26d8f46a9e495b7b5e41900ce281702de9d7aa9a04c75023937a0deccdc9,0.129698333,all checks passed
valid-deterministic_identity_rewrite-0012,deterministic_identity_rewrite,12,True,True,none,none,True,False,False,True,d01484e7cdb4ab121ef30607a84a5597eef71f1a540ff53074c6719ae8c051e3,0.131822375,all checks passed
valid-deterministic_identity_rewrite-0013,deterministic_identity_rewrite,13,True,True,none,none,True,False,False,True,f4c8d1e2c0c6ac0fe0f26ad529f61bd21d3ca254af63991279b82688ce5ec081,0.133613084,all checks passed
valid-deterministic_identity_rewrite-0014,deterministic_identity_rewrite,14,True,True,none,none,True,False,False,True,fe0e4aef9a57c3e7c7dc676052c4b79333864dcf2a81063f96083c9d82a23296,0.129439458,all checks passed
valid-deterministic_identity_rewrite-0015,deterministic_identity_rewrite,15,True,True,none,none,True,False,False,True,5e5e38784cb315294099359c7ff61b2205636caeae4c22600ae41de447ead915,0.126445625,all checks passed
valid-deterministic_identity_rewrite-0016,deterministic_identity_rewrite,16,True,True,none,none,True,False,False,True,7c0254fea95175343eb3876e268a5664329970cc00da396a3757d4eba9e45c67,0.126758084,all checks passed
valid-deterministic_identity_rewrite-0017,deterministic_identity_rewrite,17,True,True,none,none,True,False,False,True,b9f16186e394636a0c16d9cf19cdadc6658762b3be5d6b51cd6f0c166b05c676,0.132964041,all checks passed
valid-deterministic_identity_rewrite-0018,deterministic_identity_rewrite,18,True,True,none,none,True,False,False,True,15b145f501d3b1162a2beb341b3f456d7b5ae2064c9c562fbf4dbed33c9678a4,0.129911709,all checks passed
valid-deterministic_identity_rewrite-0019,deterministic_identity_rewrite,19,True,True,none,none,True,False,False,True,9b06cb99f24d0ba253d6af0faa09e493349ebf34fd9e956a8f6d84b59fa8cf5c,0.130516334,all checks passed
valid-deterministic_identity_rewrite-0020,deterministic_identity_rewrite,20,True,True,none,none,True,False,False,True,1cce30b97d4008cc991e9c44167efeaf254ce683421efd1ae7f07a641db39a28,0.131555083,all checks passed
valid-deterministic_identity_rewrite-0021,deterministic_identity_rewrite,21,True,True,none,none,True,False,False,True,5f5c7178b5714295cf7607b5a4a9ddaf67b0c26fbd520a895a2806aff467284b,0.130787792,all checks passed
valid-deterministic_identity_rewrite-0022,deterministic_identity_rewrite,22,True,True,none,none,True,False,False,True,ccd33dee729b5eef59d2f3fc4fea5f8bc8987e88c74c6d8f75b1d82524953431,0.130917708,all checks passed
valid-deterministic_identity_rewrite-0023,deterministic_identity_rewrite,23,True,True,none,none,True,False,False,True,946a9f70755d515fb3e52cb34a6517ece7420ce37cf59ebb1b003b09f972d864,0.126902667,all checks passed
valid-deterministic_identity_rewrite-0024,deterministic_identity_rewrite,24,True,True,none,none,True,False,False,True,078dd6d007ba685bf7d6b2f045fa11924b8b8074969ae95aebe95ab1d66432a9,0.129240875,all checks passed
valid-deterministic_identity_rewrite-0025,deterministic_identity_rewrite,25,True,True,none,none,True,False,False,True,5603a38c44089ed33f12bf84be31dd57ece5a2e03118770c7fa20761ab13c5bd,0.128640875,all checks passed
valid-deterministic_identity_rewrite-0026,deterministic_identity_rewrite,26,True,True,none,none,True,False,False,True,18f2becf0c3c32ac7444501d662ae8947c95431b73cb7811778b2bd332a85a32,0.130309000,all checks passed
valid-deterministic_identity_rewrite-0027,deterministic_identity_rewrite,27,True,True,none,none,True,False,False,True,234b31495f8c821f4ffb6a19423a59d61fa92f51df0700ce227718b0c53f293d,0.129696709,all checks passed
valid-deterministic_identity_rewrite-0028,deterministic_identity_rewrite,28,True,True,none,none,True,False,False,True,50e5b4adfd3a113765835267e2d7963985fbf0d7e6c36dfe0d65c171c2f7aca4,0.132351000,all checks passed
valid-deterministic_identity_rewrite-0029,deterministic_identity_rewrite,29,True,True,none,none,True,False,False,True,f3b65dffece3b916bbe848d10bc0a9ad15c44794bdaaf188cb39f8048a065744,0.131584583,all checks passed
valid-deterministic_identity_rewrite-0030,deterministic_identity_rewrite,30,True,True,none,none,True,False,False,True,e8a780d90fd9b4374ac2548c309fd0fd1a424189036d3341db152b7366e21114,0.126716209,all checks passed
valid-deterministic_identity_rewrite-0031,deterministic_identity_rewrite,31,True,True,none,none,True,False,False,True,3eb75dfcdcdd03385f1ea14764bab9bb37e00719bc60643d2d375ac87482a67c,0.129862750,all checks passed
valid-deterministic_identity_rewrite-0032,deterministic_identity_rewrite,32,True,True,none,none,True,False,False,True,0a5003e534c5a956f122822c64bd28c6c2df3bb5aaa480eb57f5daed18910bc5,0.130742125,all checks passed
valid-deterministic_identity_rewrite-0033,deterministic_identity_rewrite,33,True,True,none,none,True,False,False,True,72e40ef6746a8bd2b7dd1a9db914774cb553aa6489c9ad57265ee35563a8ada7,0.128855500,all checks passed
valid-deterministic_identity_rewrite-0034,deterministic_identity_rewrite,34,True,True,none,none,True,False,False,True,d5ac7a96ed74a69d98964032d60e4c2abf76508ea8a1fb4ba778cf2b59778a87,0.136395375,all checks passed
valid-deterministic_identity_rewrite-0035,deterministic_identity_rewrite,35,True,True,none,none,True,False,False,True,dbd6f9a3b166ce9a4893a2a17ff3ee3ca3c0bdea035a189423d2c432de1f6ed8,0.172098583,all checks passed
valid-deterministic_identity_rewrite-0036,deterministic_identity_rewrite,36,True,True,none,none,True,False,False,True,6a94c86e6e7f963f9d07946192f5d70cf4bfe9dcbc7a25a8278e266c4209d342,0.129226583,all checks passed
valid-deterministic_identity_rewrite-0037,deterministic_identity_rewrite,37,True,True,none,none,True,False,False,True,5ab0c6426a735ffbc260330175935d2c6371342769a625197934b414aac2e8f3,0.128253541,all checks passed
valid-deterministic_identity_rewrite-0038,deterministic_identity_rewrite,38,True,True,none,none,True,False,False,True,28faf9e98c64959e691f967107fadd9bc423b09909e2306f29430cc3fd075419,0.130374125,all checks passed
valid-deterministic_identity_rewrite-0039,deterministic_identity_rewrite,39,True,True,none,none,True,False,False,True,1fb0e8d8950f5aac6524ddff72ed4b30af6660c3e553071afd1702315e64c675,0.130373959,all checks passed
valid-deterministic_identity_rewrite-0040,deterministic_identity_rewrite,40,True,True,none,none,True,False,False,True,9b5c89a19363b972ca0e35464513d4e856102a6b9459ac5281ceacdc3d1b45e4,0.128493291,all checks passed
valid-deterministic_identity_rewrite-0041,deterministic_identity_rewrite,41,True,True,none,none,True,False,False,True,eb35e39e0e95256864f5cede194039b8c5792609b1cd473bb29e948f7d055ffa,0.129776542,all checks passed
valid-deterministic_identity_rewrite-0042,deterministic_identity_rewrite,42,True,True,none,none,True,False,False,True,8e98f958b15f1a58caf58445e31e7b57abdb1aef836b3d1baf393ccc5053a298,0.131472458,all checks passed
valid-deterministic_identity_rewrite-0043,deterministic_identity_rewrite,43,True,True,none,none,True,False,False,True,c302c141ec1d23b3d845a6aa884f12a22d03de3b640042ec32c959b55f5130da,0.129078125,all checks passed
valid-deterministic_identity_rewrite-0044,deterministic_identity_rewrite,44,True,True,none,none,True,False,False,True,0cbbf537791bacb1b2c69acc2cc63751bd23894c5e9ca1abe034ff7618c49727,0.130647125,all checks passed
valid-deterministic_identity_rewrite-0045,deterministic_identity_rewrite,45,True,True,none,none,True,False,False,True,f27105ce04e58b69bae9f13746d5413c9ae90f040a80632e08eff3cb7cf882f3,0.131120291,all checks passed
valid-deterministic_identity_rewrite-0046,deterministic_identity_rewrite,46,True,True,none,none,True,False,False,True,5a34548bd0e374f966cb8dbfa31a915a1d41cb748e8a4970845dae300ab7bed3,0.130563333,all checks passed
valid-deterministic_identity_rewrite-0047,deterministic_identity_rewrite,47,True,True,none,none,True,False,False,True,413c63389fc66a5baefd93d878f89aa5aaaa74558cdc7abcb08ab68646573a8d,0.130908458,all checks passed
valid-deterministic_identity_rewrite-0048,deterministic_identity_rewrite,48,True,True,none,none,True,False,False,True,ec01c9fdd13de2462994918d0c0646ae1db1f3dfdf3dbdacb8705db65a846a99,0.130291833,all checks passed
valid-deterministic_identity_rewrite-0049,deterministic_identity_rewrite,49,True,True,none,none,True,False,False,True,9c5a3e4b4377c61b654613b68f024bb4db68b202c8cc94b59bf477c02467aaa6,0.132285584,all checks passed
valid-deterministic_identity_rewrite-0050,deterministic_identity_rewrite,50,True,True,none,none,True,False,False,True,9e401d85a30c380b3414b938ce140519ce7cfc3d32dafaf9d7c9783d5b34dc78,0.131627084,all checks passed
valid-deterministic_identity_rewrite-0051,deterministic_identity_rewrite,51,True,True,none,none,True,False,False,True,d5d342dbe442067d45bbe438a340df5dbc8a845dbe2b38112338d5201bb4612e,0.132264667,all checks passed
valid-deterministic_identity_rewrite-0052,deterministic_identity_rewrite,52,True,True,none,none,True,False,False,True,93534d3588034379e523d7c47da810a44302fa993e7fa933211a4b88e886ca48,0.129016000,all checks passed
valid-deterministic_identity_rewrite-0053,deterministic_identity_rewrite,53,True,True,none,none,True,False,False,True,7a5a7d6bbf391cabb170ad26c6211a234e5a7d1c119bb99b2d5da8ef4389ab62,0.132540708,all checks passed
valid-deterministic_identity_rewrite-0054,deterministic_identity_rewrite,54,True,True,none,none,True,False,False,True,65a7c6072b1414ac062f31c6d109151d718b3940f8e712a93c20490e72b73ab1,0.129811208,all checks passed
valid-deterministic_identity_rewrite-0055,deterministic_identity_rewrite,55,True,True,none,none,True,False,False,True,2892066bd66e1137aefee599bd1e7f45382a8fb89361a0618770402398d907bf,0.129187583,all checks passed
valid-deterministic_identity_rewrite-0056,deterministic_identity_rewrite,56,True,True,none,none,True,False,False,True,b90e129c2bfcbbd8320701bad6637801ca6eba964d67b50ce93a64ba9b478b56,0.129647875,all checks passed
valid-deterministic_identity_rewrite-0057,deterministic_identity_rewrite,57,True,True,none,none,True,False,False,True,314abb3a6849191cf059140c09eea22d1ea2b45ad44633d5e009aee91cc1def9,0.130034125,all checks passed
valid-deterministic_identity_rewrite-0058,deterministic_identity_rewrite,58,True,True,none,none,True,False,False,True,54fb3af0b716c2d74ef4c10b3618e823cd6992685d599f0ef3d1e823ce31720b,0.130236333,all checks passed
valid-deterministic_identity_rewrite-0059,deterministic_identity_rewrite,59,True,True,none,none,True,False,False,True,c46f8d9f9110acfe0fc343a0bd8a6db10a357b075af8f6c2b41984cb8e1a4995,0.133956542,all checks passed
valid-deterministic_identity_rewrite-0060,deterministic_identity_rewrite,60,True,True,none,none,True,False,False,True,c3fcd1e663b306b184bd52785677d3c25f1b6b06d87abf8eeb825dd7ee5f3af8,0.131469625,all checks passed
valid-deterministic_identity_rewrite-0061,deterministic_identity_rewrite,61,True,True,none,none,True,False,False,True,8e1bbc26d269680f5ee78858ba018f60104678ebd654600021afdb1401e01f2c,0.131398166,all checks passed
valid-deterministic_identity_rewrite-0062,deterministic_identity_rewrite,62,True,True,none,none,True,False,False,True,a1478d30c6958f76667f14bab825154642f1ad8b0aa9a802249cf04c436f817e,0.129567792,all checks passed
valid-deterministic_identity_rewrite-0063,deterministic_identity_rewrite,63,True,True,none,none,True,False,False,True,869ab6868a6230e32f6628b2133326b7015eae3b0f878bb73613f6850580249a,0.132569292,all checks passed
valid-deterministic_identity_rewrite-0064,deterministic_identity_rewrite,64,True,True,none,none,True,False,False,True,f5f125ae94be78955eb9d8826a1f49e3fd42421d187b2d98bff9e749b84091d6,0.130059667,all checks passed
valid-deterministic_identity_rewrite-0065,deterministic_identity_rewrite,65,True,True,none,none,True,False,False,True,2d5ff0209051920d622c3095398f7f06845bb8ea59ae8d5eb0201039348d0226,0.131485083,all checks passed
valid-deterministic_identity_rewrite-0066,deterministic_identity_rewrite,66,True,True,none,none,True,False,False,True,d51ff689b9d599552ecff015591ce244b22619a8df410415c38af4139705e324,0.131398916,all checks passed
valid-deterministic_identity_rewrite-0067,deterministic_identity_rewrite,67,True,True,none,none,True,False,False,True,9142339f4a9b58c6d4161150afdab371235d5b462e72ea3ba8715a47385e6622,0.130511666,all checks passed
valid-deterministic_identity_rewrite-0068,deterministic_identity_rewrite,68,True,True,none,none,True,False,False,True,aaf83186fa8aa1a5e876309da8a389735faea8c96bcfa2c2fbeb112ef8fb13ea,0.130807958,all checks passed
valid-deterministic_identity_rewrite-0069,deterministic_identity_rewrite,69,True,True,none,none,True,False,False,True,228a17d359d0511bdc0900eaae34ceaa5d57dddb24395a7c281e4e414fd4bc7a,0.133672125,all checks passed
valid-deterministic_identity_rewrite-0070,deterministic_identity_rewrite,70,True,True,none,none,True,False,False,True,dc74ad96ace13f276ebd0261446f134fe7771846a7a7a9bb0e688708e748aef2,0.130935709,all checks passed
valid-deterministic_identity_rewrite-0071,deterministic_identity_rewrite,71,True,True,none,none,True,False,False,True,dff76dd56b703143624a4c4ea8dd81eacbe8a8000cff572f42d0b0cde7ae341d,0.129144708,all checks passed
valid-deterministic_identity_rewrite-0072,deterministic_identity_rewrite,72,True,True,none,none,True,False,False,True,4909dfd12215f806ad0572a16ad9df7b2ceb828608af7c83e9d61102246a587a,0.132100958,all checks passed
valid-deterministic_identity_rewrite-0073,deterministic_identity_rewrite,73,True,True,none,none,True,False,False,True,bae434b599c918298fc2458a57e27be9972e2ad5f701534ccc616fada6810fe6,0.130410833,all checks passed
valid-deterministic_identity_rewrite-0074,deterministic_identity_rewrite,74,True,True,none,none,True,False,False,True,9902a69e762c47af07279a8967667019e9808e292066ecfe9f010aefae18367b,0.130057791,all checks passed
valid-deterministic_identity_rewrite-0075,deterministic_identity_rewrite,75,True,True,none,none,True,False,False,True,bc47ad6d91b63fea8aff1ba96a6e612b1f9630991d5bd1df3089af94ec84bdbd,0.129403542,all checks passed
valid-deterministic_identity_rewrite-0076,deterministic_identity_rewrite,76,True,True,none,none,True,False,False,True,2c899046fd8d90440064e863234b1c7555a5b26e9cf910fad9239e26c28311e1,0.134162292,all checks passed
valid-deterministic_identity_rewrite-0077,deterministic_identity_rewrite,77,True,True,none,none,True,False,False,True,9bc339f537d5d352ac2c7ed71f7695c4fe64418b12c43aefc132e121a76cfd5f,0.129324667,all checks passed
valid-deterministic_identity_rewrite-0078,deterministic_identity_rewrite,78,True,True,none,none,True,False,False,True,1326e8809ef1247465447d153f1c0719d35e48f171ec0ca878c772162f705445,0.129375000,all checks passed
valid-deterministic_identity_rewrite-0079,deterministic_identity_rewrite,79,True,True,none,none,True,False,False,True,70a9044de2f3d2bdd7e41f30b02983ff15477be59035c9ec7b486b1918ad8f46,0.131004542,all checks passed
valid-deterministic_identity_rewrite-0080,deterministic_identity_rewrite,80,True,True,none,none,True,False,False,True,7d4e49d78258338d714f55bdc2eb5a366a16869ed20f4710fb1447a11eec214d,0.130163375,all checks passed
valid-deterministic_identity_rewrite-0081,deterministic_identity_rewrite,81,True,True,none,none,True,False,False,True,e403832c0680818f7b758c40b32073dfcbcb6bcd35c55a481d4bd1eeaca5d385,0.129865208,all checks passed
valid-deterministic_identity_rewrite-0082,deterministic_identity_rewrite,82,True,True,none,none,True,False,False,True,2f6d8c6efb3ed0785476e2e6ee0154a8bccaff2b2b3907e1b605ec0cd5b4ef48,0.133573667,all checks passed
valid-deterministic_identity_rewrite-0083,deterministic_identity_rewrite,83,True,True,none,none,True,False,False,True,3cd271baf00bf30a17ffe1b8d10f608b4da388cff5eb76a4d94f3be4ccac4fd5,0.134301167,all checks passed
valid-deterministic_identity_rewrite-0084,deterministic_identity_rewrite,84,True,True,none,none,True,False,False,True,ece7f7d3162ae1c534094e2456287e5b247c67964b396b6eb84b588d804786ea,0.129441625,all checks passed
valid-deterministic_identity_rewrite-0085,deterministic_identity_rewrite,85,True,True,none,none,True,False,False,True,3ddce2e7930ce3aee2b56b3d53d2f10328e05d70840b0063404ad1109affb3df,0.128539583,all checks passed
valid-deterministic_identity_rewrite-0086,deterministic_identity_rewrite,86,True,True,none,none,True,False,False,True,725b25ac44d45c92f0eb2a0b57583877d5d12bf258337415b2ab7a39eb69b08b,0.134449208,all checks passed
valid-deterministic_identity_rewrite-0087,deterministic_identity_rewrite,87,True,True,none,none,True,False,False,True,84d1f3f1e078a8ced5af9e4dcd460d582137401c61dd397330f9952453fbc6d8,0.129915459,all checks passed
valid-deterministic_identity_rewrite-0088,deterministic_identity_rewrite,88,True,True,none,none,True,False,False,True,60068b84ce037ac88a720c179bda78294fbee095813bb5fca26c79a16f085f3c,0.130848917,all checks passed
valid-deterministic_identity_rewrite-0089,deterministic_identity_rewrite,89,True,True,none,none,True,False,False,True,ad8a06cd960aa21a3221c4c6a1dfacb39ac35599a3f4ab8e76843c34b654eb74,0.132196625,all checks passed
valid-deterministic_identity_rewrite-0090,deterministic_identity_rewrite,90,True,True,none,none,True,False,False,True,09b1a2393b2c3bad5570fca332dc49d7e42632bea9645a007ebd632301c04e1b,0.130762625,all checks passed
valid-deterministic_identity_rewrite-0091,deterministic_identity_rewrite,91,True,True,none,none,True,False,False,True,6bf5fd2a1eddad13fc4c0fbe96f0940232881246cdeadfc7caa7cefcae91e3ae,0.130847958,all checks passed
valid-deterministic_identity_rewrite-0092,deterministic_identity_rewrite,92,True,True,none,none,True,False,False,True,45b97e5f745b7c0eb51df4e35ac06e7110b7c4c8ad2ce76e0cfcb1833e046a43,0.132340041,all checks passed
valid-deterministic_identity_rewrite-0093,deterministic_identity_rewrite,93,True,True,none,none,True,False,False,True,6dda3bbdf06affd90bfec9bd3c87d2ec20dc7836876f93600db9f80d3885bd9c,0.130517917,all checks passed
valid-deterministic_identity_rewrite-0094,deterministic_identity_rewrite,94,True,True,none,none,True,False,False,True,72c7df362e545ea824a9ffb5d6de15c0a7af2dd0b2af1d756d2b91c83df51101,0.130280583,all checks passed
valid-deterministic_identity_rewrite-0095,deterministic_identity_rewrite,95,True,True,none,none,True,False,False,True,d7992d916d63a3c6915fea1ff6de0ef282e4709f176a79035e9c6120ab1515ea,0.130703333,all checks passed
valid-deterministic_identity_rewrite-0096,deterministic_identity_rewrite,96,True,True,none,none,True,False,False,True,8b7906ccd363eae4dfb1e745c3fea44f3c424682beeff65abd9535b8d94351b1,0.132506542,all checks passed
valid-deterministic_identity_rewrite-0097,deterministic_identity_rewrite,97,True,True,none,none,True,False,False,True,282175dc664b4e9bacb32dbb9de8057d4772ebd338bb2d2a6697d27a6b0a15b0,0.130953458,all checks passed
valid-deterministic_identity_rewrite-0098,deterministic_identity_rewrite,98,True,True,none,none,True,False,False,True,74442a0640ff19eccf3e3237f9c9007be09a6071c48a4ee0fcea6566d2592e4e,0.129234458,all checks passed
valid-deterministic_identity_rewrite-0099,deterministic_identity_rewrite,99,True,True,none,none,True,False,False,True,8552aca78516d91499064fb4e427986994dd932874f24e800f501db074804147,0.130205542,all checks passed
valid-external_environment_gauge-0000,external_environment_gauge,0,True,True,none,none,True,False,False,True,cce04341cfac502943e1bf6dd0ac86a7ffd1efd9c3d7b4611d2abdec77a36c52,0.078352667,all checks passed
valid-external_environment_gauge-0001,external_environment_gauge,1,True,True,none,none,True,False,False,True,d6322a68fc45dc04790a807af418138308e806deb7a68eef0983853fcc5b1c2e,0.080106041,all checks passed
valid-external_environment_gauge-0002,external_environment_gauge,2,True,True,none,none,True,False,False,True,364c08092217abe12518fc19cf77323e1f8b0c0bae770ea948f37c5793e406ab,0.076780291,all checks passed
valid-external_environment_gauge-0003,external_environment_gauge,3,True,True,none,none,True,False,False,True,a3de7ce45f73a87dd078a5a768150b68eaf39e3f3a0bd06f7f51c51d0a45d023,0.078032334,all checks passed
valid-external_environment_gauge-0004,external_environment_gauge,4,True,True,none,none,True,False,False,True,ea7d637a56b56a0b60042c0e2490ce0efdd36e822afe2da1be223f31386a3250,0.079471000,all checks passed
valid-external_environment_gauge-0005,external_environment_gauge,5,True,True,none,none,True,False,False,True,72ae5f18aa72c1c208e72f87875bb3cdbd861d6f8b29a7b2c748f5d3e80931e2,0.078008250,all checks passed
valid-external_environment_gauge-0006,external_environment_gauge,6,True,True,none,none,True,False,False,True,866e2c9f798466d5fdb02d76378bcbc4012be69e4658f2afeaab91cfd9ce2e06,0.080692542,all checks passed
valid-external_environment_gauge-0007,external_environment_gauge,7,True,True,none,none,True,False,False,True,074a56f48eb1ed3c70200cae9667d997b5b0b3c3c2387e95bd4444c8b41e0394,0.078993542,all checks passed
valid-external_environment_gauge-0008,external_environment_gauge,8,True,True,none,none,True,False,False,True,211b4df112ceb3420aa61f4d4137f00105370fc6f252393bb77dc777df100f51,0.078116584,all checks passed
valid-external_environment_gauge-0009,external_environment_gauge,9,True,True,none,none,True,False,False,True,628e9df4b0a3d64d2476b181edb2fa500a972e7d18e103a7858d8a212c4ef230,0.078794916,all checks passed
valid-external_environment_gauge-0010,external_environment_gauge,10,True,True,none,none,True,False,False,True,51b4aaa5af2f60bf2161fde811a2fad8a1780b60ac54f972824b5e00d09147ea,0.078493875,all checks passed
valid-external_environment_gauge-0011,external_environment_gauge,11,True,True,none,none,True,False,False,True,7f76abe7b61b3d6a31ad02a8f38cc682cf0809cb00ba13e983af7cb119894826,0.079747209,all checks passed
valid-external_environment_gauge-0012,external_environment_gauge,12,True,True,none,none,True,False,False,True,d5530d021a796076ffea3bacc12a49ac4b4a395ab98643e5e7dc347af013fdf8,0.078418084,all checks passed
valid-external_environment_gauge-0013,external_environment_gauge,13,True,True,none,none,True,False,False,True,6e9921dd108de99ae93938e34a13bbca0021cef1c50ff5c5b347708a45705dea,0.079229500,all checks passed
valid-external_environment_gauge-0014,external_environment_gauge,14,True,True,none,none,True,False,False,True,71c9b1aace3c2ecae7dafe84ec41eb667bcbccf012e3eb26c330a3fee693c35a,0.077640458,all checks passed
valid-external_environment_gauge-0015,external_environment_gauge,15,True,True,none,none,True,False,False,True,f69db59580cca16defce0a2b695e3eaba586ffa7d242bc7e3fc8187f0805b850,0.078937667,all checks passed
valid-external_environment_gauge-0016,external_environment_gauge,16,True,True,none,none,True,False,False,True,f5c24cbc15ec9b372f08bf500ae9195ba250d1ad7064f409ba6def25a0428a96,0.079503208,all checks passed
valid-external_environment_gauge-0017,external_environment_gauge,17,True,True,none,none,True,False,False,True,da9474f8c8c4846d32c19115726f472007fbf1b71546056937c0415e591c837b,0.079895417,all checks passed
valid-external_environment_gauge-0018,external_environment_gauge,18,True,True,none,none,True,False,False,True,5b0b6c948f9bcc2a6eb4417d0a2373017a9c995869dc9bda57be0f508cfbedfb,0.080574250,all checks passed
valid-external_environment_gauge-0019,external_environment_gauge,19,True,True,none,none,True,False,False,True,9e2410ba58d50f1faa555b86764e00449941be62c3642c0a9e9837735d64d86c,0.079834750,all checks passed
valid-external_environment_gauge-0020,external_environment_gauge,20,True,True,none,none,True,False,False,True,df4a3ac980ad48709a8dff956b40eb3927c9296d5e406d3acd40d18485da764b,0.078291500,all checks passed
valid-external_environment_gauge-0021,external_environment_gauge,21,True,True,none,none,True,False,False,True,d83339db45d4c4469ad1c9504d6f5509e59aeef8f795467e7710192b86ddac2d,0.079216541,all checks passed
valid-external_environment_gauge-0022,external_environment_gauge,22,True,True,none,none,True,False,False,True,c9429c295170dd14f85710f0d08db4ba1a8e0735d417506ec0bdf3fd210a0d2d,0.079932625,all checks passed
valid-external_environment_gauge-0023,external_environment_gauge,23,True,True,none,none,True,False,False,True,8a6ba6ed7cedd1a38a65eef9dcdc9903a6151ef9a3179127f94eb81eab027e47,0.080037167,all checks passed
valid-external_environment_gauge-0024,external_environment_gauge,24,True,True,none,none,True,False,False,True,94aa6b9ae66627afdcb563040aa23d793c7dd5614256913b40691970cb00bb2b,0.078911084,all checks passed
valid-external_environment_gauge-0025,external_environment_gauge,25,True,True,none,none,True,False,False,True,616053ec261709e9c001846a6dd0d7081666c901ef6ed243960e6e7ac2ffcf76,0.078165792,all checks passed
valid-external_environment_gauge-0026,external_environment_gauge,26,True,True,none,none,True,False,False,True,dda7084a2c6006b4384c069c299d575baa514bf9562687198d290fecd28f82df,0.078720458,all checks passed
valid-external_environment_gauge-0027,external_environment_gauge,27,True,True,none,none,True,False,False,True,42d548cc216076a8a21cc2cee753d061654961cdbda9f5faaea187b7e983b595,0.079489209,all checks passed
valid-external_environment_gauge-0028,external_environment_gauge,28,True,True,none,none,True,False,False,True,825fc32308a677ef455349f61df47b935542f58215e7407e5e8f805b1a1fa628,0.078315250,all checks passed
valid-external_environment_gauge-0029,external_environment_gauge,29,True,True,none,none,True,False,False,True,e2fd65ac697cb21219ba44ebbbae2ef18e7b6ec8ffbbdc156afb0fe8205b813e,0.079198167,all checks passed
valid-external_environment_gauge-0030,external_environment_gauge,30,True,True,none,none,True,False,False,True,ca08c041712492ad8f678dbbd6f8dbc5a53a8fb1c71c3ddc96f968f6db3a4628,0.078367458,all checks passed
valid-external_environment_gauge-0031,external_environment_gauge,31,True,True,none,none,True,False,False,True,bf3b889fb9f0614f5b73330d5a233891b52e558c3900105e969c9ee876c4c4c4,0.079420083,all checks passed
valid-external_environment_gauge-0032,external_environment_gauge,32,True,True,none,none,True,False,False,True,da3560492b3259270029767c007103890a16f85c9ade5651755cf3d2f62727da,0.078315708,all checks passed
valid-external_environment_gauge-0033,external_environment_gauge,33,True,True,none,none,True,False,False,True,23464c7a2184f1b25bb0a33fe82734df2e38f79ec2bff9c7c34a1a3ea44a8a79,0.078791209,all checks passed
valid-external_environment_gauge-0034,external_environment_gauge,34,True,True,none,none,True,False,False,True,913d55cd0aa28dc965fd411e4088dee0662f34f7a2924fcc1f930fa9cc2652f3,0.078886917,all checks passed
valid-external_environment_gauge-0035,external_environment_gauge,35,True,True,none,none,True,False,False,True,77111ca5b3503e5bf100505d3ea2429dc4bc4e99d6ae5df164a71bcd0a00d7de,0.080848416,all checks passed
valid-external_environment_gauge-0036,external_environment_gauge,36,True,True,none,none,True,False,False,True,a26b5d2513fa94b9ae7a787f1ee6c9c4e7c9bfefa6124053ebd58d2e74fe0d17,0.078635458,all checks passed
valid-external_environment_gauge-0037,external_environment_gauge,37,True,True,none,none,True,False,False,True,7ab3e4381a3aeb960af65b39be5330d17ea84375d902bb7dba83d1e2ead8d7d3,0.078906167,all checks passed
valid-external_environment_gauge-0038,external_environment_gauge,38,True,True,none,none,True,False,False,True,935e8b25dce789fe70e788f4c3099d76d83ee818359b75ca6809735308999a71,0.079807916,all checks passed
valid-external_environment_gauge-0039,external_environment_gauge,39,True,True,none,none,True,False,False,True,7514a85943bffb23b75730154e05c6cc9f4c1d4583670c8ebca3ba1b37be403a,0.079866708,all checks passed
valid-external_environment_gauge-0040,external_environment_gauge,40,True,True,none,none,True,False,False,True,42af448ba446786e32c5e5c0b0d2eb7dc4c1e87b0fd6159d796ae4c79d848065,0.080162708,all checks passed
valid-external_environment_gauge-0041,external_environment_gauge,41,True,True,none,none,True,False,False,True,e7a0f5d1c3626684b3e0a1eb968c8bae593886251577721be68f797bc26fefb3,0.078284959,all checks passed
valid-external_environment_gauge-0042,external_environment_gauge,42,True,True,none,none,True,False,False,True,63bbe1137a069f1856c2ec1087ebacb083f5e240fd5354697faabde1c1f6071f,0.078833750,all checks passed
valid-external_environment_gauge-0043,external_environment_gauge,43,True,True,none,none,True,False,False,True,7c6da31c2251db0fcb539fb13ebb9a9265ef176294df4fbc596611f76dab07a0,0.079038458,all checks passed
valid-external_environment_gauge-0044,external_environment_gauge,44,True,True,none,none,True,False,False,True,78adf48b926d153f3a15f64c87991c1cebab325577dc4e6940e225807f4d2790,0.079517541,all checks passed
valid-external_environment_gauge-0045,external_environment_gauge,45,True,True,none,none,True,False,False,True,f184245cea2de0fbdd0cefc71042f3cb63f900418cb39b0aaa0a5b3d768b2870,0.079718708,all checks passed
valid-external_environment_gauge-0046,external_environment_gauge,46,True,True,none,none,True,False,False,True,fac44d5c5cd7c27d37e7d21281064054ff0a8775c1793cde29155f975e866d76,0.079753042,all checks passed
valid-external_environment_gauge-0047,external_environment_gauge,47,True,True,none,none,True,False,False,True,3120b664729098e645be6914434598d6f1b843c56fda3128ac0e9a06a37c215c,0.079808500,all checks passed
valid-external_environment_gauge-0048,external_environment_gauge,48,True,True,none,none,True,False,False,True,0b45b21d918f829e9c441569d3423ca944d744963accd67d36642dd84c015197,0.078170833,all checks passed
valid-external_environment_gauge-0049,external_environment_gauge,49,True,True,none,none,True,False,False,True,2d73e31d63de6a2072098901c06318bc5b212940faf771af5c37a346a9edce48,0.079065542,all checks passed
valid-external_environment_gauge-0050,external_environment_gauge,50,True,True,none,none,True,False,False,True,0a925aef0a5d63e3d6e5432f74aeeb48d8181021254e40a0e057f5e25eff83c8,0.078506375,all checks passed
valid-external_environment_gauge-0051,external_environment_gauge,51,True,True,none,none,True,False,False,True,867956492e1f76c6662c76f51125a8c151ce145058434e40686ac4ff3c2a5bd0,0.079168083,all checks passed
valid-external_environment_gauge-0052,external_environment_gauge,52,True,True,none,none,True,False,False,True,0e700801744fbdf8a06d4fc486d9a2634223dca370223f95fd3d0ca29e21df53,0.079063000,all checks passed
valid-external_environment_gauge-0053,external_environment_gauge,53,True,True,none,none,True,False,False,True,d07578bf241777e108bd81f2e0668f45b350587f90f0be8358126b3293bb1233,0.078845500,all checks passed
valid-external_environment_gauge-0054,external_environment_gauge,54,True,True,none,none,True,False,False,True,a11d91d59026d190480d0902f7b7e74e884d11348cb92b0a28d51b0020b5b1e2,0.078866292,all checks passed
valid-external_environment_gauge-0055,external_environment_gauge,55,True,True,none,none,True,False,False,True,5151e50da913040cc9dae73752f04db05d967bbaf5bb557a668b91ef4258cec1,0.079002458,all checks passed
valid-external_environment_gauge-0056,external_environment_gauge,56,True,True,none,none,True,False,False,True,a279b14a8ad6c550a576552946c0f9e98075345ec9802b1d7022abfc5492c2d2,0.077351084,all checks passed
valid-external_environment_gauge-0057,external_environment_gauge,57,True,True,none,none,True,False,False,True,ccffbb58b161ef5c19e120ebe40f64e3de963f228314bce9bdfa985a05960c24,0.078305667,all checks passed
valid-external_environment_gauge-0058,external_environment_gauge,58,True,True,none,none,True,False,False,True,a1d26ed0077e5d8146ee5332deacba53dab39776410cdcdfa1726fc3450bc9bd,0.078805166,all checks passed
valid-external_environment_gauge-0059,external_environment_gauge,59,True,True,none,none,True,False,False,True,21951e2d0120a341805bc24c794970651e1d1d416d28c048d90a547deab32692,0.079534541,all checks passed
valid-external_environment_gauge-0060,external_environment_gauge,60,True,True,none,none,True,False,False,True,0de267a2077ed5930040dbe4e8546ee0ea8ee4e9b4d5554c8697a58b2e5a859b,0.080002375,all checks passed
valid-external_environment_gauge-0061,external_environment_gauge,61,True,True,none,none,True,False,False,True,80f49d0df31e599b441da93beb46a24025780411685827da087c3ed32fbb4163,0.091151833,all checks passed
valid-external_environment_gauge-0062,external_environment_gauge,62,True,True,none,none,True,False,False,True,9259e4550da97069308e7d649fa9f87a1275f17db2cef3af94093998f84c93fc,0.080304166,all checks passed
valid-external_environment_gauge-0063,external_environment_gauge,63,True,True,none,none,True,False,False,True,ef51aa01f6932bb4a63ee884fef54fec7272340c1bc4bc1d939756b039a3a792,0.080245084,all checks passed
valid-external_environment_gauge-0064,external_environment_gauge,64,True,True,none,none,True,False,False,True,12a5047b9c167e29d744ace5d8f0d1af6a3344a000c880ae05f8ee01370def39,0.079820083,all checks passed
valid-external_environment_gauge-0065,external_environment_gauge,65,True,True,none,none,True,False,False,True,e64038369763f86bd2008fd644ab2b151611d28cce9391b839b8c209051f7be7,0.079147917,all checks passed
valid-external_environment_gauge-0066,external_environment_gauge,66,True,True,none,none,True,False,False,True,1f7bd823d255d07ce2a090da42c59b2794c4cf1d31c3b45409b20af2360302b1,0.079385917,all checks passed
valid-external_environment_gauge-0067,external_environment_gauge,67,True,True,none,none,True,False,False,True,79b2d0416bf57428d9e4fd8c5e30e5b6ed7c543d3b946423ec60cdf479a0da14,0.079981667,all checks passed
valid-external_environment_gauge-0068,external_environment_gauge,68,True,True,none,none,True,False,False,True,f844274f049ffe1e05072735474f6933c6228fa64fbc0609454cdc4054a656f7,0.080305333,all checks passed
valid-external_environment_gauge-0069,external_environment_gauge,69,True,True,none,none,True,False,False,True,a2e2a9f388d4a53ef076dd480c91f60f1fcbb142c229882676cde0ca26ffd1e7,0.079400000,all checks passed
valid-external_environment_gauge-0070,external_environment_gauge,70,True,True,none,none,True,False,False,True,15200d287fc70e1452a2824bc1d2b13f1db51abb6cf1d11045690954a78cc508,0.079070417,all checks passed
valid-external_environment_gauge-0071,external_environment_gauge,71,True,True,none,none,True,False,False,True,5fb668a517c1811c87f33230551db371badaadff11f5a4bbeb35c77ef3743c2d,0.079183958,all checks passed
valid-external_environment_gauge-0072,external_environment_gauge,72,True,True,none,none,True,False,False,True,7bd1a7e4e348ad5eb69b9f1adc49366349dcc78326b9df10e9f998097f98e9d8,0.080082458,all checks passed
valid-external_environment_gauge-0073,external_environment_gauge,73,True,True,none,none,True,False,False,True,a57cae0a462e2b75703ac1b0c19a6c551b24995a57179bf790d6d38840aefc43,0.080827291,all checks passed
valid-external_environment_gauge-0074,external_environment_gauge,74,True,True,none,none,True,False,False,True,7da1eb0002430f45f4ce63cba0d84bb90b5e71d0806404dca1c3b8b956d7363b,0.080066208,all checks passed
valid-external_environment_gauge-0075,external_environment_gauge,75,True,True,none,none,True,False,False,True,3192296a27d8209825d7ef9d3c29e1618b0475cfe1a13ac1e0573e05d5b5bcd8,0.080018750,all checks passed
valid-external_environment_gauge-0076,external_environment_gauge,76,True,True,none,none,True,False,False,True,aa8c286b6ea2e6aa15ab48600cb743da3770d7541bc875a4874e538a5de93f38,0.079994875,all checks passed
valid-external_environment_gauge-0077,external_environment_gauge,77,True,True,none,none,True,False,False,True,6ff074ef9e5dfda9dd38d0b0ac34d5062ed4f12e6e2b23a9e9375b58ef9e8c42,0.079434125,all checks passed
valid-external_environment_gauge-0078,external_environment_gauge,78,True,True,none,none,True,False,False,True,14ae52885f3d26a6b7a303f7d7aeddad9d73c5a136563f244c1f78f6e9a858fd,0.080039209,all checks passed
valid-external_environment_gauge-0079,external_environment_gauge,79,True,True,none,none,True,False,False,True,8dea8fcb8341ac0068d0e16700500e6e495bcf02be830c7888a9eff88adebb68,0.079873125,all checks passed
valid-external_environment_gauge-0080,external_environment_gauge,80,True,True,none,none,True,False,False,True,acbbbeb1a3f935c7845a9f8e7cac5b6ae11b8b12cdb962340f60521c6e9a3ae3,0.080116667,all checks passed
valid-external_environment_gauge-0081,external_environment_gauge,81,True,True,none,none,True,False,False,True,d9b61096b7cfed6e7e11bd5823837516448eab0c0a0e5878ee5c1a764ad729df,0.078933292,all checks passed
valid-external_environment_gauge-0082,external_environment_gauge,82,True,True,none,none,True,False,False,True,05dd1c2987accca18a30b7543ea3180d85e1972be552b5e68ffd9c1e7ce69115,0.078286916,all checks passed
valid-external_environment_gauge-0083,external_environment_gauge,83,True,True,none,none,True,False,False,True,8961e67ac3cac523a10b4cf2fb1ed8d0b424f65edc4ef5870c3c0ebbde7a53dd,0.077529125,all checks passed
valid-external_environment_gauge-0084,external_environment_gauge,84,True,True,none,none,True,False,False,True,114fd692bb910618704cb170aeb9ccd743c0543dd0b25bb244fc40e56fc9a155,0.078687792,all checks passed
valid-external_environment_gauge-0085,external_environment_gauge,85,True,True,none,none,True,False,False,True,a2fbf180a16f021546e4cd6cb37fd522870f7b173ef5f2d60467c96c8f1820bc,0.079740000,all checks passed
valid-external_environment_gauge-0086,external_environment_gauge,86,True,True,none,none,True,False,False,True,81e4f010b8271f5c8e8b4a0fc016b4acfa251837323eac62020ade8fdc19e2f4,0.079432959,all checks passed
valid-external_environment_gauge-0087,external_environment_gauge,87,True,True,none,none,True,False,False,True,0f932236d6e6243b3284c1ab893b0ba50507487942a98145b46db688c02eb1e6,0.077851375,all checks passed
valid-external_environment_gauge-0088,external_environment_gauge,88,True,True,none,none,True,False,False,True,50900478cd932383f51be1f8de9537401e64f27527b84d2157ef62142a36bdfa,0.078644958,all checks passed
valid-external_environment_gauge-0089,external_environment_gauge,89,True,True,none,none,True,False,False,True,32bccab49b8dde516955dbffaa1573ca22621fdaa41e3e2b2b88d336b8a4e097,0.077826834,all checks passed
valid-external_environment_gauge-0090,external_environment_gauge,90,True,True,none,none,True,False,False,True,afd5c6d7896f2f5c26e822eca6d2e888b1158478b96901a1f8195b55ce84f2fc,0.078079417,all checks passed
valid-external_environment_gauge-0091,external_environment_gauge,91,True,True,none,none,True,False,False,True,aac83b9a1618b53ee96331c3e8565524a507d8ccc0624588720a2687bbda3286,0.078235084,all checks passed
valid-external_environment_gauge-0092,external_environment_gauge,92,True,True,none,none,True,False,False,True,2128099c39aa09e9a8defaa716d53b9fe275b555c69cb297f5a3fb9f66d26f21,0.079221083,all checks passed
valid-external_environment_gauge-0093,external_environment_gauge,93,True,True,none,none,True,False,False,True,95c52664de8854bf9019f117ccbb7d10773a2f4d783784cf01f6801965c6eac1,0.078771500,all checks passed
valid-external_environment_gauge-0094,external_environment_gauge,94,True,True,none,none,True,False,False,True,1ee57f47942b6a53a1d0eb4f7ac31e339c4ba150a5c11d2ba8eac7fc477441dd,0.079353042,all checks passed
valid-external_environment_gauge-0095,external_environment_gauge,95,True,True,none,none,True,False,False,True,882fa18ae7844ef77ad7ce408feda389ea91379e3d4656b89e8941466c63125e,0.079565334,all checks passed
valid-external_environment_gauge-0096,external_environment_gauge,96,True,True,none,none,True,False,False,True,820ddcac76c673d9b8618ac060cee217f478dbf0f1a4e6cb2e382dd5b7a29f68,0.079307500,all checks passed
valid-external_environment_gauge-0097,external_environment_gauge,97,True,True,none,none,True,False,False,True,cc166ee7ae3f223d01059296814616988bc3cc494a01e9ac0adefb097c371f47,0.078619583,all checks passed
valid-external_environment_gauge-0098,external_environment_gauge,98,True,True,none,none,True,False,False,True,a620b4c04f088257b387f2f5f90b4732b4563c13a62a955f9684e29a4aa481d1,0.078995125,all checks passed
valid-external_environment_gauge-0099,external_environment_gauge,99,True,True,none,none,True,False,False,True,f2a0ad7cf034554d2f31062a40db5037444b116598078b752e2a7bc134f4d7d2,0.079815750,all checks passed
valid-external_identity_rewrite-0000,external_identity_rewrite,0,True,True,none,none,True,False,False,True,93185edf6faf0f87d9d41938da0d566a1932c28cecfa3aed3443d881a73f9c97,0.079465917,all checks passed
valid-external_identity_rewrite-0001,external_identity_rewrite,1,True,True,none,none,True,False,False,True,2823c99a993147a15957d87f0f4de3f62bb379fc17ae60062bb4adf3206fa744,0.080675792,all checks passed
valid-external_identity_rewrite-0002,external_identity_rewrite,2,True,True,none,none,True,False,False,True,33de37c6880f13709b0323ea88869d60df545f7b46947caaf39f421978f98166,0.079510416,all checks passed
valid-external_identity_rewrite-0003,external_identity_rewrite,3,True,True,none,none,True,False,False,True,a9eddaf7a4c8029f3cb619c75cedd76fd4d04cc2b27c1a2e2c30014e7d68cf8d,0.080805291,all checks passed
valid-external_identity_rewrite-0004,external_identity_rewrite,4,True,True,none,none,True,False,False,True,4a0780b2a4df75b785d5c50ed12e5c216543b5db6ba7ca4eb9aed6bd01b2e4e4,0.079993958,all checks passed
valid-external_identity_rewrite-0005,external_identity_rewrite,5,True,True,none,none,True,False,False,True,040d0e67055f2ec65a8e71a046f5a3b8aeff10467113073645b2d5dad347fefa,0.080981750,all checks passed
valid-external_identity_rewrite-0006,external_identity_rewrite,6,True,True,none,none,True,False,False,True,c69c38672e17d59b76615583f757baebda79fd32503718291138ca1b5e685796,0.080798875,all checks passed
valid-external_identity_rewrite-0007,external_identity_rewrite,7,True,True,none,none,True,False,False,True,daf7ec523b6f87f873d7c13cd214ec50870dda34950eea619a0793e78eaf2aa5,0.080828583,all checks passed
valid-external_identity_rewrite-0008,external_identity_rewrite,8,True,True,none,none,True,False,False,True,2d3e97d50acd9e5fe3f565fa7e0544bc43abe5a47e89bba014fe591a47b6e9cd,0.081114375,all checks passed
valid-external_identity_rewrite-0009,external_identity_rewrite,9,True,True,none,none,True,False,False,True,cf3e0142b3562050813a2f21edf3d95359c2cbdf7277821a9e5f5672f581f506,0.079408125,all checks passed
valid-external_identity_rewrite-0010,external_identity_rewrite,10,True,True,none,none,True,False,False,True,645f7e0a4ce142fccb1fd4cbff53f52cb0838e629fb69022ecd5fcc168f388dc,0.082412250,all checks passed
valid-external_identity_rewrite-0011,external_identity_rewrite,11,True,True,none,none,True,False,False,True,e0afe883e704f9c18cb4dccd26136f694f4f479299da7eb572b656bd678f5d8c,0.080598375,all checks passed
valid-external_identity_rewrite-0012,external_identity_rewrite,12,True,True,none,none,True,False,False,True,91d628b0334d132d9535956f66c6ea8944aa0b4319fe64101b071db566c2e7e7,0.080332375,all checks passed
valid-external_identity_rewrite-0013,external_identity_rewrite,13,True,True,none,none,True,False,False,True,1ee3ea0ba6f998ec75012b26bf74de33e384f9c5c1fefdd196492e0ea72ae33e,0.078963417,all checks passed
valid-external_identity_rewrite-0014,external_identity_rewrite,14,True,True,none,none,True,False,False,True,8f25b0948968a9df9ab9ee63a2f5770931e200ea02123cf54f5e1d83996974c3,0.080176667,all checks passed
valid-external_identity_rewrite-0015,external_identity_rewrite,15,True,True,none,none,True,False,False,True,7f0846e36d8bfb7bfbaa8c19936c4540638270425cac101e59387a5924483c43,0.080612166,all checks passed
valid-external_identity_rewrite-0016,external_identity_rewrite,16,True,True,none,none,True,False,False,True,1b0e8fac6d783e1c98401aa01abeaeffec353b0513308bf1438d2291a208112c,0.079165750,all checks passed
valid-external_identity_rewrite-0017,external_identity_rewrite,17,True,True,none,none,True,False,False,True,1b4a7e8e7a0dd68b95ef878707cfef3ba67eb44301c213fe7d84e06cd970eb2b,0.079464917,all checks passed
valid-external_identity_rewrite-0018,external_identity_rewrite,18,True,True,none,none,True,False,False,True,ff0268acb89ece739bef99cdffe10bd3359ef9861df386f30c8739666efc0ce9,0.081375042,all checks passed
valid-external_identity_rewrite-0019,external_identity_rewrite,19,True,True,none,none,True,False,False,True,4dd390b553baf1bd629f3870f371a166aa46a1293d76acad6a06414b369a768e,0.081255959,all checks passed
valid-external_identity_rewrite-0020,external_identity_rewrite,20,True,True,none,none,True,False,False,True,0ee67641a2b0d97df1fb6e629d81507ed2eae017eb241c77fad523c45d562f96,0.080887875,all checks passed
valid-external_identity_rewrite-0021,external_identity_rewrite,21,True,True,none,none,True,False,False,True,4eb02a786c4e3cb54fd7e57a09065fc1f15272ac8d13825c99d41e276a8652c1,0.080286208,all checks passed
valid-external_identity_rewrite-0022,external_identity_rewrite,22,True,True,none,none,True,False,False,True,b46e37e3de23f040947d6f51002e370f8e0baf03bdead93a404f09b752554a38,0.082660000,all checks passed
valid-external_identity_rewrite-0023,external_identity_rewrite,23,True,True,none,none,True,False,False,True,61e1008e1ed4c683f239b5fb44a83f0bfd06607c99438a9ddce28d67dde9cf3b,0.080595125,all checks passed
valid-external_identity_rewrite-0024,external_identity_rewrite,24,True,True,none,none,True,False,False,True,0a4a9892a14e7f56a8409f71cdf33746c94ea4468075760faf22bc764a8871aa,0.080678333,all checks passed
valid-external_identity_rewrite-0025,external_identity_rewrite,25,True,True,none,none,True,False,False,True,2c12b8c0628379f8b0dc7ebb08ad78bad009a596b7c96abad86b4f175d08e6fe,0.081409417,all checks passed
valid-external_identity_rewrite-0026,external_identity_rewrite,26,True,True,none,none,True,False,False,True,9b6628b5740c54019ff27dcf63b8a9b384600bb989ea5dbd9a6dcea407f672de,0.080301208,all checks passed
valid-external_identity_rewrite-0027,external_identity_rewrite,27,True,True,none,none,True,False,False,True,814dc646a5106b271399fa9440ef1c6cffb0148c8e2e0a908aaa2377419a2eb2,0.079861209,all checks passed
valid-external_identity_rewrite-0028,external_identity_rewrite,28,True,True,none,none,True,False,False,True,2a1064973c8fbf1846fd9924c8f3d6a741c6c290c2fcfd6de525ce40fa306c71,0.081096125,all checks passed
valid-external_identity_rewrite-0029,external_identity_rewrite,29,True,True,none,none,True,False,False,True,2c3c1a702031565695e740c72bdc858114d18d326e640be4ace96f0d5a98414b,0.081976875,all checks passed
valid-external_identity_rewrite-0030,external_identity_rewrite,30,True,True,none,none,True,False,False,True,7976f32a55956a04c7c75e49520001e4a0f0bf8c5205a9ebeefb3d3f029694d3,0.080508375,all checks passed
valid-external_identity_rewrite-0031,external_identity_rewrite,31,True,True,none,none,True,False,False,True,78ec73c389cb29de3f7606c0b68fdfb942b4bb49e85294970047df940216b619,0.080749583,all checks passed
valid-external_identity_rewrite-0032,external_identity_rewrite,32,True,True,none,none,True,False,False,True,0b42d8f0913d9bd5e6296eef947a2304d983c2ee90b3766a7371ab9453ecdac8,0.081402666,all checks passed
valid-external_identity_rewrite-0033,external_identity_rewrite,33,True,True,none,none,True,False,False,True,9483ddbcce8ddb7c106c020fe2ff0ed67a77a546575abc5abb5cfb7207357197,0.080046917,all checks passed
valid-external_identity_rewrite-0034,external_identity_rewrite,34,True,True,none,none,True,False,False,True,ee88aca64face9d135baf348d8cc01a02122a8d5cd9f129d7f371b46d2240e5a,0.079676625,all checks passed
valid-external_identity_rewrite-0035,external_identity_rewrite,35,True,True,none,none,True,False,False,True,2db6587bca98efffdf7bdfb474afdb6c5976b08503211a933d665cd3fd8d1d17,0.080344041,all checks passed
valid-external_identity_rewrite-0036,external_identity_rewrite,36,True,True,none,none,True,False,False,True,b5a0135833edd603f3a296716df1833ca198a1e215b708af44d36612472b4779,0.080910750,all checks passed
valid-external_identity_rewrite-0037,external_identity_rewrite,37,True,True,none,none,True,False,False,True,c9e535648d3340dde2b3f598e838b3039bae2d29fe40b55808f7e8f371a603cb,0.080132042,all checks passed
valid-external_identity_rewrite-0038,external_identity_rewrite,38,True,True,none,none,True,False,False,True,aa50a0e8a96e14072e3e9c9f63b1f4f5006f83d2e930004e24cb247f086a345d,0.080955334,all checks passed
valid-external_identity_rewrite-0039,external_identity_rewrite,39,True,True,none,none,True,False,False,True,e5935a15c463bba8bf15d536c379f5d7ed339f7586fba6f060f277878c52586e,0.081681083,all checks passed
valid-external_identity_rewrite-0040,external_identity_rewrite,40,True,True,none,none,True,False,False,True,c4a631bbbcb4ae169e56e31dd7006bcf22fa29ba05f3db65dcf3463ef0607ecc,0.080223375,all checks passed
valid-external_identity_rewrite-0041,external_identity_rewrite,41,True,True,none,none,True,False,False,True,5edadc4aba4735a7f1df443624a3b1a03ba1b45801e440f226cafe5e0b452360,0.080395125,all checks passed
valid-external_identity_rewrite-0042,external_identity_rewrite,42,True,True,none,none,True,False,False,True,cda623d4590a911a9482289fb26ce95751fbca78f925f376c46fa358366c90e3,0.081142167,all checks passed
valid-external_identity_rewrite-0043,external_identity_rewrite,43,True,True,none,none,True,False,False,True,ae7d8d993467774ae39126d49cc7337441dc39010ff25bd9d7999bc03cdbe488,0.080641416,all checks passed
valid-external_identity_rewrite-0044,external_identity_rewrite,44,True,True,none,none,True,False,False,True,72fd68159a6d71ba41afd740d65f57b1a15368dc91600b92f8d25d21dfd5e224,0.080322417,all checks passed
valid-external_identity_rewrite-0045,external_identity_rewrite,45,True,True,none,none,True,False,False,True,34e0b7a55dd627d7fa63305531c5663247d744d0c86c092e5d8e30949c76f5ac,0.079798667,all checks passed
valid-external_identity_rewrite-0046,external_identity_rewrite,46,True,True,none,none,True,False,False,True,dd4de62bdc281acaed5e92e70e5c1ae0e92b4502137fb0d3145e833ee99b9581,0.079377209,all checks passed
valid-external_identity_rewrite-0047,external_identity_rewrite,47,True,True,none,none,True,False,False,True,03f8b0f2aef2b3640f38fb6f1d105c04092a1fa82c136888582cb6e607f9bc2a,0.081410250,all checks passed
valid-external_identity_rewrite-0048,external_identity_rewrite,48,True,True,none,none,True,False,False,True,b3221124f6711f768d01c468fe7f7d5871107a0f6f555ec93d79f2650fb5c768,0.080718208,all checks passed
valid-external_identity_rewrite-0049,external_identity_rewrite,49,True,True,none,none,True,False,False,True,3bae55e05a1d6cf87db95d0fd65a6f0bba6e1bc0b0645554e8febf6756e3da70,0.078561834,all checks passed
valid-external_identity_rewrite-0050,external_identity_rewrite,50,True,True,none,none,True,False,False,True,758ebadfc025d1c6694903a327359463a9f29c9156114a17a126176df924187d,0.079407292,all checks passed
valid-external_identity_rewrite-0051,external_identity_rewrite,51,True,True,none,none,True,False,False,True,fe0675902d11199c562d50a1223b63f7f1c07be7081a4e435adf7dd4ee5924b6,0.080914167,all checks passed
valid-external_identity_rewrite-0052,external_identity_rewrite,52,True,True,none,none,True,False,False,True,6a0531975e2a10dc09acd7320449f2faa21f256b56bbe8bf2b6de8a3de03baf3,0.079743000,all checks passed
valid-external_identity_rewrite-0053,external_identity_rewrite,53,True,True,none,none,True,False,False,True,fe1a77c388e0c0c4542d64d45a26b2f63e19becd57cfd9a9c4533dbbb6ed1e27,0.080712792,all checks passed
valid-external_identity_rewrite-0054,external_identity_rewrite,54,True,True,none,none,True,False,False,True,0d6188dc5b8837a27564617ddc085853b1e078055c22ba5d8fbfd9ea49b1404a,0.080447375,all checks passed
valid-external_identity_rewrite-0055,external_identity_rewrite,55,True,True,none,none,True,False,False,True,4487d0624d9d51678c478d29f603b0d476814b4a8afd0775fa575ffb9963db87,0.080455959,all checks passed
valid-external_identity_rewrite-0056,external_identity_rewrite,56,True,True,none,none,True,False,False,True,6db731e78a441434eb61073ccc24d05d0625434f0b74dcf5013ac475deeb1f90,0.080356083,all checks passed
valid-external_identity_rewrite-0057,external_identity_rewrite,57,True,True,none,none,True,False,False,True,be3896a891cecf8fbb4243c927ba3de1adc6865add0b947e37eccf7cc9cb0a70,0.079726083,all checks passed
valid-external_identity_rewrite-0058,external_identity_rewrite,58,True,True,none,none,True,False,False,True,8551e30d585f2317ae0142481d118ef8033c367c829044cba9331099c24fe6a3,0.080806625,all checks passed
valid-external_identity_rewrite-0059,external_identity_rewrite,59,True,True,none,none,True,False,False,True,70337055910664eef0773365ef6f72d387b463af6a9c9cf68058db9916143997,0.081105333,all checks passed
valid-external_identity_rewrite-0060,external_identity_rewrite,60,True,True,none,none,True,False,False,True,7e29539e755382e17174660b2af061c243135e59efe36cd2897e1be6a9586225,0.082522750,all checks passed
valid-external_identity_rewrite-0061,external_identity_rewrite,61,True,True,none,none,True,False,False,True,eee9465a4c5094cefcd1886f63542e276a4aec9f6fdd81eff732db696c776461,0.079430042,all checks passed
valid-external_identity_rewrite-0062,external_identity_rewrite,62,True,True,none,none,True,False,False,True,c7f32d59a0858dd93cd38485238240716dd0bcc38a7b42f5640a3ec973cc20d3,0.078476291,all checks passed
valid-external_identity_rewrite-0063,external_identity_rewrite,63,True,True,none,none,True,False,False,True,98c2cc1771aaec4b14b3ef33def6eeee5eda76a3e8c1c9e1d11234d326b8eb13,0.080127292,all checks passed
valid-external_identity_rewrite-0064,external_identity_rewrite,64,True,True,none,none,True,False,False,True,5c0f2d93ec081053cc5692b586be0a3d9d22311a422dbb3c30303faee81a54cf,0.079292959,all checks passed
valid-external_identity_rewrite-0065,external_identity_rewrite,65,True,True,none,none,True,False,False,True,3dfedf84f308e98c61de15ce2d5288598f1826bd2fb00c838d33573085ef3a6c,0.079352708,all checks passed
valid-external_identity_rewrite-0066,external_identity_rewrite,66,True,True,none,none,True,False,False,True,4d182da46076aa3b0a73047e79b9289c7991b1844e7c9b6a7bbe2e52b17b3e57,0.078749500,all checks passed
valid-external_identity_rewrite-0067,external_identity_rewrite,67,True,True,none,none,True,False,False,True,c55fde7fe91eaaa18e8c8e4449980a27022f5f73c00f60ad00560550d2ddb77c,0.080763042,all checks passed
valid-external_identity_rewrite-0068,external_identity_rewrite,68,True,True,none,none,True,False,False,True,2ea6cc3ffe34c7b858092ebe1c3ef6b6111eb2a26a17504dee149dbfefd396c5,0.079324625,all checks passed
valid-external_identity_rewrite-0069,external_identity_rewrite,69,True,True,none,none,True,False,False,True,a9e80fd5982f76d0465b28f7a2243a3729534ec892cf3cc4679d4bb24b737f3e,0.081018750,all checks passed
valid-external_identity_rewrite-0070,external_identity_rewrite,70,True,True,none,none,True,False,False,True,9e513475344bc9748f21bfa485452eb84baa5b6b3c1aae34605098ddc5ca7983,0.080309250,all checks passed
valid-external_identity_rewrite-0071,external_identity_rewrite,71,True,True,none,none,True,False,False,True,d213935a496ce30cdb67fc84b422de85fc9aaea0246e81019b2f302b70598115,0.081334584,all checks passed
valid-external_identity_rewrite-0072,external_identity_rewrite,72,True,True,none,none,True,False,False,True,5c6592a1cccd8d44a245546f6bbfd949723c51d97d38d30108100a3ac89cc107,0.078390541,all checks passed
valid-external_identity_rewrite-0073,external_identity_rewrite,73,True,True,none,none,True,False,False,True,235f6700988bb70ef8ea1e90e5be11ae500a086b040c6d11426252decf5bc545,0.080774625,all checks passed
valid-external_identity_rewrite-0074,external_identity_rewrite,74,True,True,none,none,True,False,False,True,487cb9d8da68d9b90358261ee7c7c542953ef11455a54f04cfdc482566903577,0.079235458,all checks passed
valid-external_identity_rewrite-0075,external_identity_rewrite,75,True,True,none,none,True,False,False,True,42610edf4cc56440878f6f8ba381f0ab55617d238f254ebeea53d102bcec2750,0.079381292,all checks passed
valid-external_identity_rewrite-0076,external_identity_rewrite,76,True,True,none,none,True,False,False,True,4f9ab3641ce048945f875aa9ced2b28235fceb00f02dcfbc5c8c3f78eabdebd5,0.080728458,all checks passed
valid-external_identity_rewrite-0077,external_identity_rewrite,77,True,True,none,none,True,False,False,True,59da9e97beefb0e8d55ec7720f29b95b4a6b1b7b75705e47547de716cab536eb,0.079235917,all checks passed
valid-external_identity_rewrite-0078,external_identity_rewrite,78,True,True,none,none,True,False,False,True,2ba71512bb7d4e1081095abec1ee02157a9d4adc38b2b2a26b925fed98324aa7,0.080624667,all checks passed
valid-external_identity_rewrite-0079,external_identity_rewrite,79,True,True,none,none,True,False,False,True,194617fbc2a5fdc617ddc6d7b99bb423172e770d81f0eabc20d26ec4747b98c8,0.079096000,all checks passed
valid-external_identity_rewrite-0080,external_identity_rewrite,80,True,True,none,none,True,False,False,True,0ffdca6ac632b4c760b577e70cba77fbd1a004dcb960ac41b72a19b550a2a922,0.079689792,all checks passed
valid-external_identity_rewrite-0081,external_identity_rewrite,81,True,True,none,none,True,False,False,True,73cd43c7a16a3d0ea16b3f1f86b99ac78481c860036504e43881467741c2564c,0.079844209,all checks passed
valid-external_identity_rewrite-0082,external_identity_rewrite,82,True,True,none,none,True,False,False,True,4d08b8ef580bc1288c01e10c387f1184cfd7503d9ab565495ebeb5d78d4b6b22,0.080479000,all checks passed
valid-external_identity_rewrite-0083,external_identity_rewrite,83,True,True,none,none,True,False,False,True,c5f877b678a8387db9fdcb62ea98f97de828feb1bd5ab6fa17255b80ec8870c2,0.080705625,all checks passed
valid-external_identity_rewrite-0084,external_identity_rewrite,84,True,True,none,none,True,False,False,True,d13bc053457be0ce6b89a745e4f16d9af083392d0b2cfb4097f14e2b44eab669,0.080557583,all checks passed
valid-external_identity_rewrite-0085,external_identity_rewrite,85,True,True,none,none,True,False,False,True,183cb0e35b75bb397db0e24d03f6219184841fa144fcc9c9c77f9c543642499c,0.081006875,all checks passed
valid-external_identity_rewrite-0086,external_identity_rewrite,86,True,True,none,none,True,False,False,True,adaf8d9783184cc25610b38adc1cddbfd7e2c9e3832604ba8ddfdf71bc90eff1,0.080711083,all checks passed
valid-external_identity_rewrite-0087,external_identity_rewrite,87,True,True,none,none,True,False,False,True,f27ec945b41e71b8c1813361580c9d287d2d61f2f50c2ff681216ad6e6340700,0.079958792,all checks passed
valid-external_identity_rewrite-0088,external_identity_rewrite,88,True,True,none,none,True,False,False,True,8d30c2a587d61b3c9fb8393afdc825f5c30f10dc04f945a3c4ee47d500beca34,0.082033333,all checks passed
valid-external_identity_rewrite-0089,external_identity_rewrite,89,True,True,none,none,True,False,False,True,a2cc3512bdcbd91fe4c88651a9253ed9e65c0b6436be0b4cb56b7c4d101799e7,0.079815541,all checks passed
valid-external_identity_rewrite-0090,external_identity_rewrite,90,True,True,none,none,True,False,False,True,7ee84572ac0a98d2c0f6873a6e3eb620e3285009b6b7d196bfe05740c87bae55,0.080414000,all checks passed
valid-external_identity_rewrite-0091,external_identity_rewrite,91,True,True,none,none,True,False,False,True,cd1a3506766135b0798ba9b8cafa42ee2046d38e7b7e26b8a6f5ee15c07c43df,0.081101708,all checks passed
valid-external_identity_rewrite-0092,external_identity_rewrite,92,True,True,none,none,True,False,False,True,74fa2a067b559440bc02d1582b40dbb29ffbf8995f5ab5e1ed6713ed0e20f865,0.080572250,all checks passed
valid-external_identity_rewrite-0093,external_identity_rewrite,93,True,True,none,none,True,False,False,True,42627a0f1d19748ce9d1f0da817bf412024955bcbbc580b14d13116bfe0d4086,0.080892000,all checks passed
valid-external_identity_rewrite-0094,external_identity_rewrite,94,True,True,none,none,True,False,False,True,564fc137be55974eace2f0cb404e671cf8db7342bfb16e011211b9bf41eb2581,0.080180542,all checks passed
valid-external_identity_rewrite-0095,external_identity_rewrite,95,True,True,none,none,True,False,False,True,860afdf1a1082a2b975af748bfdbaae86cfcaed6c5bb02d0e44b1499b250db7d,0.080787708,all checks passed
valid-external_identity_rewrite-0096,external_identity_rewrite,96,True,True,none,none,True,False,False,True,96be5ec3ad9711505be96d41db27a8c510069747d96ae63d592cbae8be71178c,0.082304375,all checks passed
valid-external_identity_rewrite-0097,external_identity_rewrite,97,True,True,none,none,True,False,False,True,6ab2296df5646fd41668bcd8cee7254f0d75e435228042a5bb58eeef37c674e1,0.081262792,all checks passed
valid-external_identity_rewrite-0098,external_identity_rewrite,98,True,True,none,none,True,False,False,True,56fc234a106743690f90016e9ed78767fcf057bc2eee8b30acc2d5df2c085398,0.079493834,all checks passed
valid-external_identity_rewrite-0099,external_identity_rewrite,99,True,True,none,none,True,False,False,True,9369f7733eb18a65f27ef494ed25d5aa6e4129bc5cc80047b95c56b114fed2f1,0.080866208,all checks passed
valid-uncertified_swap_claim-0000,uncertified_swap_claim,0,True,True,none,none,True,False,False,True,6bd1d5e6c7c56b90a1db367b21beb9f3502f7c93996ae23577f004f32e4b5316,0.075725458,all checks passed
valid-uncertified_swap_claim-0001,uncertified_swap_claim,1,True,True,none,none,True,False,False,True,86971d51475c80929945efde2f46059b4bd4b7adb54e23a8046cd95fe219f06e,0.076622041,all checks passed
valid-uncertified_swap_claim-0002,uncertified_swap_claim,2,True,True,none,none,True,False,False,True,aa9566a7b7c62c6d4a522507b42c1013476cc3374f9fc66e6664a86e71393891,0.075115250,all checks passed
valid-uncertified_swap_claim-0003,uncertified_swap_claim,3,True,True,none,none,True,False,False,True,e7a5bbbcd759070d8715d34f845c3708fe504cb4a8203f6db6fbc981984e43d8,0.074706583,all checks passed
valid-uncertified_swap_claim-0004,uncertified_swap_claim,4,True,True,none,none,True,False,False,True,6197bc66a46b321081c1b03237a3fce5642322693ef52b9ed8598087180c1f4e,0.075594875,all checks passed
valid-uncertified_swap_claim-0005,uncertified_swap_claim,5,True,True,none,none,True,False,False,True,44b28fda4fbb934e20fb92677c91dfb241d18d52280f133b1132341e320fecf9,0.075938667,all checks passed
valid-uncertified_swap_claim-0006,uncertified_swap_claim,6,True,True,none,none,True,False,False,True,d4e01b2a4ad9901298eabdc6da66a0e15a27d19e2136e6748422910c47ee6b36,0.076431209,all checks passed
valid-uncertified_swap_claim-0007,uncertified_swap_claim,7,True,True,none,none,True,False,False,True,4d2aeb5280d2b7c11cd8c27fb537edc8926a3be0a8b42554a1ed98f4b5cc27c5,0.075307416,all checks passed
valid-uncertified_swap_claim-0008,uncertified_swap_claim,8,True,True,none,none,True,False,False,True,910ebe7529e3a4af78a74ff9b1423973163ba6a0cddc735531470403d3103673,0.075716875,all checks passed
valid-uncertified_swap_claim-0009,uncertified_swap_claim,9,True,True,none,none,True,False,False,True,db248fc564c9c8643b5c64a461842a30829552e1a4c99f6594f6ddf9f1b56558,0.075384417,all checks passed
valid-uncertified_swap_claim-0010,uncertified_swap_claim,10,True,True,none,none,True,False,False,True,42139812512dbeebe0b17cb764411bd42b9b4e7de45f011b08bb72fd577e70d8,0.075060041,all checks passed
valid-uncertified_swap_claim-0011,uncertified_swap_claim,11,True,True,none,none,True,False,False,True,2115be6d9c8a50267f929288792f1978cc1ac37a0ba049d7214e33138b949435,0.073947125,all checks passed
valid-uncertified_swap_claim-0012,uncertified_swap_claim,12,True,True,none,none,True,False,False,True,5995ec10b3a2726d7696d27a8d1ec7883263a436d6745ce9d9d13ad349ce1dbb,0.074832583,all checks passed
valid-uncertified_swap_claim-0013,uncertified_swap_claim,13,True,True,none,none,True,False,False,True,1030cab6c47b122b752c3cc42b679161e54e012bc7cea43953b4377c4c94fc44,0.076049167,all checks passed
valid-uncertified_swap_claim-0014,uncertified_swap_claim,14,True,True,none,none,True,False,False,True,32598cbec9938b24021a922f96ef77d6c8388428dece5bb193e2b3ed0e557f78,0.075923583,all checks passed
valid-uncertified_swap_claim-0015,uncertified_swap_claim,15,True,True,none,none,True,False,False,True,845b4a3d218d6d95ea65910561f17850036e600cdc4439e682d14b2da3afff9b,0.075404541,all checks passed
valid-uncertified_swap_claim-0016,uncertified_swap_claim,16,True,True,none,none,True,False,False,True,ff5c24705cdceada368529b2fc6874dcba8b7ecdfe1e3a21d0b9512e5371c280,0.075969791,all checks passed
valid-uncertified_swap_claim-0017,uncertified_swap_claim,17,True,True,none,none,True,False,False,True,3a6841cfe753d197cf2b69ac695287bda13d2322b8356ed38ab4eb5a9c3db2b1,0.074606875,all checks passed
valid-uncertified_swap_claim-0018,uncertified_swap_claim,18,True,True,none,none,True,False,False,True,81386d9c90b32211b9f30a3e3dec3f5b6463240f52eb042813632962eef2c570,0.075183917,all checks passed
valid-uncertified_swap_claim-0019,uncertified_swap_claim,19,True,True,none,none,True,False,False,True,582149b1126fcd41b4fee55caecf666b525839db8295ea2fe4c19b24ceb71127,0.074912166,all checks passed
valid-uncertified_swap_claim-0020,uncertified_swap_claim,20,True,True,none,none,True,False,False,True,049d77c253c5318be229f93f62b5446bd11d37fc0936e0521cae637b8a0bf762,0.075375125,all checks passed
valid-uncertified_swap_claim-0021,uncertified_swap_claim,21,True,True,none,none,True,False,False,True,9f44696bbe841a633a0f6d4e712b260503c269086a83d4258de88cca396696ed,0.074980583,all checks passed
valid-uncertified_swap_claim-0022,uncertified_swap_claim,22,True,True,none,none,True,False,False,True,2d884c3d0758abd640935763f801e3b0d53727ca5bf114f34739bb0fafe4288d,0.075569500,all checks passed
valid-uncertified_swap_claim-0023,uncertified_swap_claim,23,True,True,none,none,True,False,False,True,292cb775816d92c19ec90e6a2fba2e487c9494f7d99fad9922b8762a5ec74648,0.075530542,all checks passed
valid-uncertified_swap_claim-0024,uncertified_swap_claim,24,True,True,none,none,True,False,False,True,6723d518452adc49dd9e2c814a4104720915568249ff56327e95cd049aa6bc17,0.076933917,all checks passed
valid-uncertified_swap_claim-0025,uncertified_swap_claim,25,True,True,none,none,True,False,False,True,60c5300a9afc3c8b8ca42a5fb503cebd48f7d75e6cc29f80f5e30c67225437a2,0.076352292,all checks passed
valid-uncertified_swap_claim-0026,uncertified_swap_claim,26,True,True,none,none,True,False,False,True,7d50abb8f9e320f7867db27b3b6b2931df1c10e987611e62449f402c188c47f6,0.075325334,all checks passed
valid-uncertified_swap_claim-0027,uncertified_swap_claim,27,True,True,none,none,True,False,False,True,dcb833eae1923bb92c0a597f4119f42f9d4869144d316a61a704a5445eda5d8e,0.074883459,all checks passed
valid-uncertified_swap_claim-0028,uncertified_swap_claim,28,True,True,none,none,True,False,False,True,8624b17c0c7bcf03c57c1e20c3fe3b8bde1663020726d34bd0100306541bcd47,0.077114458,all checks passed
valid-uncertified_swap_claim-0029,uncertified_swap_claim,29,True,True,none,none,True,False,False,True,8336629df9742cacaebe90ac7b60e07999ce76a80faeb17f0c2d0c758f87e14e,0.076500000,all checks passed
valid-uncertified_swap_claim-0030,uncertified_swap_claim,30,True,True,none,none,True,False,False,True,dadf11c1347842c5ea2a4f72bc42ca262cea855fb0164c7ee8d080fe19be265d,0.075706584,all checks passed
valid-uncertified_swap_claim-0031,uncertified_swap_claim,31,True,True,none,none,True,False,False,True,d9af0bd0a3feab949c07ca3ba98ba58301d4dc40ad9cd0a98c86977601825e9e,0.076711125,all checks passed
valid-uncertified_swap_claim-0032,uncertified_swap_claim,32,True,True,none,none,True,False,False,True,493b3bffcbee8cedf6fe6bb657989ee81cae658f9fbb775f76d38fb235a37d91,0.076752875,all checks passed
valid-uncertified_swap_claim-0033,uncertified_swap_claim,33,True,True,none,none,True,False,False,True,d885f19b5115b020ac6b01f31dad4dae27b8f6a7370149f46b2a25123e43e39a,0.075620542,all checks passed
valid-uncertified_swap_claim-0034,uncertified_swap_claim,34,True,True,none,none,True,False,False,True,61646b6bffaddf36ad9bc066f125fbb7f3d856c4f44ff5e024457a5b696f4637,0.076094500,all checks passed
valid-uncertified_swap_claim-0035,uncertified_swap_claim,35,True,True,none,none,True,False,False,True,5ec1bf3f04dd5b06310b1eb8f9feebdac8f091178266bbad513df74c221731d8,0.075978750,all checks passed
valid-uncertified_swap_claim-0036,uncertified_swap_claim,36,True,True,none,none,True,False,False,True,a3b57c151decae7e00d74f936701b468e48bf7550e10c156739aba9c3bbe6698,0.075524209,all checks passed
valid-uncertified_swap_claim-0037,uncertified_swap_claim,37,True,True,none,none,True,False,False,True,ff77f6aafb8572ab9348597b4c50aa44096435f18d2145851284ccb408af16b5,0.076676500,all checks passed
valid-uncertified_swap_claim-0038,uncertified_swap_claim,38,True,True,none,none,True,False,False,True,3e123342dc4ee1ada87b809ac7526713927029c3b4a8d752946847d069117b08,0.075687334,all checks passed
valid-uncertified_swap_claim-0039,uncertified_swap_claim,39,True,True,none,none,True,False,False,True,3cc3272ec65f350bd7f283df258da0ecb26c0bdd1934d3a528d8331ca34c140f,0.075754708,all checks passed
valid-uncertified_swap_claim-0040,uncertified_swap_claim,40,True,True,none,none,True,False,False,True,8ff84b245d657cb8cedc05f606f53455bc05b370f8fb9ed45b651834a7a5d974,0.075818333,all checks passed
valid-uncertified_swap_claim-0041,uncertified_swap_claim,41,True,True,none,none,True,False,False,True,52318950dc7c194765782ee452a5ad3f297bf09e6ce6c2424a50bdb362ce6718,0.076067083,all checks passed
valid-uncertified_swap_claim-0042,uncertified_swap_claim,42,True,True,none,none,True,False,False,True,4ae90fb12953ad483fe1fb8114a5bdeaf01bc13179f27cb38a887eb821fbc866,0.077056625,all checks passed
valid-uncertified_swap_claim-0043,uncertified_swap_claim,43,True,True,none,none,True,False,False,True,c99956d9b748adb9159430f2737cddab385b123cf844412f022c95e974d4713b,0.075210208,all checks passed
valid-uncertified_swap_claim-0044,uncertified_swap_claim,44,True,True,none,none,True,False,False,True,694eb90490fd858569c3429787a6310978ab79ac5328f98e668590509ccfcc71,0.075889042,all checks passed
valid-uncertified_swap_claim-0045,uncertified_swap_claim,45,True,True,none,none,True,False,False,True,12227608c47b26be4d68b6aacb01ba8468fc268d13644eee1ba5353650968e70,0.074940750,all checks passed
valid-uncertified_swap_claim-0046,uncertified_swap_claim,46,True,True,none,none,True,False,False,True,0873b3f56f18d403b0a1c3aae9d187c50818e5e9053c101c2f475d56d77e203c,0.076526917,all checks passed
valid-uncertified_swap_claim-0047,uncertified_swap_claim,47,True,True,none,none,True,False,False,True,ed40bfc9586052c9d5f42941fcf4bcf36ac5324d2b389980ca13a5827aeeb4a2,0.075888084,all checks passed
valid-uncertified_swap_claim-0048,uncertified_swap_claim,48,True,True,none,none,True,False,False,True,60da2eaf03e8e9bb4fad58661482c72bf57c9add9c7e83debe7c899cb28034d5,0.075340458,all checks passed
valid-uncertified_swap_claim-0049,uncertified_swap_claim,49,True,True,none,none,True,False,False,True,d41b6391e7fcfe25c647944056bbf0d7697138664372d621f3eb2b04e4bf5421,0.075660958,all checks passed
valid-uncertified_swap_claim-0050,uncertified_swap_claim,50,True,True,none,none,True,False,False,True,e416a5862269114b6f42abd6cde50a922b76a011a9f68e9bec5221899291ed25,0.076370291,all checks passed
valid-uncertified_swap_claim-0051,uncertified_swap_claim,51,True,True,none,none,True,False,False,True,ddba0c260b9376eeaed2832465d551f9a7022c820537dd106a1d631b938ea399,0.075790625,all checks passed
valid-uncertified_swap_claim-0052,uncertified_swap_claim,52,True,True,none,none,True,False,False,True,533e58066bb8093848baf612daf7596c54475c53772ea2fcd6a518a852dd7c67,0.075384959,all checks passed
valid-uncertified_swap_claim-0053,uncertified_swap_claim,53,True,True,none,none,True,False,False,True,3485286ef52f44d4c3a9b82a19f5a5d411b92bfc37c754712fdba70e1f93f885,0.075439792,all checks passed
valid-uncertified_swap_claim-0054,uncertified_swap_claim,54,True,True,none,none,True,False,False,True,04a77df8bc1fce1381a528ab20e91fcae1fe0cc5584ae963edafe49d82ee8aaf,0.076155083,all checks passed
valid-uncertified_swap_claim-0055,uncertified_swap_claim,55,True,True,none,none,True,False,False,True,cf53b9c1ed63f23b5ccf5cec648aef3a44c801fc8c5938fb820f6d19d30a2576,0.075296458,all checks passed
valid-uncertified_swap_claim-0056,uncertified_swap_claim,56,True,True,none,none,True,False,False,True,7973de93d5a98fdada23e937ef5e292e2ad082061040440b2bea9f2f82005c71,0.076594292,all checks passed
valid-uncertified_swap_claim-0057,uncertified_swap_claim,57,True,True,none,none,True,False,False,True,aeafa7df5feb9b6b05b1ddbf930a8cbd4255fd8fcb1fd3d0d338d8969bd83384,0.075420292,all checks passed
valid-uncertified_swap_claim-0058,uncertified_swap_claim,58,True,True,none,none,True,False,False,True,1ed3e1f377913120f16251d58235ef68562c10fb0588cd869ce056bd1a47bc59,0.076017416,all checks passed
valid-uncertified_swap_claim-0059,uncertified_swap_claim,59,True,True,none,none,True,False,False,True,fd571f58696602d2c3f484181dba54b55ad97bc9d4c77dde3b6286194fc6a888,0.075928875,all checks passed
valid-uncertified_swap_claim-0060,uncertified_swap_claim,60,True,True,none,none,True,False,False,True,b7fb4897d58895dd4c925342a0ac832309f96b64ee08f29c5daa12de98b9b70c,0.075916791,all checks passed
valid-uncertified_swap_claim-0061,uncertified_swap_claim,61,True,True,none,none,True,False,False,True,e87483f98b07063719de4f71f77040384c55f067faae1241ef8ef1e7df0c990e,0.075953542,all checks passed
valid-uncertified_swap_claim-0062,uncertified_swap_claim,62,True,True,none,none,True,False,False,True,0c775f44c752f05ccfc3c907d346e5e18427f5450543a327c4f4d02177d2c06f,0.075152125,all checks passed
valid-uncertified_swap_claim-0063,uncertified_swap_claim,63,True,True,none,none,True,False,False,True,ad851f02708baa0bfcda51a4fa7c177dbef2c7a552930aec726aec0bfb0692d0,0.075785166,all checks passed
valid-uncertified_swap_claim-0064,uncertified_swap_claim,64,True,True,none,none,True,False,False,True,8e94b22ac1dfac178c393359ed151c2601f612126ecbad31912a23f1a11b4124,0.076375750,all checks passed
valid-uncertified_swap_claim-0065,uncertified_swap_claim,65,True,True,none,none,True,False,False,True,bf7cea10f1b9ecb47bd2c335751da9ddd0719ad43424ef34c2c303c80c87b6d2,0.076957500,all checks passed
valid-uncertified_swap_claim-0066,uncertified_swap_claim,66,True,True,none,none,True,False,False,True,142e045f6e72969288262a1dd87e1a049149323ef0206a9803b581427c011332,0.075214500,all checks passed
valid-uncertified_swap_claim-0067,uncertified_swap_claim,67,True,True,none,none,True,False,False,True,00d8cb79f0b32eb6949d0d27478ea3b4e1f549aeab092f239461c5993dfdeda3,0.075538875,all checks passed
valid-uncertified_swap_claim-0068,uncertified_swap_claim,68,True,True,none,none,True,False,False,True,5a355c6707ee7ae4a0409d02893cdd1f7133a53429aa5e887aac38c5e29f29b4,0.075833541,all checks passed
valid-uncertified_swap_claim-0069,uncertified_swap_claim,69,True,True,none,none,True,False,False,True,09a201ffc543299ac739e7d7129edfd69bb7660c0e38a98132298bf11cf24862,0.075963375,all checks passed
valid-uncertified_swap_claim-0070,uncertified_swap_claim,70,True,True,none,none,True,False,False,True,0d33622c49afb75f3da680a72dc4a3898a3400c385eb647ab2aa2967bb698be6,0.076078167,all checks passed
valid-uncertified_swap_claim-0071,uncertified_swap_claim,71,True,True,none,none,True,False,False,True,997b79e30a8bd518362b7a05b9fab202d9eb6a1e8246de27a3ca7ffda60ef0a7,0.075214583,all checks passed
valid-uncertified_swap_claim-0072,uncertified_swap_claim,72,True,True,none,none,True,False,False,True,a9a0648d9f512a7bab77c0ab55a8d8e50abb691f19481c66aa81da1aeb903cdc,0.075718708,all checks passed
valid-uncertified_swap_claim-0073,uncertified_swap_claim,73,True,True,none,none,True,False,False,True,d9bc4a2fa35504afdd619cc1e08fd94df78f0428039e1d0862cdd84abe36b075,0.075523416,all checks passed
valid-uncertified_swap_claim-0074,uncertified_swap_claim,74,True,True,none,none,True,False,False,True,970b855aed156a2558bfbd0e49a4deaa07a49d4b65c5819555ea0e3c6a0e6a2c,0.075974583,all checks passed
valid-uncertified_swap_claim-0075,uncertified_swap_claim,75,True,True,none,none,True,False,False,True,29f3f388797cbf4d2664af5bb580dfef30070446ac6af6ee08a165d5b4e4bee5,0.075462166,all checks passed
valid-uncertified_swap_claim-0076,uncertified_swap_claim,76,True,True,none,none,True,False,False,True,21260ec736df055d7bf9ec927d4c13122b3033dd87db7a118309f30ec41cab21,0.075950708,all checks passed
valid-uncertified_swap_claim-0077,uncertified_swap_claim,77,True,True,none,none,True,False,False,True,1c206da457b147dc899daaf8e1be383061614a7b6c7167881d1143abec753ca2,0.076221583,all checks passed
valid-uncertified_swap_claim-0078,uncertified_swap_claim,78,True,True,none,none,True,False,False,True,0b6fb1e5394e32cbdb3df3132d432ecb7244fa255242468021f311def2926d4b,0.075799166,all checks passed
valid-uncertified_swap_claim-0079,uncertified_swap_claim,79,True,True,none,none,True,False,False,True,59f32c1c5c8fc96ff6422206acaf59375ce437377d713ddd727fe97a497b4628,0.075385958,all checks passed
valid-uncertified_swap_claim-0080,uncertified_swap_claim,80,True,True,none,none,True,False,False,True,1751683c75c306bf65cb50dc06019675d119966dfc11121da98ced44a5306d9b,0.074656958,all checks passed
valid-uncertified_swap_claim-0081,uncertified_swap_claim,81,True,True,none,none,True,False,False,True,7e530b63006987fc200dbd10c43f5d2c871bfe8391be2e28ce69e4aef63ad5be,0.075157958,all checks passed
valid-uncertified_swap_claim-0082,uncertified_swap_claim,82,True,True,none,none,True,False,False,True,7e7bcdaaa9a9276e30c1966633d81de53fffcd7be1c20c18fac7fad32bc82903,0.074699416,all checks passed
valid-uncertified_swap_claim-0083,uncertified_swap_claim,83,True,True,none,none,True,False,False,True,a2ed610af52d04ff865decaa076cce6d80db9e63897f595e1aaaa51bbc7f58dd,0.075190000,all checks passed
valid-uncertified_swap_claim-0084,uncertified_swap_claim,84,True,True,none,none,True,False,False,True,3b9f54ac5fd86c0214e62085fe3e00f7cc78d708fd5cec31e78db369de1fd45e,0.075089250,all checks passed
valid-uncertified_swap_claim-0085,uncertified_swap_claim,85,True,True,none,none,True,False,False,True,fe0a3840b75076f8427be09e953ef28584ba82301ed71f6b154d06952c221b63,0.075888709,all checks passed
valid-uncertified_swap_claim-0086,uncertified_swap_claim,86,True,True,none,none,True,False,False,True,6cc4d0443002cf668058f849a7d6837c80e4323261593b53ee5b2d62868cd629,0.075797542,all checks passed
valid-uncertified_swap_claim-0087,uncertified_swap_claim,87,True,True,none,none,True,False,False,True,aca2eea1d0d78cc02af807e20365501c154210b2e53554f06c97e4b2c2a644b2,0.076523375,all checks passed
valid-uncertified_swap_claim-0088,uncertified_swap_claim,88,True,True,none,none,True,False,False,True,edbe632091ed6a10b2268809fb50d6175fc00a1020c6431feb048370f0702043,0.075674375,all checks passed
valid-uncertified_swap_claim-0089,uncertified_swap_claim,89,True,True,none,none,True,False,False,True,60471982f3dae176b7f48812c53cf6c21afaf60707eb9866223ca1de0ce7f3f2,0.075487167,all checks passed
valid-uncertified_swap_claim-0090,uncertified_swap_claim,90,True,True,none,none,True,False,False,True,25fa00be076ee6db2c22b2c735d4243bb4e5ccd337ad7a3abfb2ae3d77107304,0.077573125,all checks passed
valid-uncertified_swap_claim-0091,uncertified_swap_claim,91,True,True,none,none,True,False,False,True,5f87dca026127eee7d7f2fe699ebfcc8b6417429d635cd00fa1a50376ba69df1,0.076184042,all checks passed
valid-uncertified_swap_claim-0092,uncertified_swap_claim,92,True,True,none,none,True,False,False,True,f93b12b47153c1020fff92310ac8524e69e2e7564856449ffa0997663b5348d1,0.076067958,all checks passed
valid-uncertified_swap_claim-0093,uncertified_swap_claim,93,True,True,none,none,True,False,False,True,d1dc80c2241cc3e7db6b296769fb350a8982f7bd2df0ec5d31dc67a4065e6060,0.076101750,all checks passed
valid-uncertified_swap_claim-0094,uncertified_swap_claim,94,True,True,none,none,True,False,False,True,6b1f61a0715efc03a0d338d2f8ae6f034d75028b8bcc8cd2eba011f38539bf4b,0.076452291,all checks passed
valid-uncertified_swap_claim-0095,uncertified_swap_claim,95,True,True,none,none,True,False,False,True,82ff5eb193e5a0e24c34695e7ed0b4ebf528ea9925c73f73c29c8d9405b3dd71,0.076175875,all checks passed
valid-uncertified_swap_claim-0096,uncertified_swap_claim,96,True,True,none,none,True,False,False,True,49c23ae1f74822bd09b98d43fc28464bdba022c740e6849b0ac2de3b0faf09c2,0.075954125,all checks passed
valid-uncertified_swap_claim-0097,uncertified_swap_claim,97,True,True,none,none,True,False,False,True,85cf69c75de06870d887ef5be299b3a96e12205b6e037ca2a50ca927ba079096,0.075640041,all checks passed
valid-uncertified_swap_claim-0098,uncertified_swap_claim,98,True,True,none,none,True,False,False,True,00aa319803295815b1d7f7a4b933f8487dd1ac275b8beea78a2e2d1602b89632,0.076611333,all checks passed
valid-uncertified_swap_claim-0099,uncertified_swap_claim,99,True,True,none,none,True,False,False,True,d35b7750e9bbf9facf2b574e4ba4830e22797fc7a8cb86d68e74ce9954568515,0.075696500,all checks passed
valid-outside_support_only-0000,outside_support_only,0,True,True,none,none,True,False,False,True,da0a555dbbc099cf119cb686583c46ef5a7daef89b4b47d9bd2c30eaae094dcd,0.146231959,all checks passed
valid-outside_support_only-0001,outside_support_only,1,True,True,none,none,True,False,False,True,775b2c94e22738bcd566a243d3a087454cf7e6cbd811e5fce98e16963d2cafa2,0.131283583,all checks passed
valid-outside_support_only-0002,outside_support_only,2,True,True,none,none,True,False,False,True,88165df33847afd5c5a558af34665341f65ac4d356911ec34e2d718a63593ede,0.132668958,all checks passed
valid-outside_support_only-0003,outside_support_only,3,True,True,none,none,True,False,False,True,c05ae929442ccf38f475e514fd300136f8d8c77729852b4baeec4ffb95f7374d,0.131151875,all checks passed
valid-outside_support_only-0004,outside_support_only,4,True,True,none,none,True,False,False,True,1a33d897eb2cdc5bd93341114b4adb34e1a4243aacef43d0b95e37f149b35af8,0.137695583,all checks passed
valid-outside_support_only-0005,outside_support_only,5,True,True,none,none,True,False,False,True,36804542cc32423bbcd8fe6dbb8ad236ab477817b0e59a588286d341dd1fd7ed,0.134519958,all checks passed
valid-outside_support_only-0006,outside_support_only,6,True,True,none,none,True,False,False,True,96fc677bd1f533d6d8e3842497c409c50ac5dc9641edcc8f88f3657b1bca3a69,0.135594917,all checks passed
valid-outside_support_only-0007,outside_support_only,7,True,True,none,none,True,False,False,True,dfb43c083b1517885856a705a089312af9f797c536c2d4ab10af8f68eebdb6a7,0.133643208,all checks passed
valid-outside_support_only-0008,outside_support_only,8,True,True,none,none,True,False,False,True,36e2de322056cf2ad63203a4a66322caea75af54ee93cae40cebe302b46d98af,0.136003500,all checks passed
valid-outside_support_only-0009,outside_support_only,9,True,True,none,none,True,False,False,True,ba3823a06dd69e713ce80269e9d5d099a7d4e177707b1fb06d1d0434b47d6ab9,0.132684791,all checks passed
valid-outside_support_only-0010,outside_support_only,10,True,True,none,none,True,False,False,True,8238c7ba78ad936e81c7224846f651fde51553c734319f7302bfabefe63c92ce,0.134094875,all checks passed
valid-outside_support_only-0011,outside_support_only,11,True,True,none,none,True,False,False,True,486b466a43684faa54999b7a72c41d999431332319bdc59272f60b0a2b70400e,0.134143541,all checks passed
valid-outside_support_only-0012,outside_support_only,12,True,True,none,none,True,False,False,True,431910dc9666eb861210a874d5972383f4a6dbe6bfb488aa92444c5cfb5d044a,0.130409125,all checks passed
valid-outside_support_only-0013,outside_support_only,13,True,True,none,none,True,False,False,True,0768d29a857612b2025924b3df007eee0f375631021e91ffcbd03fd78a06e343,0.133831125,all checks passed
valid-outside_support_only-0014,outside_support_only,14,True,True,none,none,True,False,False,True,e8293e57aaa151abfb6265ef46c146354fdac786ad896b89af8c281936b252a4,0.137301583,all checks passed
valid-outside_support_only-0015,outside_support_only,15,True,True,none,none,True,False,False,True,60ce0080476d4577ca8baef0faa1e62a9dacf8ba83cb09fb5a23d3c780d7e688,0.131881834,all checks passed
valid-outside_support_only-0016,outside_support_only,16,True,True,none,none,True,False,False,True,f094688f93ee8cad7472a54de80027b517037c54ebfce7ed9a7d1817e59cb2d0,0.135417458,all checks passed
valid-outside_support_only-0017,outside_support_only,17,True,True,none,none,True,False,False,True,7efa98f7d7cdc0464da991b2a5a4d4a768987fa45972f9dabc3999ca3e64112a,0.136276709,all checks passed
valid-outside_support_only-0018,outside_support_only,18,True,True,none,none,True,False,False,True,90817cfd02be9ff2ab554d21639b557bd30a267455f3e7fe2ad3315528a16038,0.134109250,all checks passed
valid-outside_support_only-0019,outside_support_only,19,True,True,none,none,True,False,False,True,084c8b8f15e79988888fe4110d98c8f679d27184f0e6375daf7c8ec5a2cc5a3f,0.134777000,all checks passed
valid-outside_support_only-0020,outside_support_only,20,True,True,none,none,True,False,False,True,f56906c17b626eea7e171531d7f02a02b8a4d5764833d6f35ab5078bd14e8366,0.137549583,all checks passed
valid-outside_support_only-0021,outside_support_only,21,True,True,none,none,True,False,False,True,9954d5e6bbe527c23244f461225f30a7fdda8313ab50a057a728ce8d1441cce0,0.135054916,all checks passed
valid-outside_support_only-0022,outside_support_only,22,True,True,none,none,True,False,False,True,621a2f60515d84070365ca0ceb34b6cc529b8b80e7cd60bbba1a5dc01613eec7,0.133772667,all checks passed
valid-outside_support_only-0023,outside_support_only,23,True,True,none,none,True,False,False,True,bf67540028a29fee528a2c8e8eeae6e19eb08568d4c9fb848b3bfe384d16cc62,0.135240875,all checks passed
valid-outside_support_only-0024,outside_support_only,24,True,True,none,none,True,False,False,True,1893bd3d6702b9fcf8ef6a1285a20e70d49d9f8fff2e025758c1b1d6141335d3,0.132684334,all checks passed
valid-outside_support_only-0025,outside_support_only,25,True,True,none,none,True,False,False,True,c26d54fc05ff8ae8ad8cecec82cf581fb269e3b692b29aca9858fe386fb4f3ce,0.134398625,all checks passed
valid-outside_support_only-0026,outside_support_only,26,True,True,none,none,True,False,False,True,ff1ff423071a34d8f737e08af63cc08bf68effbd3c579e2118d01dd019b8203f,0.134550000,all checks passed
valid-outside_support_only-0027,outside_support_only,27,True,True,none,none,True,False,False,True,32f741b2e24a17ee4c57f5dbec9e8400c76fa3ba095e340829dc3feddf9388fb,0.134024208,all checks passed
valid-outside_support_only-0028,outside_support_only,28,True,True,none,none,True,False,False,True,adb2734d730a9cef44f61a6a247ad79a70ee516d56a110cdf3116e9e10caeba2,0.132274750,all checks passed
valid-outside_support_only-0029,outside_support_only,29,True,True,none,none,True,False,False,True,fc1371a0aa4215097e6bca77c664983a6841da892ff3da82fb79ec2e66bbb072,0.132932833,all checks passed
valid-outside_support_only-0030,outside_support_only,30,True,True,none,none,True,False,False,True,1ca5a18a47b24b78db94185da4525c9c72a41449ce2f80e3214983ba7282846a,0.132851958,all checks passed
valid-outside_support_only-0031,outside_support_only,31,True,True,none,none,True,False,False,True,e81519c9145b917dc4574dab7857043d13ab2ac816b99f232eb7710ba9181d07,0.135905458,all checks passed
valid-outside_support_only-0032,outside_support_only,32,True,True,none,none,True,False,False,True,a8d3b3af010340f129b5d324b67cd0666df5c9088f142c19787881db581c5d3b,0.132509750,all checks passed
valid-outside_support_only-0033,outside_support_only,33,True,True,none,none,True,False,False,True,800e8eb81dc77e489f2926bc2fae57ca6f34861121158f6b97f9d7ce2f804436,0.130787625,all checks passed
valid-outside_support_only-0034,outside_support_only,34,True,True,none,none,True,False,False,True,58c427d98856caeebeb00e252ca20e1a2816890e716616a638031b29cf1f67b9,0.135900334,all checks passed
valid-outside_support_only-0035,outside_support_only,35,True,True,none,none,True,False,False,True,b0cc8f91bb6cbdf8a9f0de50dcc739737bf1447cad9fb8a0349719ca2ac8e054,0.137273792,all checks passed
valid-outside_support_only-0036,outside_support_only,36,True,True,none,none,True,False,False,True,970a3e86006937d59aa069387c56a7ecbb2c4348cefe4d564871ca470fb51053,0.133314916,all checks passed
valid-outside_support_only-0037,outside_support_only,37,True,True,none,none,True,False,False,True,1eb892b9df2eaf89b824ea12dff6bfb595f538b1e352465767adbcabaf338fbc,0.134875417,all checks passed
valid-outside_support_only-0038,outside_support_only,38,True,True,none,none,True,False,False,True,285e41c37bfd587a5eebaa89753dbd5193e4db895f389fc19df23d5cc245d871,0.134960292,all checks passed
valid-outside_support_only-0039,outside_support_only,39,True,True,none,none,True,False,False,True,4082b41bd93ac05ad466e76874f7c740e3ebf85f73e66e6f05d7d3c4cd92ed4d,0.134172291,all checks passed
valid-outside_support_only-0040,outside_support_only,40,True,True,none,none,True,False,False,True,11d26e340af86a00e219412a8540d37aa7aa945e7b88e734d375bada55e7f960,0.131398042,all checks passed
valid-outside_support_only-0041,outside_support_only,41,True,True,none,none,True,False,False,True,f2879475a11cc484c7d34c8ff2145778c7231990a93f009b26911ddcc4dce3ee,0.137571000,all checks passed
valid-outside_support_only-0042,outside_support_only,42,True,True,none,none,True,False,False,True,c0d7e3082e4608c54487c67fe8bdf8c905a2e7aa2a67658ba71619a6d140e8ba,0.131644583,all checks passed
valid-outside_support_only-0043,outside_support_only,43,True,True,none,none,True,False,False,True,86c3a293271556c30bfd56ff1760ed9f813c360d3cd9dc672b35219b50bca032,0.135290416,all checks passed
valid-outside_support_only-0044,outside_support_only,44,True,True,none,none,True,False,False,True,e71fc0e797c77ea1aa0813e8a5ff687e4138f9c37283a3c8e9b4166d5f81e594,0.137688250,all checks passed
valid-outside_support_only-0045,outside_support_only,45,True,True,none,none,True,False,False,True,5f960c7e78dcbf40168826c0120edb1c605563b67683281e91a77619e2315a24,0.131212000,all checks passed
valid-outside_support_only-0046,outside_support_only,46,True,True,none,none,True,False,False,True,842c3e8e616ddeea5049550472253605c80a9727775e6d250edce82f367c3ac1,0.136794334,all checks passed
valid-outside_support_only-0047,outside_support_only,47,True,True,none,none,True,False,False,True,f5814678b584e4b24df335555e842ec32dcf53456503db093f6ec1f10ccccc41,0.136951333,all checks passed
valid-outside_support_only-0048,outside_support_only,48,True,True,none,none,True,False,False,True,14e029a2db0f87b48e6a4788a646783f50f5c9dca653ff808f071eee98db60c3,0.133341375,all checks passed
valid-outside_support_only-0049,outside_support_only,49,True,True,none,none,True,False,False,True,5ab358dce84438886cf5027340f90c754eca69e2c11a034873f2d1351abac3ee,0.133082792,all checks passed
valid-outside_support_only-0050,outside_support_only,50,True,True,none,none,True,False,False,True,0f72ee0bcb8447a8ac0f800b7826ab1a26c6d28d90b49e6289884f796777984a,0.134711667,all checks passed
valid-outside_support_only-0051,outside_support_only,51,True,True,none,none,True,False,False,True,8924c5e1195073290d6221aa93be50e140763a296c52af171a3e918d42ba496f,0.132862458,all checks passed
valid-outside_support_only-0052,outside_support_only,52,True,True,none,none,True,False,False,True,308a8a7dea776119986a0760f9a64c90406b0f659c45727ab7237f9a676b92b0,0.132227000,all checks passed
valid-outside_support_only-0053,outside_support_only,53,True,True,none,none,True,False,False,True,19a22b5ae448277bd2b8d9ebe70e830a53aaa0400b4ea6c0c8802636e7211f86,0.134428209,all checks passed
valid-outside_support_only-0054,outside_support_only,54,True,True,none,none,True,False,False,True,0d92d67b4e65f7edb4fb3bd18d4294f8be4b60e3e59c35dfb38b094b5393c667,0.133288500,all checks passed
valid-outside_support_only-0055,outside_support_only,55,True,True,none,none,True,False,False,True,67354a32815feedb97b63e9001c28baeb98c0a36095b43e3b8e3464bf9a7fb33,0.131000500,all checks passed
valid-outside_support_only-0056,outside_support_only,56,True,True,none,none,True,False,False,True,65dcb47d86e8e57d7905093b67ee70f802f6cebf2f53e78d7a0edb719fc30417,0.137027208,all checks passed
valid-outside_support_only-0057,outside_support_only,57,True,True,none,none,True,False,False,True,89d0dcf1d2cdc064bf0fdc0cd190f529428aa984b100f6c8b5f7ae56f8eb5555,0.133982750,all checks passed
valid-outside_support_only-0058,outside_support_only,58,True,True,none,none,True,False,False,True,c55e5c846f61109bb3148f2555b797fc3696925a6fe0a6763d8b2aa830a3c62f,0.134123042,all checks passed
valid-outside_support_only-0059,outside_support_only,59,True,True,none,none,True,False,False,True,22ea233a1feb610a3926241f92322cc690abba1fb607287109004e10b3e23fab,0.137907666,all checks passed
valid-outside_support_only-0060,outside_support_only,60,True,True,none,none,True,False,False,True,33c114a7fab758e02c6f8cfdf2e47d5b872892b47d102082e4cfc0abc96f9121,0.130733166,all checks passed
valid-outside_support_only-0061,outside_support_only,61,True,True,none,none,True,False,False,True,1e6189ab4916c95e38287026c86618ca4c345a427dd11dc1a7bf2fbabb8d2890,0.134532917,all checks passed
valid-outside_support_only-0062,outside_support_only,62,True,True,none,none,True,False,False,True,e3ba3eec9aefb4f858c2244b63cf82ec9007c4bf89d8970e1803bf8a9196a60e,0.136974750,all checks passed
valid-outside_support_only-0063,outside_support_only,63,True,True,none,none,True,False,False,True,60f36ac7f726a78dfc14355caf595b1601905d36a3cc582630edea978c9415fe,0.133135667,all checks passed
valid-outside_support_only-0064,outside_support_only,64,True,True,none,none,True,False,False,True,b1dcecc4612ab998e9c3f08243bebd2898c45aa82a415f14e82d969f09964454,0.133489958,all checks passed
valid-outside_support_only-0065,outside_support_only,65,True,True,none,none,True,False,False,True,5d0f18f85761009ad5ad8f55faefeaf2ed35c3af41544e143136d31062294122,0.135265000,all checks passed
valid-outside_support_only-0066,outside_support_only,66,True,True,none,none,True,False,False,True,3ca3a70d173c665b7a3f9fd549c772f1ca2f0762d4513fa5963b0401e0338d93,0.132863792,all checks passed
valid-outside_support_only-0067,outside_support_only,67,True,True,none,none,True,False,False,True,8a6071e8e6a7712004b586746795eaea4d7be46ea5e077256364d9316d716a84,0.133817584,all checks passed
valid-outside_support_only-0068,outside_support_only,68,True,True,none,none,True,False,False,True,a8fdac8063f7ee2abdcd56e5459af9eabf5b2af83a902b4e7863c3b63c6aad84,0.136842458,all checks passed
valid-outside_support_only-0069,outside_support_only,69,True,True,none,none,True,False,False,True,e9641efb23289694d242bb0a5bcc4a9ea5059cb5902aebf557dff2b9b908351b,0.131699791,all checks passed
valid-outside_support_only-0070,outside_support_only,70,True,True,none,none,True,False,False,True,0f1e7fcfaf5e10eb26bdabab4bf36f5c8e5a8323386ec412a044c3014515a1cb,0.132412875,all checks passed
valid-outside_support_only-0071,outside_support_only,71,True,True,none,none,True,False,False,True,42c2d1daa48bf9b8892190d54867301aeeac404f2915af56e4b11e78fe8a4ea7,0.135806375,all checks passed
valid-outside_support_only-0072,outside_support_only,72,True,True,none,none,True,False,False,True,0e69dd9704e0aae212ffa982a57a045b8a163c53beeaf22db49b00599d8bb46b,0.131653166,all checks passed
valid-outside_support_only-0073,outside_support_only,73,True,True,none,none,True,False,False,True,28a030b41a4d7094415cecd1dc3e3a160e3b29a115ea9f934c9e59e00a765db8,0.134140917,all checks passed
valid-outside_support_only-0074,outside_support_only,74,True,True,none,none,True,False,False,True,d00492c9f11591f354811d9de3ddb00c1e6f8c9ca954145db0afbecd3401d910,0.136485333,all checks passed
valid-outside_support_only-0075,outside_support_only,75,True,True,none,none,True,False,False,True,abcc6374f66b845875d0130c53bffcd2bcdf93c9546452ec3b89c11a7a3f7c14,0.134409208,all checks passed
valid-outside_support_only-0076,outside_support_only,76,True,True,none,none,True,False,False,True,84fcf3205a216b08338f3dbf9a19d08d52f206d4fcdf2604385c162ae132e8ab,0.134948584,all checks passed
valid-outside_support_only-0077,outside_support_only,77,True,True,none,none,True,False,False,True,16ad0700bcc0c32a227244d81e5e9ede1e1ef69bbff0c0cd65c9bcaeb719675a,0.132935792,all checks passed
valid-outside_support_only-0078,outside_support_only,78,True,True,none,none,True,False,False,True,13933bc20e0fa9ecb0cc766a7e85c7cc9c8f146637c40859899df66692e25e00,0.133968708,all checks passed
valid-outside_support_only-0079,outside_support_only,79,True,True,none,none,True,False,False,True,62702153e2fcba95c7b6550dc5e55e98592efcc793329828763e7fd40fd65069,0.134422541,all checks passed
valid-outside_support_only-0080,outside_support_only,80,True,True,none,none,True,False,False,True,17e7ce5713adcca31c443c2c008cfec8d3bab8ea8d4d2c75d31bcc66511ebd83,0.136250042,all checks passed
valid-outside_support_only-0081,outside_support_only,81,True,True,none,none,True,False,False,True,24f3ce5d31a4d6086d80403244350855d50f514eed1c05d5e84dfde3828296b8,0.133908167,all checks passed
valid-outside_support_only-0082,outside_support_only,82,True,True,none,none,True,False,False,True,9133a34b577a774952b4523574e2d998bd33235d216ee3849ceca8c2d26b3db6,0.134009917,all checks passed
valid-outside_support_only-0083,outside_support_only,83,True,True,none,none,True,False,False,True,b421e86fe1c65265e9240ff146a76165182d7b828d6f7ecb4155731fb2b960a0,0.137856417,all checks passed
valid-outside_support_only-0084,outside_support_only,84,True,True,none,none,True,False,False,True,82531c274c222db4af82551a2c0afa9305001b01477686cfefd55a51ff435b43,0.131985750,all checks passed
valid-outside_support_only-0085,outside_support_only,85,True,True,none,none,True,False,False,True,85f2f2b66c03fea6153940d05941fe33db355608c934938eb9c478926a3c243c,0.132408042,all checks passed
valid-outside_support_only-0086,outside_support_only,86,True,True,none,none,True,False,False,True,49418dd8a0bcc0f24867debf9ae8289d90fd386db7788e87cfde92972e477d7e,0.136309208,all checks passed
valid-outside_support_only-0087,outside_support_only,87,True,True,none,none,True,False,False,True,8fe21e73695d1f270dda5a84e47167a2f45591d63968b97caa9cdb695e82bc16,0.130481875,all checks passed
valid-outside_support_only-0088,outside_support_only,88,True,True,none,none,True,False,False,True,9f55afc435b2d366dca401d738a331254419adf4b778bf1153aa6043b805b3a8,0.135519917,all checks passed
valid-outside_support_only-0089,outside_support_only,89,True,True,none,none,True,False,False,True,d003ec406634c7645625c6cd2fa8d0134fb7f99a33976e55a579fad5ab20525b,0.134177250,all checks passed
valid-outside_support_only-0090,outside_support_only,90,True,True,none,none,True,False,False,True,bbf216cccf93f4c37136199571bfa5d79322d612b95f82a4254d798709b99eee,0.129310708,all checks passed
valid-outside_support_only-0091,outside_support_only,91,True,True,none,none,True,False,False,True,1bd55763664d7e15bc62d559e68d29650e5d729d73e704b223b111fe324fe965,0.133448917,all checks passed
valid-outside_support_only-0092,outside_support_only,92,True,True,none,none,True,False,False,True,13a77bd0de674d33d847b4762ddc568e151fb835d536e368a619fbc7a6e9fff7,0.135206000,all checks passed
valid-outside_support_only-0093,outside_support_only,93,True,True,none,none,True,False,False,True,3650506cfe7897b0241c7b9452f89bf323a4057babd1d2dd5d9610befd7e6168,0.140602125,all checks passed
valid-outside_support_only-0094,outside_support_only,94,True,True,none,none,True,False,False,True,c44ae43a105390a646ea8066c89a17171fd155b70bc2f42c5eba8802b1fe0a44,0.136467125,all checks passed
valid-outside_support_only-0095,outside_support_only,95,True,True,none,none,True,False,False,True,fe80f8f971bbd8bb709f48e232c0a47182f7ea68b8d2e1672172b7a6bc83e2ec,0.134670375,all checks passed
valid-outside_support_only-0096,outside_support_only,96,True,True,none,none,True,False,False,True,aef53f58028eef7c12b67186586fb3db28087921712177d0fb2a71ae8cbe77c7,0.132943208,all checks passed
valid-outside_support_only-0097,outside_support_only,97,True,True,none,none,True,False,False,True,49193009c686637acf301d55e1b5e40b972a138c11a1f6d49bb0a6aba9661a54,0.138396875,all checks passed
valid-outside_support_only-0098,outside_support_only,98,True,True,none,none,True,False,False,True,38e8611a6b56ea48a8e660284c5d426c18360e52062abed482d3bdf8e5358736,0.143067958,all checks passed
valid-outside_support_only-0099,outside_support_only,99,True,True,none,none,True,False,False,True,b4256b321d7ec97e781f67fa5ac392ba8afd5164257782ef193499bbfd5f993d,0.135374750,all checks passed
