regime,trial,t,algorithm,two_qubit_depth,entanglement_fidelity,cp_by_kraus,trace_preservation_error,minimum_completeness_eigenvalue,support_dimension,support_cutoff,output_dimension,choi_dimension,support_trace_preservation_error,mutual_information_bits,H2_R_given_C_bits,renyi2_candidate,von_neumann_candidate,petz_minus_renyi2_candidate,petz_minus_von_neumann_candidate,rank_rho_RC,rank_rho_C,spectrum_rho_RC,spectrum_rho_C,stabilizer_dim_RC,stabilizer_dim_C,stabilizer_dim_R,stabilizer_correlation_rank_r,accessible_message_pauli_rank_in_C
none,0,1,petz,,0.9999999999999996,True,6.280369834735101e-16,0.9999999999999996,32,1.7677669529663682e-13,32,64,0.0,8.881784197001252e-16,1.000000000000001,1.0000000000000007,0.9999999999999993,-1.1102230246251565e-15,2.220446049250313e-16,32,16,0.03125;0.03125;0.03125;0.03125;0.03125;0.03125;0.03125;0.03125;0.03125;0.03125;0.03125;0.03125;0.03125;0.03125;0.03125;0.03125;0.03125;0.03125;0.03125;0.03125;0.03125;0.03125;0.03125;0.03125;0.03125;0.03125;0.03125;0.03125;0.03125;0.03125;0.03125;0.03125,0.0625;0.0625;0.0625;0.0625;0.0625;0.0625;0.0625;0.0625;0.0625;0.0625;0.0625;0.0625;0.0625;0.0625;0.0625;0.0625,0,0,0,0,0
none,0,2,petz,,0.9999999999999992,True,1.0990647210786425e-15,0.9999999999999992,16,2.499999999999999e-13,64,128,1.1102230246251565e-16,1.3322676295501878e-15,1.000000000000001,1.0000000000000007,0.9999999999999991,-1.4432899320127035e-15,1.1102230246251565e-16,16,8,0.0625;0.0625;0.0625;0.0625;0.0625;0.0625;0.0625;0.0625;0.0625;0.0625;0.0625;0.0625;0.0625;0.0625;0.0625;0.0625,0.125;0.125;0.125;0.125;0.125;0.125;0.125;0.125,0,0,0,0,0
none,0,3,petz,,0.999999999999999,True,7.850462293418876e-16,0.9999999999999994,8,3.535533905932737e-13,128,256,4.440892098500626e-16,8.881784197001252e-16,1.0000000000000009,1.0000000000000007,0.9999999999999993,-1.6653345369377348e-15,-3.3306690738754696e-16,8,4,0.125;0.125;0.125;0.125;0.125;0.125;0.125;0.125,0.25;0.25;0.25;0.25,0,0,0,0,0
none,0,4,petz,,0.9999999999999987,True,9.42055475210265e-16,0.9999999999999993,4,4.999999999999998e-13,256,512,2.220446049250313e-16,6.661338147750939e-16,1.000000000000001,1.0000000000000007,0.9999999999999996,-1.9984014443252818e-15,-8.881784197001252e-16,4,2,0.25;0.25;0.25;0.25,0.5;0.5,0,0,0,0,0
none,0,5,petz,,0.9999999999999991,True,4.710277376051325e-16,0.9999999999999997,2,7.071067811865474e-13,512,1024,4.965068306494546e-16,0.0,1.0000000000000013,1.0000000000000009,1.0,-1.7763568394002505e-15,-8.881784197001252e-16,2,1,0.5;0.5,1,0,0,0,0,0
none,1,1,petz,,0.9999999999999996,True,6.280369834735101e-16,0.9999999999999996,32,1.7677669529663682e-13,32,64,0.0,8.881784197001252e-16,1.000000000000001,1.0000000000000007,0.9999999999999993,-1.1102230246251565e-15,2.220446049250313e-16,32,16,0.03125;0.03125;0.03125;0.03125;0.03125;0.03125;0.03125;0.03125;0.03125;0.03125;0.03125;0.03125;0.03125;0.03125;0.03125;0.03125;0.03125;0.03125;0.03125;0.03125;0.03125;0.03125;0.03125;0.03125;0.03125;0.03125;0.03125;0.03125;0.03125;0.03125;0.03125;0.03125,0.0625;0.0625;0.0625;0.0625;0.0625;0.0625;0.0625;0.0625;0.0625;0.0625;0.0625;0.0625;0.0625;0.0625;0.0625;0.0625,0,0,0,0,0
none,1,2,petz,,0.9999999999999992,True,1.0990647210786425e-15,0.9999999999999992,16,2.499999999999999e-13,64,128,1.1102230246251565e-16,1.3322676295501878e-15,1.000000000000001,1.0000000000000007,0.9999999999999991,-1.4432899320127035e-15,1.1102230246251565e-16,16,8,0.0625;0.0625;0.0625;0.0625;0.0625;0.0625;0.0625;0.0625;0.0625;0.0625;0.0625;0.0625;0.0625;0.0625;0.0625;0.0625,0.125;0.125;0.125;0.125;0.125;0.125;0.125;0.125,0,0,0,0,0
none,1,3,petz,,0.999999999999999,True,7.850462293418876e-16,0.9999999999999994,8,3.535533905932737e-13,128,256,4.440892098500626e-16,8.881784197001252e-16,1.0000000000000009,1.0000000000000007,0.9999999999999993,-1.6653345369377348e-15,-3.3306690738754696e-16,8,4,0.125;0.125;0.125;0.125;0.125;0.125;0.125;0.125,0.25;0.25;0.25;0.25,0,0,0,0,0
none,1,4,petz,,0.9999999999999987,True,9.42055475210265e-16,0.9999999999999993,4,4.999999999999998e-13,256,512,2.220446049250313e-16,6.661338147750939e-16,1.000000000000001,1.0000000000000007,0.9999999999999996,-1.9984014443252818e-15,-8.881784197001252e-16,4,2,0.25;0.25;0.25;0.25,0.5;0.5,0,0,0,0,0
none,1,5,petz,,0.9999999999999991,True,4.710277376051325e-16,0.9999999999999997,2,7.071067811865474e-13,512,1024,4.965068306494546e-16,0.0,1.0000000000000013,1.0000000000000009,1.0,-1.7763568394002505e-15,-8.881784197001252e-16,2,1,0.5;0.5,1,0,0,0,0,0
none,2,1,petz,,0.9999999999999996,True,6.280369834735101e-16,0.9999999999999996,32,1.7677669529663682e-13,32,64,0.0,8.881784197001252e-16,1.000000000000001,1.0000000000000007,0.9999999999999993,-1.1102230246251565e-15,2.220446049250313e-16,32,16,0.03125;0.03125;0.03125;0.03125;0.03125;0.03125;0.03125;0.03125;0.03125;0.03125;0.03125;0.03125;0.03125;0.03125;0.03125;0.03125;0.03125;0.03125;0.03125;0.03125;0.03125;0.03125;0.03125;0.03125;0.03125;0.03125;0.03125;0.03125;0.03125;0.03125;0.03125;0.03125,0.0625;0.0625;0.0625;0.0625;0.0625;0.0625;0.0625;0.0625;0.0625;0.0625;0.0625;0.0625;0.0625;0.0625;0.0625;0.0625,0,0,0,0,0
none,2,2,petz,,0.9999999999999992,True,1.0990647210786425e-15,0.9999999999999992,16,2.499999999999999e-13,64,128,1.1102230246251565e-16,1.3322676295501878e-15,1.000000000000001,1.0000000000000007,0.9999999999999991,-1.4432899320127035e-15,1.1102230246251565e-16,16,8,0.0625;0.0625;0.0625;0.0625;0.0625;0.0625;0.0625;0.0625;0.0625;0.0625;0.0625;0.0625;0.0625;0.0625;0.0625;0.0625,0.125;0.125;0.125;0.125;0.125;0.125;0.125;0.125,0,0,0,0,0
none,2,3,petz,,0.999999999999999,True,7.850462293418876e-16,0.9999999999999994,8,3.535533905932737e-13,128,256,4.440892098500626e-16,8.881784197001252e-16,1.0000000000000009,1.0000000000000007,0.9999999999999993,-1.6653345369377348e-15,-3.3306690738754696e-16,8,4,0.125;0.125;0.125;0.125;0.125;0.125;0.125;0.125,0.25;0.25;0.25;0.25,0,0,0,0,0
none,2,4,petz,,0.9999999999999987,True,9.42055475210265e-16,0.9999999999999993,4,4.999999999999998e-13,256,512,2.220446049250313e-16,6.661338147750939e-16,1.000000000000001,1.0000000000000007,0.9999999999999996,-1.9984014443252818e-15,-8.881784197001252e-16,4,2,0.25;0.25;0.25;0.25,0.5;0.5,0,0,0,0,0
none,2,5,petz,,0.9999999999999991,True,4.710277376051325e-16,0.9999999999999997,2,7.071067811865474e-13,512,1024,4.965068306494546e-16,0.0,1.0000000000000013,1.0000000000000009,1.0,-1.7763568394002505e-15,-8.881784197001252e-16,2,1,0.5;0.5,1,0,0,0,0,0
none,3,1,petz,,0.9999999999999996,True,6.280369834735101e-16,0.9999999999999996,32,1.7677669529663682e-13,32,64,0.0,8.881784197001252e-16,1.000000000000001,1.0000000000000007,0.9999999999999993,-1.1102230246251565e-15,2.220446049250313e-16,32,16,0.03125;0.03125;0.03125;0.03125;0.03125;0.03125;0.03125;0.03125;0.03125;0.03125;0.03125;0.03125;0.03125;0.03125;0.03125;0.03125;0.03125;0.03125;0.03125;0.03125;0.03125;0.03125;0.03125;0.03125;0.03125;0.03125;0.03125;0.03125;0.03125;0.03125;0.03125;0.03125,0.0625;0.0625;0.0625;0.0625;0.0625;0.0625;0.0625;0.0625;0.0625;0.0625;0.0625;0.0625;0.0625;0.0625;0.0625;0.0625,0,0,0,0,0
none,3,2,petz,,0.9999999999999992,True,1.0990647210786425e-15,0.9999999999999992,16,2.499999999999999e-13,64,128,1.1102230246251565e-16,1.3322676295501878e-15,1.000000000000001,1.0000000000000007,0.9999999999999991,-1.4432899320127035e-15,1.1102230246251565e-16,16,8,0.0625;0.0625;0.0625;0.0625;0.0625;0.0625;0.0625;0.0625;0.0625;0.0625;0.0625;0.0625;0.0625;0.0625;0.0625;0.0625,0.125;0.125;0.125;0.125;0.125;0.125;0.125;0.125,0,0,0,0,0
none,3,3,petz,,0.999999999999999,True,7.850462293418876e-16,0.9999999999999994,8,3.535533905932737e-13,128,256,4.440892098500626e-16,8.881784197001252e-16,1.0000000000000009,1.0000000000000007,0.9999999999999993,-1.6653345369377348e-15,-3.3306690738754696e-16,8,4,0.125;0.125;0.125;0.125;0.125;0.125;0.125;0.125,0.25;0.25;0.25;0.25,0,0,0,0,0
none,3,4,petz,,0.9999999999999987,True,9.42055475210265e-16,0.9999999999999993,4,4.999999999999998e-13,256,512,2.220446049250313e-16,6.661338147750939e-16,1.000000000000001,1.0000000000000007,0.9999999999999996,-1.9984014443252818e-15,-8.881784197001252e-16,4,2,0.25;0.25;0.25;0.25,0.5;0.5,0,0,0,0,0
none,3,5,petz,,0.9999999999999991,True,4.710277376051325e-16,0.9999999999999997,2,7.071067811865474e-13,512,1024,4.965068306494546e-16,0.0,1.0000000000000013,1.0000000000000009,1.0,-1.7763568394002505e-15,-8.881784197001252e-16,2,1,0.5;0.5,1,0,0,0,0,0
none,4,1,petz,,0.9999999999999996,True,6.280369834735101e-16,0.9999999999999996,32,1.7677669529663682e-13,32,64,0.0,8.881784197001252e-16,1.000000000000001,1.0000000000000007,0.9999999999999993,-1.1102230246251565e-15,2.220446049250313e-16,32,16,0.03125;0.03125;0.03125;0.03125;0.03125;0.03125;0.03125;0.03125;0.03125;0.03125;0.03125;0.03125;0.03125;0.03125;0.03125;0.03125;0.03125;0.03125;0.03125;0.03125;0.03125;0.03125;0.03125;0.03125;0.03125;0.03125;0.03125;0.03125;0.03125;0.03125;0.03125;0.03125,0.0625;0.0625;0.0625;0.0625;0.0625;0.0625;0.0625;0.0625;0.0625;0.0625;0.0625;0.0625;0.0625;0.0625;0.0625;0.0625,0,0,0,0,0
none,4,2,petz,,0.9999999999999992,True,1.0990647210786425e-15,0.9999999999999992,16,2.499999999999999e-13,64,128,1.1102230246251565e-16,1.3322676295501878e-15,1.000000000000001,1.0000000000000007,0.9999999999999991,-1.4432899320127035e-15,1.1102230246251565e-16,16,8,0.0625;0.0625;0.0625;0.0625;0.0625;0.0625;0.0625;0.0625;0.0625;0.0625;0.0625;0.0625;0.0625;0.0625;0.0625;0.0625,0.125;0.125;0.125;0.125;0.125;0.125;0.125;0.125,0,0,0,0,0
none,4,3,petz,,0.999999999999999,True,7.850462293418876e-16,0.9999999999999994,8,3.535533905932737e-13,128,256,4.440892098500626e-16,8.881784197001252e-16,1.0000000000000009,1.0000000000000007,0.9999999999999993,-1.6653345369377348e-15,-3.3306690738754696e-16,8,4,0.125;0.125;0.125;0.125;0.125;0.125;0.125;0.125,0.25;0.25;0.25;0.25,0,0,0,0,0
none,4,4,petz,,0.9999999999999987,True,9.42055475210265e-16,0.9999999999999993,4,4.999999999999998e-13,256,512,2.220446049250313e-16,6.661338147750939e-16,1.000000000000001,1.0000000000000007,0.9999999999999996,-1.9984014443252818e-15,-8.881784197001252e-16,4,2,0.25;0.25;0.25;0.25,0.5;0.5,0,0,0,0,0
none,4,5,petz,,0.9999999999999991,True,4.710277376051325e-16,0.9999999999999997,2,7.071067811865474e-13,512,1024,4.965068306494546e-16,0.0,1.0000000000000013,1.0000000000000009,1.0,-1.7763568394002505e-15,-8.881784197001252e-16,2,1,0.5;0.5,1,0,0,0,0,0
none,5,1,petz,,0.9999999999999996,True,6.280369834735101e-16,0.9999999999999996,32,1.7677669529663682e-13,32,64,0.0,8.881784197001252e-16,1.000000000000001,1.0000000000000007,0.9999999999999993,-1.1102230246251565e-15,2.220446049250313e-16,32,16,0.03125;0.03125;0.03125;0.03125;0.03125;0.03125;0.03125;0.03125;0.03125;0.03125;0.03125;0.03125;0.03125;0.03125;0.03125;0.03125;0.03125;0.03125;0.03125;0.03125;0.03125;0.03125;0.03125;0.03125;0.03125;0.03125;0.03125;0.03125;0.03125;0.03125;0.03125;0.03125,0.0625;0.0625;0.0625;0.0625;0.0625;0.0625;0.0625;0.0625;0.0625;0.0625;0.0625;0.0625;0.0625;0.0625;0.0625;0.0625,0,0,0,0,0
none,5,2,petz,,0.9999999999999992,True,1.0990647210786425e-15,0.9999999999999992,16,2.499999999999999e-13,64,128,1.1102230246251565e-16,1.3322676295501878e-15,1.000000000000001,1.0000000000000007,0.9999999999999991,-1.4432899320127035e-15,1.1102230246251565e-16,16,8,0.0625;0.0625;0.0625;0.0625;0.0625;0.0625;0.0625;0.0625;0.0625;0.0625;0.0625;0.0625;0.0625;0.0625;0.0625;0.0625,0.125;0.125;0.125;0.125;0.125;0.125;0.125;0.125,0,0,0,0,0
none,5,3,petz,,0.999999999999999,True,7.850462293418876e-16,0.9999999999999994,8,3.535533905932737e-13,128,256,4.440892098500626e-16,8.881784197001252e-16,1.0000000000000009,1.0000000000000007,0.9999999999999993,-1.6653345369377348e-15,-3.3306690738754696e-16,8,4,0.125;0.125;0.125;0.125;0.125;0.125;0.125;0.125,0.25;0.25;0.25;0.25,0,0,0,0,0
none,5,4,petz,,0.9999999999999987,True,9.42055475210265e-16,0.9999999999999993,4,4.999999999999998e-13,256,512,2.220446049250313e-16,6.661338147750939e-16,1.000000000000001,1.0000000000000007,0.9999999999999996,-1.9984014443252818e-15,-8.881784197001252e-16,4,2,0.25;0.25;0.25;0.25,0.5;0.5,0,0,0,0,0
none,5,5,petz,,0.9999999999999991,True,4.710277376051325e-16,0.9999999999999997,2,7.071067811865474e-13,512,1024,4.965068306494546e-16,0.0,1.0000000000000013,1.0000000000000009,1.0,-1.7763568394002505e-15,-8.881784197001252e-16,2,1,0.5;0.5,1,0,0,0,0,0
none,6,1,petz,,0.9999999999999996,True,6.280369834735101e-16,0.9999999999999996,32,1.7677669529663682e-13,32,64,0.0,8.881784197001252e-16,1.000000000000001,1.0000000000000007,0.9999999999999993,-1.1102230246251565e-15,2.220446049250313e-16,32,16,0.03125;0.03125;0.03125;0.03125;0.03125;0.03125;0.03125;0.03125;0.03125;0.03125;0.03125;0.03125;0.03125;0.03125;0.03125;0.03125;0.03125;0.03125;0.03125;0.03125;0.03125;0.03125;0.03125;0.03125;0.03125;0.03125;0.03125;0.03125;0.03125;0.03125;0.03125;0.03125,0.0625;0.0625;0.0625;0.0625;0.0625;0.0625;0.0625;0.0625;0.0625;0.0625;0.0625;0.0625;0.0625;0.0625;0.0625;0.0625,0,0,0,0,0
none,6,2,petz,,0.9999999999999992,True,1.0990647210786425e-15,0.9999999999999992,16,2.499999999999999e-13,64,128,1.1102230246251565e-16,1.3322676295501878e-15,1.000000000000001,1.0000000000000007,0.9999999999999991,-1.4432899320127035e-15,1.1102230246251565e-16,16,8,0.0625;0.0625;0.0625;0.0625;0.0625;0.0625;0.0625;0.0625;0.0625;0.0625;0.0625;0.0625;0.0625;0.0625;0.0625;0.0625,0.125;0.125;0.125;0.125;0.125;0.125;0.125;0.125,0,0,0,0,0
none,6,3,petz,,0.999999999999999,True,7.850462293418876e-16,0.9999999999999994,8,3.535533905932737e-13,128,256,4.440892098500626e-16,8.881784197001252e-16,1.0000000000000009,1.0000000000000007,0.9999999999999993,-1.6653345369377348e-15,-3.3306690738754696e-16,8,4,0.125;0.125;0.125;0.125;0.125;0.125;0.125;0.125,0.25;0.25;0.25;0.25,0,0,0,0,0
none,6,4,petz,,0.9999999999999987,True,9.42055475210265e-16,0.9999999999999993,4,4.999999999999998e-13,256,512,2.220446049250313e-16,6.661338147750939e-16,1.000000000000001,1.0000000000000007,0.9999999999999996,-1.9984014443252818e-15,-8.881784197001252e-16,4,2,0.25;0.25;0.25;0.25,0.5;0.5,0,0,0,0,0
none,6,5,petz,,0.9999999999999991,True,4.710277376051325e-16,0.9999999999999997,2,7.071067811865474e-13,512,1024,4.965068306494546e-16,0.0,1.0000000000000013,1.0000000000000009,1.0,-1.7763568394002505e-15,-8.881784197001252e-16,2,1,0.5;0.5,1,0,0,0,0,0
none,7,1,petz,,0.9999999999999996,True,6.280369834735101e-16,0.9999999999999996,32,1.7677669529663682e-13,32,64,0.0,8.881784197001252e-16,1.000000000000001,1.0000000000000007,0.9999999999999993,-1.1102230246251565e-15,2.220446049250313e-16,32,16,0.03125;0.03125;0.03125;0.03125;0.03125;0.03125;0.03125;0.03125;0.03125;0.03125;0.03125;0.03125;0.03125;0.03125;0.03125;0.03125;0.03125;0.03125;0.03125;0.03125;0.03125;0.03125;0.03125;0.03125;0.03125;0.03125;0.03125;0.03125;0.03125;0.03125;0.03125;0.03125,0.0625;0.0625;0.0625;0.0625;0.0625;0.0625;0.0625;0.0625;0.0625;0.0625;0.0625;0.0625;0.0625;0.0625;0.0625;0.0625,0,0,0,0,0
none,7,2,petz,,0.9999999999999992,True,1.0990647210786425e-15,0.9999999999999992,16,2.499999999999999e-13,64,128,1.1102230246251565e-16,1.3322676295501878e-15,1.000000000000001,1.0000000000000007,0.9999999999999991,-1.4432899320127035e-15,1.1102230246251565e-16,16,8,0.0625;0.0625;0.0625;0.0625;0.0625;0.0625;0.0625;0.0625;0.0625;0.0625;0.0625;0.0625;0.0625;0.0625;0.0625;0.0625,0.125;0.125;0.125;0.125;0.125;0.125;0.125;0.125,0,0,0,0,0
none,7,3,petz,,0.999999999999999,True,7.850462293418876e-16,0.9999999999999994,8,3.535533905932737e-13,128,256,4.440892098500626e-16,8.881784197001252e-16,1.0000000000000009,1.0000000000000007,0.9999999999999993,-1.6653345369377348e-15,-3.3306690738754696e-16,8,4,0.125;0.125;0.125;0.125;0.125;0.125;0.125;0.125,0.25;0.25;0.25;0.25,0,0,0,0,0
none,7,4,petz,,0.9999999999999987,True,9.42055475210265e-16,0.9999999999999993,4,4.999999999999998e-13,256,512,2.220446049250313e-16,6.661338147750939e-16,1.000000000000001,1.0000000000000007,0.9999999999999996,-1.9984014443252818e-15,-8.881784197001252e-16,4,2,0.25;0.25;0.25;0.25,0.5;0.5,0,0,0,0,0
none,7,5,petz,,0.9999999999999991,True,4.710277376051325e-16,0.9999999999999997,2,7.071067811865474e-13,512,1024,4.965068306494546e-16,0.0,1.0000000000000013,1.0000000000000009,1.0,-1.7763568394002505e-15,-8.881784197001252e-16,2,1,0.5;0.5,1,0,0,0,0,0
none,8,1,petz,,0.9999999999999996,True,6.280369834735101e-16,0.9999999999999996,32,1.7677669529663682e-13,32,64,0.0,8.881784197001252e-16,1.000000000000001,1.0000000000000007,0.9999999999999993,-1.1102230246251565e-15,2.220446049250313e-16,32,16,0.03125;0.03125;0.03125;0.03125;0.03125;0.03125;0.03125;0.03125;0.03125;0.03125;0.03125;0.03125;0.03125;0.03125;0.03125;0.03125;0.03125;0.03125;0.03125;0.03125;0.03125;0.03125;0.03125;0.03125;0.03125;0.03125;0.03125;0.03125;0.03125;0.03125;0.03125;0.03125,0.0625;0.0625;0.0625;0.0625;0.0625;0.0625;0.0625;0.0625;0.0625;0.0625;0.0625;0.0625;0.0625;0.0625;0.0625;0.0625,0,0,0,0,0
none,8,2,petz,,0.9999999999999992,True,1.0990647210786425e-15,0.9999999999999992,16,2.499999999999999e-13,64,128,1.1102230246251565e-16,1.3322676295501878e-15,1.000000000000001,1.0000000000000007,0.9999999999999991,-1.4432899320127035e-15,1.1102230246251565e-16,16,8,0.0625;0.0625;0.0625;0.0625;0.0625;0.0625;0.0625;0.0625;0.0625;0.0625;0.0625;0.0625;0.0625;0.0625;0.0625;0.0625,0.125;0.125;0.125;0.125;0.125;0.125;0.125;0.125,0,0,0,0,0
none,8,3,petz,,0.999999999999999,True,7.850462293418876e-16,0.9999999999999994,8,3.535533905932737e-13,128,256,4.440892098500626e-16,8.881784197001252e-16,1.0000000000000009,1.0000000000000007,0.9999999999999993,-1.6653345369377348e-15,-3.3306690738754696e-16,8,4,0.125;0.125;0.125;0.125;0.125;0.125;0.125;0.125,0.25;0.25;0.25;0.25,0,0,0,0,0
none,8,4,petz,,0.9999999999999987,True,9.42055475210265e-16,0.9999999999999993,4,4.999999999999998e-13,256,512,2.220446049250313e-16,6.661338147750939e-16,1.000000000000001,1.0000000000000007,0.9999999999999996,-1.9984014443252818e-15,-8.881784197001252e-16,4,2,0.25;0.25;0.25;0.25,0.5;0.5,0,0,0,0,0
none,8,5,petz,,0.9999999999999991,True,4.710277376051325e-16,0.9999999999999997,2,7.071067811865474e-13,512,1024,4.965068306494546e-16,0.0,1.0000000000000013,1.0000000000000009,1.0,-1.7763568394002505e-15,-8.881784197001252e-16,2,1,0.5;0.5,1,0,0,0,0,0
none,9,1,petz,,0.9999999999999996,True,6.280369834735101e-16,0.9999999999999996,32,1.7677669529663682e-13,32,64,0.0,8.881784197001252e-16,1.000000000000001,1.0000000000000007,0.9999999999999993,-1.1102230246251565e-15,2.220446049250313e-16,32,16,0.03125;0.03125;0.03125;0.03125;0.03125;0.03125;0.03125;0.03125;0.03125;0.03125;0.03125;0.03125;0.03125;0.03125;0.03125;0.03125;0.03125;0.03125;0.03125;0.03125;0.03125;0.03125;0.03125;0.03125;0.03125;0.03125;0.03125;0.03125;0.03125;0.03125;0.03125;0.03125,0.0625;0.0625;0.0625;0.0625;0.0625;0.0625;0.0625;0.0625;0.0625;0.0625;0.0625;0.0625;0.0625;0.0625;0.0625;0.0625,0,0,0,0,0
none,9,2,petz,,0.9999999999999992,True,1.0990647210786425e-15,0.9999999999999992,16,2.499999999999999e-13,64,128,1.1102230246251565e-16,1.3322676295501878e-15,1.000000000000001,1.0000000000000007,0.9999999999999991,-1.4432899320127035e-15,1.1102230246251565e-16,16,8,0.0625;0.0625;0.0625;0.0625;0.0625;0.0625;0.0625;0.0625;0.0625;0.0625;0.0625;0.0625;0.0625;0.0625;0.0625;0.0625,0.125;0.125;0.125;0.125;0.125;0.125;0.125;0.125,0,0,0,0,0
none,9,3,petz,,0.999999999999999,True,7.850462293418876e-16,0.9999999999999994,8,3.535533905932737e-13,128,256,4.440892098500626e-16,8.881784197001252e-16,1.0000000000000009,1.0000000000000007,0.9999999999999993,-1.6653345369377348e-15,-3.3306690738754696e-16,8,4,0.125;0.125;0.125;0.125;0.125;0.125;0.125;0.125,0.25;0.25;0.25;0.25,0,0,0,0,0
none,9,4,petz,,0.9999999999999987,True,9.42055475210265e-16,0.9999999999999993,4,4.999999999999998e-13,256,512,2.220446049250313e-16,6.661338147750939e-16,1.000000000000001,1.0000000000000007,0.9999999999999996,-1.9984014443252818e-15,-8.881784197001252e-16,4,2,0.25;0.25;0.25;0.25,0.5;0.5,0,0,0,0,0
none,9,5,petz,,0.9999999999999991,True,4.710277376051325e-16,0.9999999999999997,2,7.071067811865474e-13,512,1024,4.965068306494546e-16,0.0,1.0000000000000013,1.0000000000000009,1.0,-1.7763568394002505e-15,-8.881784197001252e-16,2,1,0.5;0.5,1,0,0,0,0,0
none,10,1,petz,,0.9999999999999996,True,6.280369834735101e-16,0.9999999999999996,32,1.7677669529663682e-13,32,64,0.0,8.881784197001252e-16,1.000000000000001,1.0000000000000007,0.9999999999999993,-1.1102230246251565e-15,2.220446049250313e-16,32,16,0.03125;0.03125;0.03125;0.03125;0.03125;0.03125;0.03125;0.03125;0.03125;0.03125;0.03125;0.03125;0.03125;0.03125;0.03125;0.03125;0.03125;0.03125;0.03125;0.03125;0.03125;0.03125;0.03125;0.03125;0.03125;0.03125;0.03125;0.03125;0.03125;0.03125;0.03125;0.03125,0.0625;0.0625;0.0625;0.0625;0.0625;0.0625;0.0625;0.0625;0.0625;0.0625;0.0625;0.0625;0.0625;0.0625;0.0625;0.0625,0,0,0,0,0
none,10,2,petz,,0.9999999999999992,True,1.0990647210786425e-15,0.9999999999999992,16,2.499999999999999e-13,64,128,1.1102230246251565e-16,1.3322676295501878e-15,1.000000000000001,1.0000000000000007,0.9999999999999991,-1.4432899320127035e-15,1.1102230246251565e-16,16,8,0.0625;0.0625;0.0625;0.0625;0.0625;0.0625;0.0625;0.0625;0.0625;0.0625;0.0625;0.0625;0.0625;0.0625;0.0625;0.0625,0.125;0.125;0.125;0.125;0.125;0.125;0.125;0.125,0,0,0,0,0
none,10,3,petz,,0.999999999999999,True,7.850462293418876e-16,0.9999999999999994,8,3.535533905932737e-13,128,256,4.440892098500626e-16,8.881784197001252e-16,1.0000000000000009,1.0000000000000007,0.9999999999999993,-1.6653345369377348e-15,-3.3306690738754696e-16,8,4,0.125;0.125;0.125;0.125;0.125;0.125;0.125;0.125,0.25;0.25;0.25;0.25,0,0,0,0,0
none,10,4,petz,,0.9999999999999987,True,9.42055475210265e-16,0.9999999999999993,4,4.999999999999998e-13,256,512,2.220446049250313e-16,6.661338147750939e-16,1.000000000000001,1.0000000000000007,0.9999999999999996,-1.9984014443252818e-15,-8.881784197001252e-16,4,2,0.25;0.25;0.25;0.25,0.5;0.5,0,0,0,0,0
none,10,5,petz,,0.9999999999999991,True,4.710277376051325e-16,0.9999999999999997,2,7.071067811865474e-13,512,1024,4.965068306494546e-16,0.0,1.0000000000000013,1.0000000000000009,1.0,-1.7763568394002505e-15,-8.881784197001252e-16,2,1,0.5;0.5,1,0,0,0,0,0
none,11,1,petz,,0.9999999999999996,True,6.280369834735101e-16,0.9999999999999996,32,1.7677669529663682e-13,32,64,0.0,8.881784197001252e-16,1.000000000000001,1.0000000000000007,0.9999999999999993,-1.1102230246251565e-15,2.220446049250313e-16,32,16,0.03125;0.03125;0.03125;0.03125;0.03125;0.03125;0.03125;0.03125;0.03125;0.03125;0.03125;0.03125;0.03125;0.03125;0.03125;0.03125;0.03125;0.03125;0.03125;0.03125;0.03125;0.03125;0.03125;0.03125;0.03125;0.03125;0.03125;0.03125;0.03125;0.03125;0.03125;0.03125,0.0625;0.0625;0.0625;0.0625;0.0625;0.0625;0.0625;0.0625;0.0625;0.0625;0.0625;0.0625;0.0625;0.0625;0.0625;0.0625,0,0,0,0,0
none,11,2,petz,,0.9999999999999992,True,1.0990647210786425e-15,0.9999999999999992,16,2.499999999999999e-13,64,128,1.1102230246251565e-16,1.3322676295501878e-15,1.000000000000001,1.0000000000000007,0.9999999999999991,-1.4432899320127035e-15,1.1102230246251565e-16,16,8,0.0625;0.0625;0.0625;0.0625;0.0625;0.0625;0.0625;0.0625;0.0625;0.0625;0.0625;0.0625;0.0625;0.0625;0.0625;0.0625,0.125;0.125;0.125;0.125;0.125;0.125;0.125;0.125,0,0,0,0,0
none,11,3,petz,,0.999999999999999,True,7.850462293418876e-16,0.9999999999999994,8,3.535533905932737e-13,128,256,4.440892098500626e-16,8.881784197001252e-16,1.0000000000000009,1.0000000000000007,0.9999999999999993,-1.6653345369377348e-15,-3.3306690738754696e-16,8,4,0.125;0.125;0.125;0.125;0.125;0.125;0.125;0.125,0.25;0.25;0.25;0.25,0,0,0,0,0
none,11,4,petz,,0.9999999999999987,True,9.42055475210265e-16,0.9999999999999993,4,4.999999999999998e-13,256,512,2.220446049250313e-16,6.661338147750939e-16,1.000000000000001,1.0000000000000007,0.9999999999999996,-1.9984014443252818e-15,-8.881784197001252e-16,4,2,0.25;0.25;0.25;0.25,0.5;0.5,0,0,0,0,0
none,11,5,petz,,0.9999999999999991,True,4.710277376051325e-16,0.9999999999999997,2,7.071067811865474e-13,512,1024,4.965068306494546e-16,0.0,1.0000000000000013,1.0000000000000009,1.0,-1.7763568394002505e-15,-8.881784197001252e-16,2,1,0.5;0.5,1,0,0,0,0,0
none,12,1,petz,,0.9999999999999996,True,6.280369834735101e-16,0.9999999999999996,32,1.7677669529663682e-13,32,64,0.0,8.881784197001252e-16,1.000000000000001,1.0000000000000007,0.9999999999999993,-1.1102230246251565e-15,2.220446049250313e-16,32,16,0.03125;0.03125;0.03125;0.03125;0.03125;0.03125;0.03125;0.03125;0.03125;0.03125;0.03125;0.03125;0.03125;0.03125;0.03125;0.03125;0.03125;0.03125;0.03125;0.03125;0.03125;0.03125;0.03125;0.03125;0.03125;0.03125;0.03125;0.03125;0.03125;0.03125;0.03125;0.03125,0.0625;0.0625;0.0625;0.0625;0.0625;0.0625;0.0625;0.0625;0.0625;0.0625;0.0625;0.0625;0.0625;0.0625;0.0625;0.0625,0,0,0,0,0
none,12,2,petz,,0.9999999999999992,True,1.0990647210786425e-15,0.9999999999999992,16,2.499999999999999e-13,64,128,1.1102230246251565e-16,1.3322676295501878e-15,1.000000000000001,1.0000000000000007,0.9999999999999991,-1.4432899320127035e-15,1.1102230246251565e-16,16,8,0.0625;0.0625;0.0625;0.0625;0.0625;0.0625;0.0625;0.0625;0.0625;0.0625;0.0625;0.0625;0.0625;0.0625;0.0625;0.0625,0.125;0.125;0.125;0.125;0.125;0.125;0.125;0.125,0,0,0,0,0
none,12,3,petz,,0.999999999999999,True,7.850462293418876e-16,0.9999999999999994,8,3.535533905932737e-13,128,256,4.440892098500626e-16,8.881784197001252e-16,1.0000000000000009,1.0000000000000007,0.9999999999999993,-1.6653345369377348e-15,-3.3306690738754696e-16,8,4,0.125;0.125;0.125;0.125;0.125;0.125;0.125;0.125,0.25;0.25;0.25;0.25,0,0,0,0,0
none,12,4,petz,,0.9999999999999987,True,9.42055475210265e-16,0.9999999999999993,4,4.999999999999998e-13,256,512,2.220446049250313e-16,6.661338147750939e-16,1.000000000000001,1.0000000000000007,0.9999999999999996,-1.9984014443252818e-15,-8.881784197001252e-16,4,2,0.25;0.25;0.25;0.25,0.5;0.5,0,0,0,0,0
none,12,5,petz,,0.9999999999999991,True,4.710277376051325e-16,0.9999999999999997,2,7.071067811865474e-13,512,1024,4.965068306494546e-16,0.0,1.0000000000000013,1.0000000000000009,1.0,-1.7763568394002505e-15,-8.881784197001252e-16,2,1,0.5;0.5,1,0,0,0,0,0
none,13,1,petz,,0.9999999999999996,True,6.280369834735101e-16,0.9999999999999996,32,1.7677669529663682e-13,32,64,0.0,8.881784197001252e-16,1.000000000000001,1.0000000000000007,0.9999999999999993,-1.1102230246251565e-15,2.220446049250313e-16,32,16,0.03125;0.03125;0.03125;0.03125;0.03125;0.03125;0.03125;0.03125;0.03125;0.03125;0.03125;0.03125;0.03125;0.03125;0.03125;0.03125;0.03125;0.03125;0.03125;0.03125;0.03125;0.03125;0.03125;0.03125;0.03125;0.03125;0.03125;0.03125;0.03125;0.03125;0.03125;0.03125,0.0625;0.0625;0.0625;0.0625;0.0625;0.0625;0.0625;0.0625;0.0625;0.0625;0.0625;0.0625;0.0625;0.0625;0.0625;0.0625,0,0,0,0,0
none,13,2,petz,,0.9999999999999992,True,1.0990647210786425e-15,0.9999999999999992,16,2.499999999999999e-13,64,128,1.1102230246251565e-16,1.3322676295501878e-15,1.000000000000001,1.0000000000000007,0.9999999999999991,-1.4432899320127035e-15,1.1102230246251565e-16,16,8,0.0625;0.0625;0.0625;0.0625;0.0625;0.0625;0.0625;0.0625;0.0625;0.0625;0.0625;0.0625;0.0625;0.0625;0.0625;0.0625,0.125;0.125;0.125;0.125;0.125;0.125;0.125;0.125,0,0,0,0,0
none,13,3,petz,,0.999999999999999,True,7.850462293418876e-16,0.9999999999999994,8,3.535533905932737e-13,128,256,4.440892098500626e-16,8.881784197001252e-16,1.0000000000000009,1.0000000000000007,0.9999999999999993,-1.6653345369377348e-15,-3.3306690738754696e-16,8,4,0.125;0.125;0.125;0.125;0.125;0.125;0.125;0.125,0.25;0.25;0.25;0.25,0,0,0,0,0
none,13,4,petz,,0.9999999999999987,True,9.42055475210265e-16,0.9999999999999993,4,4.999999999999998e-13,256,512,2.220446049250313e-16,6.661338147750939e-16,1.000000000000001,1.0000000000000007,0.9999999999999996,-1.9984014443252818e-15,-8.881784197001252e-16,4,2,0.25;0.25;0.25;0.25,0.5;0.5,0,0,0,0,0
none,13,5,petz,,0.9999999999999991,True,4.710277376051325e-16,0.9999999999999997,2,7.071067811865474e-13,512,1024,4.965068306494546e-16,0.0,1.0000000000000013,1.0000000000000009,1.0,-1.7763568394002505e-15,-8.881784197001252e-16,2,1,0.5;0.5,1,0,0,0,0,0
none,14,1,petz,,0.9999999999999996,True,6.280369834735101e-16,0.9999999999999996,32,1.7677669529663682e-13,32,64,0.0,8.881784197001252e-16,1.000000000000001,1.0000000000000007,0.9999999999999993,-1.1102230246251565e-15,2.220446049250313e-16,32,16,0.03125;0.03125;0.03125;0.03125;0.03125;0.03125;0.03125;0.03125;0.03125;0.03125;0.03125;0.03125;0.03125;0.03125;0.03125;0.03125;0.03125;0.03125;0.03125;0.03125;0.03125;0.03125;0.03125;0.03125;0.03125;0.03125;0.03125;0.03125;0.03125;0.03125;0.03125;0.03125,0.0625;0.0625;0.0625;0.0625;0.0625;0.0625;0.0625;0.0625;0.0625;0.0625;0.0625;0.0625;0.0625;0.0625;0.0625;0.0625,0,0,0,0,0
none,14,2,petz,,0.9999999999999992,True,1.0990647210786425e-15,0.9999999999999992,16,2.499999999999999e-13,64,128,1.1102230246251565e-16,1.3322676295501878e-15,1.000000000000001,1.0000000000000007,0.9999999999999991,-1.4432899320127035e-15,1.1102230246251565e-16,16,8,0.0625;0.0625;0.0625;0.0625;0.0625;0.0625;0.0625;0.0625;0.0625;0.0625;0.0625;0.0625;0.0625;0.0625;0.0625;0.0625,0.125;0.125;0.125;0.125;0.125;0.125;0.125;0.125,0,0,0,0,0
none,14,3,petz,,0.999999999999999,True,7.850462293418876e-16,0.9999999999999994,8,3.535533905932737e-13,128,256,4.440892098500626e-16,8.881784197001252e-16,1.0000000000000009,1.0000000000000007,0.9999999999999993,-1.6653345369377348e-15,-3.3306690738754696e-16,8,4,0.125;0.125;0.125;0.125;0.125;0.125;0.125;0.125,0.25;0.25;0.25;0.25,0,0,0,0,0
none,14,4,petz,,0.9999999999999987,True,9.42055475210265e-16,0.9999999999999993,4,4.999999999999998e-13,256,512,2.220446049250313e-16,6.661338147750939e-16,1.000000000000001,1.0000000000000007,0.9999999999999996,-1.9984014443252818e-15,-8.881784197001252e-16,4,2,0.25;0.25;0.25;0.25,0.5;0.5,0,0,0,0,0
none,14,5,petz,,0.9999999999999991,True,4.710277376051325e-16,0.9999999999999997,2,7.071067811865474e-13,512,1024,4.965068306494546e-16,0.0,1.0000000000000013,1.0000000000000009,1.0,-1.7763568394002505e-15,-8.881784197001252e-16,2,1,0.5;0.5,1,0,0,0,0,0
none,15,1,petz,,0.9999999999999996,True,6.280369834735101e-16,0.9999999999999996,32,1.7677669529663682e-13,32,64,0.0,8.881784197001252e-16,1.000000000000001,1.0000000000000007,0.9999999999999993,-1.1102230246251565e-15,2.220446049250313e-16,32,16,0.03125;0.03125;0.03125;0.03125;0.03125;0.03125;0.03125;0.03125;0.03125;0.03125;0.03125;0.03125;0.03125;0.03125;0.03125;0.03125;0.03125;0.03125;0.03125;0.03125;0.03125;0.03125;0.03125;0.03125;0.03125;0.03125;0.03125;0.03125;0.03125;0.03125;0.03125;0.03125,0.0625;0.0625;0.0625;0.0625;0.0625;0.0625;0.0625;0.0625;0.0625;0.0625;0.0625;0.0625;0.0625;0.0625;0.0625;0.0625,0,0,0,0,0
none,15,2,petz,,0.9999999999999992,True,1.0990647210786425e-15,0.9999999999999992,16,2.499999999999999e-13,64,128,1.1102230246251565e-16,1.3322676295501878e-15,1.000000000000001,1.0000000000000007,0.9999999999999991,-1.4432899320127035e-15,1.1102230246251565e-16,16,8,0.0625;0.0625;0.0625;0.0625;0.0625;0.0625;0.0625;0.0625;0.0625;0.0625;0.0625;0.0625;0.0625;0.0625;0.0625;0.0625,0.125;0.125;0.125;0.125;0.125;0.125;0.125;0.125,0,0,0,0,0
none,15,3,petz,,0.999999999999999,True,7.850462293418876e-16,0.9999999999999994,8,3.535533905932737e-13,128,256,4.440892098500626e-16,8.881784197001252e-16,1.0000000000000009,1.0000000000000007,0.9999999999999993,-1.6653345369377348e-15,-3.3306690738754696e-16,8,4,0.125;0.125;0.125;0.125;0.125;0.125;0.125;0.125,0.25;0.25;0.25;0.25,0,0,0,0,0
none,15,4,petz,,0.9999999999999987,True,9.42055475210265e-16,0.9999999999999993,4,4.999999999999998e-13,256,512,2.220446049250313e-16,6.661338147750939e-16,1.000000000000001,1.0000000000000007,0.9999999999999996,-1.9984014443252818e-15,-8.881784197001252e-16,4,2,0.25;0.25;0.25;0.25,0.5;0.5,0,0,0,0,0
none,15,5,petz,,0.9999999999999991,True,4.710277376051325e-16,0.9999999999999997,2,7.071067811865474e-13,512,1024,4.965068306494546e-16,0.0,1.0000000000000013,1.0000000000000009,1.0,-1.7763568394002505e-15,-8.881784197001252e-16,2,1,0.5;0.5,1,0,0,0,0,0
none,16,1,petz,,0.9999999999999996,True,6.280369834735101e-16,0.9999999999999996,32,1.7677669529663682e-13,32,64,0.0,8.881784197001252e-16,1.000000000000001,1.0000000000000007,0.9999999999999993,-1.1102230246251565e-15,2.220446049250313e-16,32,16,0.03125;0.03125;0.03125;0.03125;0.03125;0.03125;0.03125;0.03125;0.03125;0.03125;0.03125;0.03125;0.03125;0.03125;0.03125;0.03125;0.03125;0.03125;0.03125;0.03125;0.03125;0.03125;0.03125;0.03125;0.03125;0.03125;0.03125;0.03125;0.03125;0.03125;0.03125;0.03125,0.0625;0.0625;0.0625;0.0625;0.0625;0.0625;0.0625;0.0625;0.0625;0.0625;0.0625;0.0625;0.0625;0.0625;0.0625;0.0625,0,0,0,0,0
none,16,2,petz,,0.9999999999999992,True,1.0990647210786425e-15,0.9999999999999992,16,2.499999999999999e-13,64,128,1.1102230246251565e-16,1.3322676295501878e-15,1.000000000000001,1.0000000000000007,0.9999999999999991,-1.4432899320127035e-15,1.1102230246251565e-16,16,8,0.0625;0.0625;0.0625;0.0625;0.0625;0.0625;0.0625;0.0625;0.0625;0.0625;0.0625;0.0625;0.0625;0.0625;0.0625;0.0625,0.125;0.125;0.125;0.125;0.125;0.125;0.125;0.125,0,0,0,0,0
none,16,3,petz,,0.999999999999999,True,7.850462293418876e-16,0.9999999999999994,8,3.535533905932737e-13,128,256,4.440892098500626e-16,8.881784197001252e-16,1.0000000000000009,1.0000000000000007,0.9999999999999993,-1.6653345369377348e-15,-3.3306690738754696e-16,8,4,0.125;0.125;0.125;0.125;0.125;0.125;0.125;0.125,0.25;0.25;0.25;0.25,0,0,0,0,0
none,16,4,petz,,0.9999999999999987,True,9.42055475210265e-16,0.9999999999999993,4,4.999999999999998e-13,256,512,2.220446049250313e-16,6.661338147750939e-16,1.000000000000001,1.0000000000000007,0.9999999999999996,-1.9984014443252818e-15,-8.881784197001252e-16,4,2,0.25;0.25;0.25;0.25,0.5;0.5,0,0,0,0,0
none,16,5,petz,,0.9999999999999991,True,4.710277376051325e-16,0.9999999999999997,2,7.071067811865474e-13,512,1024,4.965068306494546e-16,0.0,1.0000000000000013,1.0000000000000009,1.0,-1.7763568394002505e-15,-8.881784197001252e-16,2,1,0.5;0.5,1,0,0,0,0,0
none,17,1,petz,,0.9999999999999996,True,6.280369834735101e-16,0.9999999999999996,32,1.7677669529663682e-13,32,64,0.0,8.881784197001252e-16,1.000000000000001,1.0000000000000007,0.9999999999999993,-1.1102230246251565e-15,2.220446049250313e-16,32,16,0.03125;0.03125;0.03125;0.03125;0.03125;0.03125;0.03125;0.03125;0.03125;0.03125;0.03125;0.03125;0.03125;0.03125;0.03125;0.03125;0.03125;0.03125;0.03125;0.03125;0.03125;0.03125;0.03125;0.03125;0.03125;0.03125;0.03125;0.03125;0.03125;0.03125;0.03125;0.03125,0.0625;0.0625;0.0625;0.0625;0.0625;0.0625;0.0625;0.0625;0.0625;0.0625;0.0625;0.0625;0.0625;0.0625;0.0625;0.0625,0,0,0,0,0
none,17,2,petz,,0.9999999999999992,True,1.0990647210786425e-15,0.9999999999999992,16,2.499999999999999e-13,64,128,1.1102230246251565e-16,1.3322676295501878e-15,1.000000000000001,1.0000000000000007,0.9999999999999991,-1.4432899320127035e-15,1.1102230246251565e-16,16,8,0.0625;0.0625;0.0625;0.0625;0.0625;0.0625;0.0625;0.0625;0.0625;0.0625;0.0625;0.0625;0.0625;0.0625;0.0625;0.0625,0.125;0.125;0.125;0.125;0.125;0.125;0.125;0.125,0,0,0,0,0
none,17,3,petz,,0.999999999999999,True,7.850462293418876e-16,0.9999999999999994,8,3.535533905932737e-13,128,256,4.440892098500626e-16,8.881784197001252e-16,1.0000000000000009,1.0000000000000007,0.9999999999999993,-1.6653345369377348e-15,-3.3306690738754696e-16,8,4,0.125;0.125;0.125;0.125;0.125;0.125;0.125;0.125,0.25;0.25;0.25;0.25,0,0,0,0,0
none,17,4,petz,,0.9999999999999987,True,9.42055475210265e-16,0.9999999999999993,4,4.999999999999998e-13,256,512,2.220446049250313e-16,6.661338147750939e-16,1.000000000000001,1.0000000000000007,0.9999999999999996,-1.9984014443252818e-15,-8.881784197001252e-16,4,2,0.25;0.25;0.25;0.25,0.5;0.5,0,0,0,0,0
none,17,5,petz,,0.9999999999999991,True,4.710277376051325e-16,0.9999999999999997,2,7.071067811865474e-13,512,1024,4.965068306494546e-16,0.0,1.0000000000000013,1.0000000000000009,1.0,-1.7763568394002505e-15,-8.881784197001252e-16,2,1,0.5;0.5,1,0,0,0,0,0
none,18,1,petz,,0.9999999999999996,True,6.280369834735101e-16,0.9999999999999996,32,1.7677669529663682e-13,32,64,0.0,8.881784197001252e-16,1.000000000000001,1.0000000000000007,0.9999999999999993,-1.1102230246251565e-15,2.220446049250313e-16,32,16,0.03125;0.03125;0.03125;0.03125;0.03125;0.03125;0.03125;0.03125;0.03125;0.03125;0.03125;0.03125;0.03125;0.03125;0.03125;0.03125;0.03125;0.03125;0.03125;0.03125;0.03125;0.03125;0.03125;0.03125;0.03125;0.03125;0.03125;0.03125;0.03125;0.03125;0.03125;0.03125,0.0625;0.0625;0.0625;0.0625;0.0625;0.0625;0.0625;0.0625;0.0625;0.0625;0.0625;0.0625;0.0625;0.0625;0.0625;0.0625,0,0,0,0,0
none,18,2,petz,,0.9999999999999992,True,1.0990647210786425e-15,0.9999999999999992,16,2.499999999999999e-13,64,128,1.1102230246251565e-16,1.3322676295501878e-15,1.000000000000001,1.0000000000000007,0.9999999999999991,-1.4432899320127035e-15,1.1102230246251565e-16,16,8,0.0625;0.0625;0.0625;0.0625;0.0625;0.0625;0.0625;0.0625;0.0625;0.0625;0.0625;0.0625;0.0625;0.0625;0.0625;0.0625,0.125;0.125;0.125;0.125;0.125;0.125;0.125;0.125,0,0,0,0,0
none,18,3,petz,,0.999999999999999,True,7.850462293418876e-16,0.9999999999999994,8,3.535533905932737e-13,128,256,4.440892098500626e-16,8.881784197001252e-16,1.0000000000000009,1.0000000000000007,0.9999999999999993,-1.6653345369377348e-15,-3.3306690738754696e-16,8,4,0.125;0.125;0.125;0.125;0.125;0.125;0.125;0.125,0.25;0.25;0.25;0.25,0,0,0,0,0
none,18,4,petz,,0.9999999999999987,True,9.42055475210265e-16,0.9999999999999993,4,4.999999999999998e-13,256,512,2.220446049250313e-16,6.661338147750939e-16,1.000000000000001,1.0000000000000007,0.9999999999999996,-1.9984014443252818e-15,-8.881784197001252e-16,4,2,0.25;0.25;0.25;0.25,0.5;0.5,0,0,0,0,0
none,18,5,petz,,0.9999999999999991,True,4.710277376051325e-16,0.9999999999999997,2,7.071067811865474e-13,512,1024,4.965068306494546e-16,0.0,1.0000000000000013,1.0000000000000009,1.0,-1.7763568394002505e-15,-8.881784197001252e-16,2,1,0.5;0.5,1,0,0,0,0,0
none,19,1,petz,,0.9999999999999996,True,6.280369834735101e-16,0.9999999999999996,32,1.7677669529663682e-13,32,64,0.0,8.881784197001252e-16,1.000000000000001,1.0000000000000007,0.9999999999999993,-1.1102230246251565e-15,2.220446049250313e-16,32,16,0.03125;0.03125;0.03125;0.03125;0.03125;0.03125;0.03125;0.03125;0.03125;0.03125;0.03125;0.03125;0.03125;0.03125;0.03125;0.03125;0.03125;0.03125;0.03125;0.03125;0.03125;0.03125;0.03125;0.03125;0.03125;0.03125;0.03125;0.03125;0.03125;0.03125;0.03125;0.03125,0.0625;0.0625;0.0625;0.0625;0.0625;0.0625;0.0625;0.0625;0.0625;0.0625;0.0625;0.0625;0.0625;0.0625;0.0625;0.0625,0,0,0,0,0
none,19,2,petz,,0.9999999999999992,True,1.0990647210786425e-15,0.9999999999999992,16,2.499999999999999e-13,64,128,1.1102230246251565e-16,1.3322676295501878e-15,1.000000000000001,1.0000000000000007,0.9999999999999991,-1.4432899320127035e-15,1.1102230246251565e-16,16,8,0.0625;0.0625;0.0625;0.0625;0.0625;0.0625;0.0625;0.0625;0.0625;0.0625;0.0625;0.0625;0.0625;0.0625;0.0625;0.0625,0.125;0.125;0.125;0.125;0.125;0.125;0.125;0.125,0,0,0,0,0
none,19,3,petz,,0.999999999999999,True,7.850462293418876e-16,0.9999999999999994,8,3.535533905932737e-13,128,256,4.440892098500626e-16,8.881784197001252e-16,1.0000000000000009,1.0000000000000007,0.9999999999999993,-1.6653345369377348e-15,-3.3306690738754696e-16,8,4,0.125;0.125;0.125;0.125;0.125;0.125;0.125;0.125,0.25;0.25;0.25;0.25,0,0,0,0,0
none,19,4,petz,,0.9999999999999987,True,9.42055475210265e-16,0.9999999999999993,4,4.999999999999998e-13,256,512,2.220446049250313e-16,6.661338147750939e-16,1.000000000000001,1.0000000000000007,0.9999999999999996,-1.9984014443252818e-15,-8.881784197001252e-16,4,2,0.25;0.25;0.25;0.25,0.5;0.5,0,0,0,0,0
none,19,5,petz,,0.9999999999999991,True,4.710277376051325e-16,0.9999999999999997,2,7.071067811865474e-13,512,1024,4.965068306494546e-16,0.0,1.0000000000000013,1.0000000000000009,1.0,-1.7763568394002505e-15,-8.881784197001252e-16,2,1,0.5;0.5,1,0,0,0,0,0
none,20,1,petz,,0.9999999999999996,True,6.280369834735101e-16,0.9999999999999996,32,1.7677669529663682e-13,32,64,0.0,8.881784197001252e-16,1.000000000000001,1.0000000000000007,0.9999999999999993,-1.1102230246251565e-15,2.220446049250313e-16,32,16,0.03125;0.03125;0.03125;0.03125;0.03125;0.03125;0.03125;0.03125;0.03125;0.03125;0.03125;0.03125;0.03125;0.03125;0.03125;0.03125;0.03125;0.03125;0.03125;0.03125;0.03125;0.03125;0.03125;0.03125;0.03125;0.03125;0.03125;0.03125;0.03125;0.03125;0.03125;0.03125,0.0625;0.0625;0.0625;0.0625;0.0625;0.0625;0.0625;0.0625;0.0625;0.0625;0.0625;0.0625;0.0625;0.0625;0.0625;0.0625,0,0,0,0,0
none,20,2,petz,,0.9999999999999992,True,1.0990647210786425e-15,0.9999999999999992,16,2.499999999999999e-13,64,128,1.1102230246251565e-16,1.3322676295501878e-15,1.000000000000001,1.0000000000000007,0.9999999999999991,-1.4432899320127035e-15,1.1102230246251565e-16,16,8,0.0625;0.0625;0.0625;0.0625;0.0625;0.0625;0.0625;0.0625;0.0625;0.0625;0.0625;0.0625;0.0625;0.0625;0.0625;0.0625,0.125;0.125;0.125;0.125;0.125;0.125;0.125;0.125,0,0,0,0,0
none,20,3,petz,,0.999999999999999,True,7.850462293418876e-16,0.9999999999999994,8,3.535533905932737e-13,128,256,4.440892098500626e-16,8.881784197001252e-16,1.0000000000000009,1.0000000000000007,0.9999999999999993,-1.6653345369377348e-15,-3.3306690738754696e-16,8,4,0.125;0.125;0.125;0.125;0.125;0.125;0.125;0.125,0.25;0.25;0.25;0.25,0,0,0,0,0
none,20,4,petz,,0.9999999999999987,True,9.42055475210265e-16,0.9999999999999993,4,4.999999999999998e-13,256,512,2.220446049250313e-16,6.661338147750939e-16,1.000000000000001,1.0000000000000007,0.9999999999999996,-1.9984014443252818e-15,-8.881784197001252e-16,4,2,0.25;0.25;0.25;0.25,0.5;0.5,0,0,0,0,0
none,20,5,petz,,0.9999999999999991,True,4.710277376051325e-16,0.9999999999999997,2,7.071067811865474e-13,512,1024,4.965068306494546e-16,0.0,1.0000000000000013,1.0000000000000009,1.0,-1.7763568394002505e-15,-8.881784197001252e-16,2,1,0.5;0.5,1,0,0,0,0,0
none,21,1,petz,,0.9999999999999996,True,6.280369834735101e-16,0.9999999999999996,32,1.7677669529663682e-13,32,64,0.0,8.881784197001252e-16,1.000000000000001,1.0000000000000007,0.9999999999999993,-1.1102230246251565e-15,2.220446049250313e-16,32,16,0.03125;0.03125;0.03125;0.03125;0.03125;0.03125;0.03125;0.03125;0.03125;0.03125;0.03125;0.03125;0.03125;0.03125;0.03125;0.03125;0.03125;0.03125;0.03125;0.03125;0.03125;0.03125;0.03125;0.03125;0.03125;0.03125;0.03125;0.03125;0.03125;0.03125;0.03125;0.03125,0.0625;0.0625;0.0625;0.0625;0.0625;0.0625;0.0625;0.0625;0.0625;0.0625;0.0625;0.0625;0.0625;0.0625;0.0625;0.0625,0,0,0,0,0
none,21,2,petz,,0.9999999999999992,True,1.0990647210786425e-15,0.9999999999999992,16,2.499999999999999e-13,64,128,1.1102230246251565e-16,1.3322676295501878e-15,1.000000000000001,1.0000000000000007,0.9999999999999991,-1.4432899320127035e-15,1.1102230246251565e-16,16,8,0.0625;0.0625;0.0625;0.0625;0.0625;0.0625;0.0625;0.0625;0.0625;0.0625;0.0625;0.0625;0.0625;0.0625;0.0625;0.0625,0.125;0.125;0.125;0.125;0.125;0.125;0.125;0.125,0,0,0,0,0
none,21,3,petz,,0.999999999999999,True,7.850462293418876e-16,0.9999999999999994,8,3.535533905932737e-13,128,256,4.440892098500626e-16,8.881784197001252e-16,1.0000000000000009,1.0000000000000007,0.9999999999999993,-1.6653345369377348e-15,-3.3306690738754696e-16,8,4,0.125;0.125;0.125;0.125;0.125;0.125;0.125;0.125,0.25;0.25;0.25;0.25,0,0,0,0,0
none,21,4,petz,,0.9999999999999987,True,9.42055475210265e-16,0.9999999999999993,4,4.999999999999998e-13,256,512,2.220446049250313e-16,6.661338147750939e-16,1.000000000000001,1.0000000000000007,0.9999999999999996,-1.9984014443252818e-15,-8.881784197001252e-16,4,2,0.25;0.25;0.25;0.25,0.5;0.5,0,0,0,0,0
none,21,5,petz,,0.9999999999999991,True,4.710277376051325e-16,0.9999999999999997,2,7.071067811865474e-13,512,1024,4.965068306494546e-16,0.0,1.0000000000000013,1.0000000000000009,1.0,-1.7763568394002505e-15,-8.881784197001252e-16,2,1,0.5;0.5,1,0,0,0,0,0
none,22,1,petz,,0.9999999999999996,True,6.280369834735101e-16,0.9999999999999996,32,1.7677669529663682e-13,32,64,0.0,8.881784197001252e-16,1.000000000000001,1.0000000000000007,0.9999999999999993,-1.1102230246251565e-15,2.220446049250313e-16,32,16,0.03125;0.03125;0.03125;0.03125;0.03125;0.03125;0.03125;0.03125;0.03125;0.03125;0.03125;0.03125;0.03125;0.03125;0.03125;0.03125;0.03125;0.03125;0.03125;0.03125;0.03125;0.03125;0.03125;0.03125;0.03125;0.03125;0.03125;0.03125;0.03125;0.03125;0.03125;0.03125,0.0625;0.0625;0.0625;0.0625;0.0625;0.0625;0.0625;0.0625;0.0625;0.0625;0.0625;0.0625;0.0625;0.0625;0.0625;0.0625,0,0,0,0,0
none,22,2,petz,,0.9999999999999992,True,1.0990647210786425e-15,0.9999999999999992,16,2.499999999999999e-13,64,128,1.1102230246251565e-16,1.3322676295501878e-15,1.000000000000001,1.0000000000000007,0.9999999999999991,-1.4432899320127035e-15,1.1102230246251565e-16,16,8,0.0625;0.0625;0.0625;0.0625;0.0625;0.0625;0.0625;0.0625;0.0625;0.0625;0.0625;0.0625;0.0625;0.0625;0.0625;0.0625,0.125;0.125;0.125;0.125;0.125;0.125;0.125;0.125,0,0,0,0,0
none,22,3,petz,,0.999999999999999,True,7.850462293418876e-16,0.9999999999999994,8,3.535533905932737e-13,128,256,4.440892098500626e-16,8.881784197001252e-16,1.0000000000000009,1.0000000000000007,0.9999999999999993,-1.6653345369377348e-15,-3.3306690738754696e-16,8,4,0.125;0.125;0.125;0.125;0.125;0.125;0.125;0.125,0.25;0.25;0.25;0.25,0,0,0,0,0
none,22,4,petz,,0.9999999999999987,True,9.42055475210265e-16,0.9999999999999993,4,4.999999999999998e-13,256,512,2.220446049250313e-16,6.661338147750939e-16,1.000000000000001,1.0000000000000007,0.9999999999999996,-1.9984014443252818e-15,-8.881784197001252e-16,4,2,0.25;0.25;0.25;0.25,0.5;0.5,0,0,0,0,0
none,22,5,petz,,0.9999999999999991,True,4.710277376051325e-16,0.9999999999999997,2,7.071067811865474e-13,512,1024,4.965068306494546e-16,0.0,1.0000000000000013,1.0000000000000009,1.0,-1.7763568394002505e-15,-8.881784197001252e-16,2,1,0.5;0.5,1,0,0,0,0,0
none,23,1,petz,,0.9999999999999996,True,6.280369834735101e-16,0.9999999999999996,32,1.7677669529663682e-13,32,64,0.0,8.881784197001252e-16,1.000000000000001,1.0000000000000007,0.9999999999999993,-1.1102230246251565e-15,2.220446049250313e-16,32,16,0.03125;0.03125;0.03125;0.03125;0.03125;0.03125;0.03125;0.03125;0.03125;0.03125;0.03125;0.03125;0.03125;0.03125;0.03125;0.03125;0.03125;0.03125;0.03125;0.03125;0.03125;0.03125;0.03125;0.03125;0.03125;0.03125;0.03125;0.03125;0.03125;0.03125;0.03125;0.03125,0.0625;0.0625;0.0625;0.0625;0.0625;0.0625;0.0625;0.0625;0.0625;0.0625;0.0625;0.0625;0.0625;0.0625;0.0625;0.0625,0,0,0,0,0
none,23,2,petz,,0.9999999999999992,True,1.0990647210786425e-15,0.9999999999999992,16,2.499999999999999e-13,64,128,1.1102230246251565e-16,1.3322676295501878e-15,1.000000000000001,1.0000000000000007,0.9999999999999991,-1.4432899320127035e-15,1.1102230246251565e-16,16,8,0.0625;0.0625;0.0625;0.0625;0.0625;0.0625;0.0625;0.0625;0.0625;0.0625;0.0625;0.0625;0.0625;0.0625;0.0625;0.0625,0.125;0.125;0.125;0.125;0.125;0.125;0.125;0.125,0,0,0,0,0
none,23,3,petz,,0.999999999999999,True,7.850462293418876e-16,0.9999999999999994,8,3.535533905932737e-13,128,256,4.440892098500626e-16,8.881784197001252e-16,1.0000000000000009,1.0000000000000007,0.9999999999999993,-1.6653345369377348e-15,-3.3306690738754696e-16,8,4,0.125;0.125;0.125;0.125;0.125;0.125;0.125;0.125,0.25;0.25;0.25;0.25,0,0,0,0,0
none,23,4,petz,,0.9999999999999987,True,9.42055475210265e-16,0.9999999999999993,4,4.999999999999998e-13,256,512,2.220446049250313e-16,6.661338147750939e-16,1.000000000000001,1.0000000000000007,0.9999999999999996,-1.9984014443252818e-15,-8.881784197001252e-16,4,2,0.25;0.25;0.25;0.25,0.5;0.5,0,0,0,0,0
none,23,5,petz,,0.9999999999999991,True,4.710277376051325e-16,0.9999999999999997,2,7.071067811865474e-13,512,1024,4.965068306494546e-16,0.0,1.0000000000000013,1.0000000000000009,1.0,-1.7763568394002505e-15,-8.881784197001252e-16,2,1,0.5;0.5,1,0,0,0,0,0
none,24,1,petz,,0.9999999999999996,True,6.280369834735101e-16,0.9999999999999996,32,1.7677669529663682e-13,32,64,0.0,8.881784197001252e-16,1.000000000000001,1.0000000000000007,0.9999999999999993,-1.1102230246251565e-15,2.220446049250313e-16,32,16,0.03125;0.03125;0.03125;0.03125;0.03125;0.03125;0.03125;0.03125;0.03125;0.03125;0.03125;0.03125;0.03125;0.03125;0.03125;0.03125;0.03125;0.03125;0.03125;0.03125;0.03125;0.03125;0.03125;0.03125;0.03125;0.03125;0.03125;0.03125;0.03125;0.03125;0.03125;0.03125,0.0625;0.0625;0.0625;0.0625;0.0625;0.0625;0.0625;0.0625;0.0625;0.0625;0.0625;0.0625;0.0625;0.0625;0.0625;0.0625,0,0,0,0,0
none,24,2,petz,,0.9999999999999992,True,1.0990647210786425e-15,0.9999999999999992,16,2.499999999999999e-13,64,128,1.1102230246251565e-16,1.3322676295501878e-15,1.000000000000001,1.0000000000000007,0.9999999999999991,-1.4432899320127035e-15,1.1102230246251565e-16,16,8,0.0625;0.0625;0.0625;0.0625;0.0625;0.0625;0.0625;0.0625;0.0625;0.0625;0.0625;0.0625;0.0625;0.0625;0.0625;0.0625,0.125;0.125;0.125;0.125;0.125;0.125;0.125;0.125,0,0,0,0,0
none,24,3,petz,,0.999999999999999,True,7.850462293418876e-16,0.9999999999999994,8,3.535533905932737e-13,128,256,4.440892098500626e-16,8.881784197001252e-16,1.0000000000000009,1.0000000000000007,0.9999999999999993,-1.6653345369377348e-15,-3.3306690738754696e-16,8,4,0.125;0.125;0.125;0.125;0.125;0.125;0.125;0.125,0.25;0.25;0.25;0.25,0,0,0,0,0
none,24,4,petz,,0.9999999999999987,True,9.42055475210265e-16,0.9999999999999993,4,4.999999999999998e-13,256,512,2.220446049250313e-16,6.661338147750939e-16,1.000000000000001,1.0000000000000007,0.9999999999999996,-1.9984014443252818e-15,-8.881784197001252e-16,4,2,0.25;0.25;0.25;0.25,0.5;0.5,0,0,0,0,0
none,24,5,petz,,0.9999999999999991,True,4.710277376051325e-16,0.9999999999999997,2,7.071067811865474e-13,512,1024,4.965068306494546e-16,0.0,1.0000000000000013,1.0000000000000009,1.0,-1.7763568394002505e-15,-8.881784197001252e-16,2,1,0.5;0.5,1,0,0,0,0,0
none,25,1,petz,,0.9999999999999996,True,6.280369834735101e-16,0.9999999999999996,32,1.7677669529663682e-13,32,64,0.0,8.881784197001252e-16,1.000000000000001,1.0000000000000007,0.9999999999999993,-1.1102230246251565e-15,2.220446049250313e-16,32,16,0.03125;0.03125;0.03125;0.03125;0.03125;0.03125;0.03125;0.03125;0.03125;0.03125;0.03125;0.03125;0.03125;0.03125;0.03125;0.03125;0.03125;0.03125;0.03125;0.03125;0.03125;0.03125;0.03125;0.03125;0.03125;0.03125;0.03125;0.03125;0.03125;0.03125;0.03125;0.03125,0.0625;0.0625;0.0625;0.0625;0.0625;0.0625;0.0625;0.0625;0.0625;0.0625;0.0625;0.0625;0.0625;0.0625;0.0625;0.0625,0,0,0,0,0
none,25,2,petz,,0.9999999999999992,True,1.0990647210786425e-15,0.9999999999999992,16,2.499999999999999e-13,64,128,1.1102230246251565e-16,1.3322676295501878e-15,1.000000000000001,1.0000000000000007,0.9999999999999991,-1.4432899320127035e-15,1.1102230246251565e-16,16,8,0.0625;0.0625;0.0625;0.0625;0.0625;0.0625;0.0625;0.0625;0.0625;0.0625;0.0625;0.0625;0.0625;0.0625;0.0625;0.0625,0.125;0.125;0.125;0.125;0.125;0.125;0.125;0.125,0,0,0,0,0
none,25,3,petz,,0.999999999999999,True,7.850462293418876e-16,0.9999999999999994,8,3.535533905932737e-13,128,256,4.440892098500626e-16,8.881784197001252e-16,1.0000000000000009,1.0000000000000007,0.9999999999999993,-1.6653345369377348e-15,-3.3306690738754696e-16,8,4,0.125;0.125;0.125;0.125;0.125;0.125;0.125;0.125,0.25;0.25;0.25;0.25,0,0,0,0,0
none,25,4,petz,,0.9999999999999987,True,9.42055475210265e-16,0.9999999999999993,4,4.999999999999998e-13,256,512,2.220446049250313e-16,6.661338147750939e-16,1.000000000000001,1.0000000000000007,0.9999999999999996,-1.9984014443252818e-15,-8.881784197001252e-16,4,2,0.25;0.25;0.25;0.25,0.5;0.5,0,0,0,0,0
none,25,5,petz,,0.9999999999999991,True,4.710277376051325e-16,0.9999999999999997,2,7.071067811865474e-13,512,1024,4.965068306494546e-16,0.0,1.0000000000000013,1.0000000000000009,1.0,-1.7763568394002505e-15,-8.881784197001252e-16,2,1,0.5;0.5,1,0,0,0,0,0
none,26,1,petz,,0.9999999999999996,True,6.280369834735101e-16,0.9999999999999996,32,1.7677669529663682e-13,32,64,0.0,8.881784197001252e-16,1.000000000000001,1.0000000000000007,0.9999999999999993,-1.1102230246251565e-15,2.220446049250313e-16,32,16,0.03125;0.03125;0.03125;0.03125;0.03125;0.03125;0.03125;0.03125;0.03125;0.03125;0.03125;0.03125;0.03125;0.03125;0.03125;0.03125;0.03125;0.03125;0.03125;0.03125;0.03125;0.03125;0.03125;0.03125;0.03125;0.03125;0.03125;0.03125;0.03125;0.03125;0.03125;0.03125,0.0625;0.0625;0.0625;0.0625;0.0625;0.0625;0.0625;0.0625;0.0625;0.0625;0.0625;0.0625;0.0625;0.0625;0.0625;0.0625,0,0,0,0,0
none,26,2,petz,,0.9999999999999992,True,1.0990647210786425e-15,0.9999999999999992,16,2.499999999999999e-13,64,128,1.1102230246251565e-16,1.3322676295501878e-15,1.000000000000001,1.0000000000000007,0.9999999999999991,-1.4432899320127035e-15,1.1102230246251565e-16,16,8,0.0625;0.0625;0.0625;0.0625;0.0625;0.0625;0.0625;0.0625;0.0625;0.0625;0.0625;0.0625;0.0625;0.0625;0.0625;0.0625,0.125;0.125;0.125;0.125;0.125;0.125;0.125;0.125,0,0,0,0,0
none,26,3,petz,,0.999999999999999,True,7.850462293418876e-16,0.9999999999999994,8,3.535533905932737e-13,128,256,4.440892098500626e-16,8.881784197001252e-16,1.0000000000000009,1.0000000000000007,0.9999999999999993,-1.6653345369377348e-15,-3.3306690738754696e-16,8,4,0.125;0.125;0.125;0.125;0.125;0.125;0.125;0.125,0.25;0.25;0.25;0.25,0,0,0,0,0
none,26,4,petz,,0.9999999999999987,True,9.42055475210265e-16,0.9999999999999993,4,4.999999999999998e-13,256,512,2.220446049250313e-16,6.661338147750939e-16,1.000000000000001,1.0000000000000007,0.9999999999999996,-1.9984014443252818e-15,-8.881784197001252e-16,4,2,0.25;0.25;0.25;0.25,0.5;0.5,0,0,0,0,0
none,26,5,petz,,0.9999999999999991,True,4.710277376051325e-16,0.9999999999999997,2,7.071067811865474e-13,512,1024,4.965068306494546e-16,0.0,1.0000000000000013,1.0000000000000009,1.0,-1.7763568394002505e-15,-8.881784197001252e-16,2,1,0.5;0.5,1,0,0,0,0,0
none,27,1,petz,,0.9999999999999996,True,6.280369834735101e-16,0.9999999999999996,32,1.7677669529663682e-13,32,64,0.0,8.881784197001252e-16,1.000000000000001,1.0000000000000007,0.9999999999999993,-1.1102230246251565e-15,2.220446049250313e-16,32,16,0.03125;0.03125;0.03125;0.03125;0.03125;0.03125;0.03125;0.03125;0.03125;0.03125;0.03125;0.03125;0.03125;0.03125;0.03125;0.03125;0.03125;0.03125;0.03125;0.03125;0.03125;0.03125;0.03125;0.03125;0.03125;0.03125;0.03125;0.03125;0.03125;0.03125;0.03125;0.03125,0.0625;0.0625;0.0625;0.0625;0.0625;0.0625;0.0625;0.0625;0.0625;0.0625;0.0625;0.0625;0.0625;0.0625;0.0625;0.0625,0,0,0,0,0
none,27,2,petz,,0.9999999999999992,True,1.0990647210786425e-15,0.9999999999999992,16,2.499999999999999e-13,64,128,1.1102230246251565e-16,1.3322676295501878e-15,1.000000000000001,1.0000000000000007,0.9999999999999991,-1.4432899320127035e-15,1.1102230246251565e-16,16,8,0.0625;0.0625;0.0625;0.0625;0.0625;0.0625;0.0625;0.0625;0.0625;0.0625;0.0625;0.0625;0.0625;0.0625;0.0625;0.0625,0.125;0.125;0.125;0.125;0.125;0.125;0.125;0.125,0,0,0,0,0
none,27,3,petz,,0.999999999999999,True,7.850462293418876e-16,0.9999999999999994,8,3.535533905932737e-13,128,256,4.440892098500626e-16,8.881784197001252e-16,1.0000000000000009,1.0000000000000007,0.9999999999999993,-1.6653345369377348e-15,-3.3306690738754696e-16,8,4,0.125;0.125;0.125;0.125;0.125;0.125;0.125;0.125,0.25;0.25;0.25;0.25,0,0,0,0,0
none,27,4,petz,,0.9999999999999987,True,9.42055475210265e-16,0.9999999999999993,4,4.999999999999998e-13,256,512,2.220446049250313e-16,6.661338147750939e-16,1.000000000000001,1.0000000000000007,0.9999999999999996,-1.9984014443252818e-15,-8.881784197001252e-16,4,2,0.25;0.25;0.25;0.25,0.5;0.5,0,0,0,0,0
none,27,5,petz,,0.9999999999999991,True,4.710277376051325e-16,0.9999999999999997,2,7.071067811865474e-13,512,1024,4.965068306494546e-16,0.0,1.0000000000000013,1.0000000000000009,1.0,-1.7763568394002505e-15,-8.881784197001252e-16,2,1,0.5;0.5,1,0,0,0,0,0
none,28,1,petz,,0.9999999999999996,True,6.280369834735101e-16,0.9999999999999996,32,1.7677669529663682e-13,32,64,0.0,8.881784197001252e-16,1.000000000000001,1.0000000000000007,0.9999999999999993,-1.1102230246251565e-15,2.220446049250313e-16,32,16,0.03125;0.03125;0.03125;0.03125;0.03125;0.03125;0.03125;0.03125;0.03125;0.03125;0.03125;0.03125;0.03125;0.03125;0.03125;0.03125;0.03125;0.03125;0.03125;0.03125;0.03125;0.03125;0.03125;0.03125;0.03125;0.03125;0.03125;0.03125;0.03125;0.03125;0.03125;0.03125,0.0625;0.0625;0.0625;0.0625;0.0625;0.0625;0.0625;0.0625;0.0625;0.0625;0.0625;0.0625;0.0625;0.0625;0.0625;0.0625,0,0,0,0,0
none,28,2,petz,,0.9999999999999992,True,1.0990647210786425e-15,0.9999999999999992,16,2.499999999999999e-13,64,128,1.1102230246251565e-16,1.3322676295501878e-15,1.000000000000001,1.0000000000000007,0.9999999999999991,-1.4432899320127035e-15,1.1102230246251565e-16,16,8,0.0625;0.0625;0.0625;0.0625;0.0625;0.0625;0.0625;0.0625;0.0625;0.0625;0.0625;0.0625;0.0625;0.0625;0.0625;0.0625,0.125;0.125;0.125;0.125;0.125;0.125;0.125;0.125,0,0,0,0,0
none,28,3,petz,,0.999999999999999,True,7.850462293418876e-16,0.9999999999999994,8,3.535533905932737e-13,128,256,4.440892098500626e-16,8.881784197001252e-16,1.0000000000000009,1.0000000000000007,0.9999999999999993,-1.6653345369377348e-15,-3.3306690738754696e-16,8,4,0.125;0.125;0.125;0.125;0.125;0.125;0.125;0.125,0.25;0.25;0.25;0.25,0,0,0,0,0
none,28,4,petz,,0.9999999999999987,True,9.42055475210265e-16,0.9999999999999993,4,4.999999999999998e-13,256,512,2.220446049250313e-16,6.661338147750939e-16,1.000000000000001,1.0000000000000007,0.9999999999999996,-1.9984014443252818e-15,-8.881784197001252e-16,4,2,0.25;0.25;0.25;0.25,0.5;0.5,0,0,0,0,0
none,28,5,petz,,0.9999999999999991,True,4.710277376051325e-16,0.9999999999999997,2,7.071067811865474e-13,512,1024,4.965068306494546e-16,0.0,1.0000000000000013,1.0000000000000009,1.0,-1.7763568394002505e-15,-8.881784197001252e-16,2,1,0.5;0.5,1,0,0,0,0,0
none,29,1,petz,,0.9999999999999996,True,6.280369834735101e-16,0.9999999999999996,32,1.7677669529663682e-13,32,64,0.0,8.881784197001252e-16,1.000000000000001,1.0000000000000007,0.9999999999999993,-1.1102230246251565e-15,2.220446049250313e-16,32,16,0.03125;0.03125;0.03125;0.03125;0.03125;0.03125;0.03125;0.03125;0.03125;0.03125;0.03125;0.03125;0.03125;0.03125;0.03125;0.03125;0.03125;0.03125;0.03125;0.03125;0.03125;0.03125;0.03125;0.03125;0.03125;0.03125;0.03125;0.03125;0.03125;0.03125;0.03125;0.03125,0.0625;0.0625;0.0625;0.0625;0.0625;0.0625;0.0625;0.0625;0.0625;0.0625;0.0625;0.0625;0.0625;0.0625;0.0625;0.0625,0,0,0,0,0
none,29,2,petz,,0.9999999999999992,True,1.0990647210786425e-15,0.9999999999999992,16,2.499999999999999e-13,64,128,1.1102230246251565e-16,1.3322676295501878e-15,1.000000000000001,1.0000000000000007,0.9999999999999991,-1.4432899320127035e-15,1.1102230246251565e-16,16,8,0.0625;0.0625;0.0625;0.0625;0.0625;0.0625;0.0625;0.0625;0.0625;0.0625;0.0625;0.0625;0.0625;0.0625;0.0625;0.0625,0.125;0.125;0.125;0.125;0.125;0.125;0.125;0.125,0,0,0,0,0
none,29,3,petz,,0.999999999999999,True,7.850462293418876e-16,0.9999999999999994,8,3.535533905932737e-13,128,256,4.440892098500626e-16,8.881784197001252e-16,1.0000000000000009,1.0000000000000007,0.9999999999999993,-1.6653345369377348e-15,-3.3306690738754696e-16,8,4,0.125;0.125;0.125;0.125;0.125;0.125;0.125;0.125,0.25;0.25;0.25;0.25,0,0,0,0,0
none,29,4,petz,,0.9999999999999987,True,9.42055475210265e-16,0.9999999999999993,4,4.999999999999998e-13,256,512,2.220446049250313e-16,6.661338147750939e-16,1.000000000000001,1.0000000000000007,0.9999999999999996,-1.9984014443252818e-15,-8.881784197001252e-16,4,2,0.25;0.25;0.25;0.25,0.5;0.5,0,0,0,0,0
none,29,5,petz,,0.9999999999999991,True,4.710277376051325e-16,0.9999999999999997,2,7.071067811865474e-13,512,1024,4.965068306494546e-16,0.0,1.0000000000000013,1.0000000000000009,1.0,-1.7763568394002505e-15,-8.881784197001252e-16,2,1,0.5;0.5,1,0,0,0,0,0
none,30,1,petz,,0.9999999999999996,True,6.280369834735101e-16,0.9999999999999996,32,1.7677669529663682e-13,32,64,0.0,8.881784197001252e-16,1.000000000000001,1.0000000000000007,0.9999999999999993,-1.1102230246251565e-15,2.220446049250313e-16,32,16,0.03125;0.03125;0.03125;0.03125;0.03125;0.03125;0.03125;0.03125;0.03125;0.03125;0.03125;0.03125;0.03125;0.03125;0.03125;0.03125;0.03125;0.03125;0.03125;0.03125;0.03125;0.03125;0.03125;0.03125;0.03125;0.03125;0.03125;0.03125;0.03125;0.03125;0.03125;0.03125,0.0625;0.0625;0.0625;0.0625;0.0625;0.0625;0.0625;0.0625;0.0625;0.0625;0.0625;0.0625;0.0625;0.0625;0.0625;0.0625,0,0,0,0,0
none,30,2,petz,,0.9999999999999992,True,1.0990647210786425e-15,0.9999999999999992,16,2.499999999999999e-13,64,128,1.1102230246251565e-16,1.3322676295501878e-15,1.000000000000001,1.0000000000000007,0.9999999999999991,-1.4432899320127035e-15,1.1102230246251565e-16,16,8,0.0625;0.0625;0.0625;0.0625;0.0625;0.0625;0.0625;0.0625;0.0625;0.0625;0.0625;0.0625;0.0625;0.0625;0.0625;0.0625,0.125;0.125;0.125;0.125;0.125;0.125;0.125;0.125,0,0,0,0,0
none,30,3,petz,,0.999999999999999,True,7.850462293418876e-16,0.9999999999999994,8,3.535533905932737e-13,128,256,4.440892098500626e-16,8.881784197001252e-16,1.0000000000000009,1.0000000000000007,0.9999999999999993,-1.6653345369377348e-15,-3.3306690738754696e-16,8,4,0.125;0.125;0.125;0.125;0.125;0.125;0.125;0.125,0.25;0.25;0.25;0.25,0,0,0,0,0
none,30,4,petz,,0.9999999999999987,True,9.42055475210265e-16,0.9999999999999993,4,4.999999999999998e-13,256,512,2.220446049250313e-16,6.661338147750939e-16,1.000000000000001,1.0000000000000007,0.9999999999999996,-1.9984014443252818e-15,-8.881784197001252e-16,4,2,0.25;0.25;0.25;0.25,0.5;0.5,0,0,0,0,0
none,30,5,petz,,0.9999999999999991,True,4.710277376051325e-16,0.9999999999999997,2,7.071067811865474e-13,512,1024,4.965068306494546e-16,0.0,1.0000000000000013,1.0000000000000009,1.0,-1.7763568394002505e-15,-8.881784197001252e-16,2,1,0.5;0.5,1,0,0,0,0,0
none,31,1,petz,,0.9999999999999996,True,6.280369834735101e-16,0.9999999999999996,32,1.7677669529663682e-13,32,64,0.0,8.881784197001252e-16,1.000000000000001,1.0000000000000007,0.9999999999999993,-1.1102230246251565e-15,2.220446049250313e-16,32,16,0.03125;0.03125;0.03125;0.03125;0.03125;0.03125;0.03125;0.03125;0.03125;0.03125;0.03125;0.03125;0.03125;0.03125;0.03125;0.03125;0.03125;0.03125;0.03125;0.03125;0.03125;0.03125;0.03125;0.03125;0.03125;0.03125;0.03125;0.03125;0.03125;0.03125;0.03125;0.03125,0.0625;0.0625;0.0625;0.0625;0.0625;0.0625;0.0625;0.0625;0.0625;0.0625;0.0625;0.0625;0.0625;0.0625;0.0625;0.0625,0,0,0,0,0
none,31,2,petz,,0.9999999999999992,True,1.0990647210786425e-15,0.9999999999999992,16,2.499999999999999e-13,64,128,1.1102230246251565e-16,1.3322676295501878e-15,1.000000000000001,1.0000000000000007,0.9999999999999991,-1.4432899320127035e-15,1.1102230246251565e-16,16,8,0.0625;0.0625;0.0625;0.0625;0.0625;0.0625;0.0625;0.0625;0.0625;0.0625;0.0625;0.0625;0.0625;0.0625;0.0625;0.0625,0.125;0.125;0.125;0.125;0.125;0.125;0.125;0.125,0,0,0,0,0
none,31,3,petz,,0.999999999999999,True,7.850462293418876e-16,0.9999999999999994,8,3.535533905932737e-13,128,256,4.440892098500626e-16,8.881784197001252e-16,1.0000000000000009,1.0000000000000007,0.9999999999999993,-1.6653345369377348e-15,-3.3306690738754696e-16,8,4,0.125;0.125;0.125;0.125;0.125;0.125;0.125;0.125,0.25;0.25;0.25;0.25,0,0,0,0,0
none,31,4,petz,,0.9999999999999987,True,9.42055475210265e-16,0.9999999999999993,4,4.999999999999998e-13,256,512,2.220446049250313e-16,6.661338147750939e-16,1.000000000000001,1.0000000000000007,0.9999999999999996,-1.9984014443252818e-15,-8.881784197001252e-16,4,2,0.25;0.25;0.25;0.25,0.5;0.5,0,0,0,0,0
none,31,5,petz,,0.9999999999999991,True,4.710277376051325e-16,0.9999999999999997,2,7.071067811865474e-13,512,1024,4.965068306494546e-16,0.0,1.0000000000000013,1.0000000000000009,1.0,-1.7763568394002505e-15,-8.881784197001252e-16,2,1,0.5;0.5,1,0,0,0,0,0
none,32,1,petz,,0.9999999999999996,True,6.280369834735101e-16,0.9999999999999996,32,1.7677669529663682e-13,32,64,0.0,8.881784197001252e-16,1.000000000000001,1.0000000000000007,0.9999999999999993,-1.1102230246251565e-15,2.220446049250313e-16,32,16,0.03125;0.03125;0.03125;0.03125;0.03125;0.03125;0.03125;0.03125;0.03125;0.03125;0.03125;0.03125;0.03125;0.03125;0.03125;0.03125;0.03125;0.03125;0.03125;0.03125;0.03125;0.03125;0.03125;0.03125;0.03125;0.03125;0.03125;0.03125;0.03125;0.03125;0.03125;0.03125,0.0625;0.0625;0.0625;0.0625;0.0625;0.0625;0.0625;0.0625;0.0625;0.0625;0.0625;0.0625;0.0625;0.0625;0.0625;0.0625,0,0,0,0,0
none,32,2,petz,,0.9999999999999992,True,1.0990647210786425e-15,0.9999999999999992,16,2.499999999999999e-13,64,128,1.1102230246251565e-16,1.3322676295501878e-15,1.000000000000001,1.0000000000000007,0.9999999999999991,-1.4432899320127035e-15,1.1102230246251565e-16,16,8,0.0625;0.0625;0.0625;0.0625;0.0625;0.0625;0.0625;0.0625;0.0625;0.0625;0.0625;0.0625;0.0625;0.0625;0.0625;0.0625,0.125;0.125;0.125;0.125;0.125;0.125;0.125;0.125,0,0,0,0,0
none,32,3,petz,,0.999999999999999,True,7.850462293418876e-16,0.9999999999999994,8,3.535533905932737e-13,128,256,4.440892098500626e-16,8.881784197001252e-16,1.0000000000000009,1.0000000000000007,0.9999999999999993,-1.6653345369377348e-15,-3.3306690738754696e-16,8,4,0.125;0.125;0.125;0.125;0.125;0.125;0.125;0.125,0.25;0.25;0.25;0.25,0,0,0,0,0
none,32,4,petz,,0.9999999999999987,True,9.42055475210265e-16,0.9999999999999993,4,4.999999999999998e-13,256,512,2.220446049250313e-16,6.661338147750939e-16,1.000000000000001,1.0000000000000007,0.9999999999999996,-1.9984014443252818e-15,-8.881784197001252e-16,4,2,0.25;0.25;0.25;0.25,0.5;0.5,0,0,0,0,0
none,32,5,petz,,0.9999999999999991,True,4.710277376051325e-16,0.9999999999999997,2,7.071067811865474e-13,512,1024,4.965068306494546e-16,0.0,1.0000000000000013,1.0000000000000009,1.0,-1.7763568394002505e-15,-8.881784197001252e-16,2,1,0.5;0.5,1,0,0,0,0,0
none,33,1,petz,,0.9999999999999996,True,6.280369834735101e-16,0.9999999999999996,32,1.7677669529663682e-13,32,64,0.0,8.881784197001252e-16,1.000000000000001,1.0000000000000007,0.9999999999999993,-1.1102230246251565e-15,2.220446049250313e-16,32,16,0.03125;0.03125;0.03125;0.03125;0.03125;0.03125;0.03125;0.03125;0.03125;0.03125;0.03125;0.03125;0.03125;0.03125;0.03125;0.03125;0.03125;0.03125;0.03125;0.03125;0.03125;0.03125;0.03125;0.03125;0.03125;0.03125;0.03125;0.03125;0.03125;0.03125;0.03125;0.03125,0.0625;0.0625;0.0625;0.0625;0.0625;0.0625;0.0625;0.0625;0.0625;0.0625;0.0625;0.0625;0.0625;0.0625;0.0625;0.0625,0,0,0,0,0
none,33,2,petz,,0.9999999999999992,True,1.0990647210786425e-15,0.9999999999999992,16,2.499999999999999e-13,64,128,1.1102230246251565e-16,1.3322676295501878e-15,1.000000000000001,1.0000000000000007,0.9999999999999991,-1.4432899320127035e-15,1.1102230246251565e-16,16,8,0.0625;0.0625;0.0625;0.0625;0.0625;0.0625;0.0625;0.0625;0.0625;0.0625;0.0625;0.0625;0.0625;0.0625;0.0625;0.0625,0.125;0.125;0.125;0.125;0.125;0.125;0.125;0.125,0,0,0,0,0
none,33,3,petz,,0.999999999999999,True,7.850462293418876e-16,0.9999999999999994,8,3.535533905932737e-13,128,256,4.440892098500626e-16,8.881784197001252e-16,1.0000000000000009,1.0000000000000007,0.9999999999999993,-1.6653345369377348e-15,-3.3306690738754696e-16,8,4,0.125;0.125;0.125;0.125;0.125;0.125;0.125;0.125,0.25;0.25;0.25;0.25,0,0,0,0,0
none,33,4,petz,,0.9999999999999987,True,9.42055475210265e-16,0.9999999999999993,4,4.999999999999998e-13,256,512,2.220446049250313e-16,6.661338147750939e-16,1.000000000000001,1.0000000000000007,0.9999999999999996,-1.9984014443252818e-15,-8.881784197001252e-16,4,2,0.25;0.25;0.25;0.25,0.5;0.5,0,0,0,0,0
none,33,5,petz,,0.9999999999999991,True,4.710277376051325e-16,0.9999999999999997,2,7.071067811865474e-13,512,1024,4.965068306494546e-16,0.0,1.0000000000000013,1.0000000000000009,1.0,-1.7763568394002505e-15,-8.881784197001252e-16,2,1,0.5;0.5,1,0,0,0,0,0
none,34,1,petz,,0.9999999999999996,True,6.280369834735101e-16,0.9999999999999996,32,1.7677669529663682e-13,32,64,0.0,8.881784197001252e-16,1.000000000000001,1.0000000000000007,0.9999999999999993,-1.1102230246251565e-15,2.220446049250313e-16,32,16,0.03125;0.03125;0.03125;0.03125;0.03125;0.03125;0.03125;0.03125;0.03125;0.03125;0.03125;0.03125;0.03125;0.03125;0.03125;0.03125;0.03125;0.03125;0.03125;0.03125;0.03125;0.03125;0.03125;0.03125;0.03125;0.03125;0.03125;0.03125;0.03125;0.03125;0.03125;0.03125,0.0625;0.0625;0.0625;0.0625;0.0625;0.0625;0.0625;0.0625;0.0625;0.0625;0.0625;0.0625;0.0625;0.0625;0.0625;0.0625,0,0,0,0,0
none,34,2,petz,,0.9999999999999992,True,1.0990647210786425e-15,0.9999999999999992,16,2.499999999999999e-13,64,128,1.1102230246251565e-16,1.3322676295501878e-15,1.000000000000001,1.0000000000000007,0.9999999999999991,-1.4432899320127035e-15,1.1102230246251565e-16,16,8,0.0625;0.0625;0.0625;0.0625;0.0625;0.0625;0.0625;0.0625;0.0625;0.0625;0.0625;0.0625;0.0625;0.0625;0.0625;0.0625,0.125;0.125;0.125;0.125;0.125;0.125;0.125;0.125,0,0,0,0,0
none,34,3,petz,,0.999999999999999,True,7.850462293418876e-16,0.9999999999999994,8,3.535533905932737e-13,128,256,4.440892098500626e-16,8.881784197001252e-16,1.0000000000000009,1.0000000000000007,0.9999999999999993,-1.6653345369377348e-15,-3.3306690738754696e-16,8,4,0.125;0.125;0.125;0.125;0.125;0.125;0.125;0.125,0.25;0.25;0.25;0.25,0,0,0,0,0
none,34,4,petz,,0.9999999999999987,True,9.42055475210265e-16,0.9999999999999993,4,4.999999999999998e-13,256,512,2.220446049250313e-16,6.661338147750939e-16,1.000000000000001,1.0000000000000007,0.9999999999999996,-1.9984014443252818e-15,-8.881784197001252e-16,4,2,0.25;0.25;0.25;0.25,0.5;0.5,0,0,0,0,0
none,34,5,petz,,0.9999999999999991,True,4.710277376051325e-16,0.9999999999999997,2,7.071067811865474e-13,512,1024,4.965068306494546e-16,0.0,1.0000000000000013,1.0000000000000009,1.0,-1.7763568394002505e-15,-8.881784197001252e-16,2,1,0.5;0.5,1,0,0,0,0,0
none,35,1,petz,,0.9999999999999996,True,6.280369834735101e-16,0.9999999999999996,32,1.7677669529663682e-13,32,64,0.0,8.881784197001252e-16,1.000000000000001,1.0000000000000007,0.9999999999999993,-1.1102230246251565e-15,2.220446049250313e-16,32,16,0.03125;0.03125;0.03125;0.03125;0.03125;0.03125;0.03125;0.03125;0.03125;0.03125;0.03125;0.03125;0.03125;0.03125;0.03125;0.03125;0.03125;0.03125;0.03125;0.03125;0.03125;0.03125;0.03125;0.03125;0.03125;0.03125;0.03125;0.03125;0.03125;0.03125;0.03125;0.03125,0.0625;0.0625;0.0625;0.0625;0.0625;0.0625;0.0625;0.0625;0.0625;0.0625;0.0625;0.0625;0.0625;0.0625;0.0625;0.0625,0,0,0,0,0
none,35,2,petz,,0.9999999999999992,True,1.0990647210786425e-15,0.9999999999999992,16,2.499999999999999e-13,64,128,1.1102230246251565e-16,1.3322676295501878e-15,1.000000000000001,1.0000000000000007,0.9999999999999991,-1.4432899320127035e-15,1.1102230246251565e-16,16,8,0.0625;0.0625;0.0625;0.0625;0.0625;0.0625;0.0625;0.0625;0.0625;0.0625;0.0625;0.0625;0.0625;0.0625;0.0625;0.0625,0.125;0.125;0.125;0.125;0.125;0.125;0.125;0.125,0,0,0,0,0
none,35,3,petz,,0.999999999999999,True,7.850462293418876e-16,0.9999999999999994,8,3.535533905932737e-13,128,256,4.440892098500626e-16,8.881784197001252e-16,1.0000000000000009,1.0000000000000007,0.9999999999999993,-1.6653345369377348e-15,-3.3306690738754696e-16,8,4,0.125;0.125;0.125;0.125;0.125;0.125;0.125;0.125,0.25;0.25;0.25;0.25,0,0,0,0,0
none,35,4,petz,,0.9999999999999987,True,9.42055475210265e-16,0.9999999999999993,4,4.999999999999998e-13,256,512,2.220446049250313e-16,6.661338147750939e-16,1.000000000000001,1.0000000000000007,0.9999999999999996,-1.9984014443252818e-15,-8.881784197001252e-16,4,2,0.25;0.25;0.25;0.25,0.5;0.5,0,0,0,0,0
none,35,5,petz,,0.9999999999999991,True,4.710277376051325e-16,0.9999999999999997,2,7.071067811865474e-13,512,1024,4.965068306494546e-16,0.0,1.0000000000000013,1.0000000000000009,1.0,-1.7763568394002505e-15,-8.881784197001252e-16,2,1,0.5;0.5,1,0,0,0,0,0
none,36,1,petz,,0.9999999999999996,True,6.280369834735101e-16,0.9999999999999996,32,1.7677669529663682e-13,32,64,0.0,8.881784197001252e-16,1.000000000000001,1.0000000000000007,0.9999999999999993,-1.1102230246251565e-15,2.220446049250313e-16,32,16,0.03125;0.03125;0.03125;0.03125;0.03125;0.03125;0.03125;0.03125;0.03125;0.03125;0.03125;0.03125;0.03125;0.03125;0.03125;0.03125;0.03125;0.03125;0.03125;0.03125;0.03125;0.03125;0.03125;0.03125;0.03125;0.03125;0.03125;0.03125;0.03125;0.03125;0.03125;0.03125,0.0625;0.0625;0.0625;0.0625;0.0625;0.0625;0.0625;0.0625;0.0625;0.0625;0.0625;0.0625;0.0625;0.0625;0.0625;0.0625,0,0,0,0,0
none,36,2,petz,,0.9999999999999992,True,1.0990647210786425e-15,0.9999999999999992,16,2.499999999999999e-13,64,128,1.1102230246251565e-16,1.3322676295501878e-15,1.000000000000001,1.0000000000000007,0.9999999999999991,-1.4432899320127035e-15,1.1102230246251565e-16,16,8,0.0625;0.0625;0.0625;0.0625;0.0625;0.0625;0.0625;0.0625;0.0625;0.0625;0.0625;0.0625;0.0625;0.0625;0.0625;0.0625,0.125;0.125;0.125;0.125;0.125;0.125;0.125;0.125,0,0,0,0,0
none,36,3,petz,,0.999999999999999,True,7.850462293418876e-16,0.9999999999999994,8,3.535533905932737e-13,128,256,4.440892098500626e-16,8.881784197001252e-16,1.0000000000000009,1.0000000000000007,0.9999999999999993,-1.6653345369377348e-15,-3.3306690738754696e-16,8,4,0.125;0.125;0.125;0.125;0.125;0.125;0.125;0.125,0.25;0.25;0.25;0.25,0,0,0,0,0
none,36,4,petz,,0.9999999999999987,True,9.42055475210265e-16,0.9999999999999993,4,4.999999999999998e-13,256,512,2.220446049250313e-16,6.661338147750939e-16,1.000000000000001,1.0000000000000007,0.9999999999999996,-1.9984014443252818e-15,-8.881784197001252e-16,4,2,0.25;0.25;0.25;0.25,0.5;0.5,0,0,0,0,0
none,36,5,petz,,0.9999999999999991,True,4.710277376051325e-16,0.9999999999999997,2,7.071067811865474e-13,512,1024,4.965068306494546e-16,0.0,1.0000000000000013,1.0000000000000009,1.0,-1.7763568394002505e-15,-8.881784197001252e-16,2,1,0.5;0.5,1,0,0,0,0,0
none,37,1,petz,,0.9999999999999996,True,6.280369834735101e-16,0.9999999999999996,32,1.7677669529663682e-13,32,64,0.0,8.881784197001252e-16,1.000000000000001,1.0000000000000007,0.9999999999999993,-1.1102230246251565e-15,2.220446049250313e-16,32,16,0.03125;0.03125;0.03125;0.03125;0.03125;0.03125;0.03125;0.03125;0.03125;0.03125;0.03125;0.03125;0.03125;0.03125;0.03125;0.03125;0.03125;0.03125;0.03125;0.03125;0.03125;0.03125;0.03125;0.03125;0.03125;0.03125;0.03125;0.03125;0.03125;0.03125;0.03125;0.03125,0.0625;0.0625;0.0625;0.0625;0.0625;0.0625;0.0625;0.0625;0.0625;0.0625;0.0625;0.0625;0.0625;0.0625;0.0625;0.0625,0,0,0,0,0
none,37,2,petz,,0.9999999999999992,True,1.0990647210786425e-15,0.9999999999999992,16,2.499999999999999e-13,64,128,1.1102230246251565e-16,1.3322676295501878e-15,1.000000000000001,1.0000000000000007,0.9999999999999991,-1.4432899320127035e-15,1.1102230246251565e-16,16,8,0.0625;0.0625;0.0625;0.0625;0.0625;0.0625;0.0625;0.0625;0.0625;0.0625;0.0625;0.0625;0.0625;0.0625;0.0625;0.0625,0.125;0.125;0.125;0.125;0.125;0.125;0.125;0.125,0,0,0,0,0
none,37,3,petz,,0.999999999999999,True,7.850462293418876e-16,0.9999999999999994,8,3.535533905932737e-13,128,256,4.440892098500626e-16,8.881784197001252e-16,1.0000000000000009,1.0000000000000007,0.9999999999999993,-1.6653345369377348e-15,-3.3306690738754696e-16,8,4,0.125;0.125;0.125;0.125;0.125;0.125;0.125;0.125,0.25;0.25;0.25;0.25,0,0,0,0,0
none,37,4,petz,,0.9999999999999987,True,9.42055475210265e-16,0.9999999999999993,4,4.999999999999998e-13,256,512,2.220446049250313e-16,6.661338147750939e-16,1.000000000000001,1.0000000000000007,0.9999999999999996,-1.9984014443252818e-15,-8.881784197001252e-16,4,2,0.25;0.25;0.25;0.25,0.5;0.5,0,0,0,0,0
none,37,5,petz,,0.9999999999999991,True,4.710277376051325e-16,0.9999999999999997,2,7.071067811865474e-13,512,1024,4.965068306494546e-16,0.0,1.0000000000000013,1.0000000000000009,1.0,-1.7763568394002505e-15,-8.881784197001252e-16,2,1,0.5;0.5,1,0,0,0,0,0
none,38,1,petz,,0.9999999999999996,True,6.280369834735101e-16,0.9999999999999996,32,1.7677669529663682e-13,32,64,0.0,8.881784197001252e-16,1.000000000000001,1.0000000000000007,0.9999999999999993,-1.1102230246251565e-15,2.220446049250313e-16,32,16,0.03125;0.03125;0.03125;0.03125;0.03125;0.03125;0.03125;0.03125;0.03125;0.03125;0.03125;0.03125;0.03125;0.03125;0.03125;0.03125;0.03125;0.03125;0.03125;0.03125;0.03125;0.03125;0.03125;0.03125;0.03125;0.03125;0.03125;0.03125;0.03125;0.03125;0.03125;0.03125,0.0625;0.0625;0.0625;0.0625;0.0625;0.0625;0.0625;0.0625;0.0625;0.0625;0.0625;0.0625;0.0625;0.0625;0.0625;0.0625,0,0,0,0,0
none,38,2,petz,,0.9999999999999992,True,1.0990647210786425e-15,0.9999999999999992,16,2.499999999999999e-13,64,128,1.1102230246251565e-16,1.3322676295501878e-15,1.000000000000001,1.0000000000000007,0.9999999999999991,-1.4432899320127035e-15,1.1102230246251565e-16,16,8,0.0625;0.0625;0.0625;0.0625;0.0625;0.0625;0.0625;0.0625;0.0625;0.0625;0.0625;0.0625;0.0625;0.0625;0.0625;0.0625,0.125;0.125;0.125;0.125;0.125;0.125;0.125;0.125,0,0,0,0,0
none,38,3,petz,,0.999999999999999,True,7.850462293418876e-16,0.9999999999999994,8,3.535533905932737e-13,128,256,4.440892098500626e-16,8.881784197001252e-16,1.0000000000000009,1.0000000000000007,0.9999999999999993,-1.6653345369377348e-15,-3.3306690738754696e-16,8,4,0.125;0.125;0.125;0.125;0.125;0.125;0.125;0.125,0.25;0.25;0.25;0.25,0,0,0,0,0
none,38,4,petz,,0.9999999999999987,True,9.42055475210265e-16,0.9999999999999993,4,4.999999999999998e-13,256,512,2.220446049250313e-16,6.661338147750939e-16,1.000000000000001,1.0000000000000007,0.9999999999999996,-1.9984014443252818e-15,-8.881784197001252e-16,4,2,0.25;0.25;0.25;0.25,0.5;0.5,0,0,0,0,0
none,38,5,petz,,0.9999999999999991,True,4.710277376051325e-16,0.9999999999999997,2,7.071067811865474e-13,512,1024,4.965068306494546e-16,0.0,1.0000000000000013,1.0000000000000009,1.0,-1.7763568394002505e-15,-8.881784197001252e-16,2,1,0.5;0.5,1,0,0,0,0,0
none,39,1,petz,,0.9999999999999996,True,6.280369834735101e-16,0.9999999999999996,32,1.7677669529663682e-13,32,64,0.0,8.881784197001252e-16,1.000000000000001,1.0000000000000007,0.9999999999999993,-1.1102230246251565e-15,2.220446049250313e-16,32,16,0.03125;0.03125;0.03125;0.03125;0.03125;0.03125;0.03125;0.03125;0.03125;0.03125;0.03125;0.03125;0.03125;0.03125;0.03125;0.03125;0.03125;0.03125;0.03125;0.03125;0.03125;0.03125;0.03125;0.03125;0.03125;0.03125;0.03125;0.03125;0.03125;0.03125;0.03125;0.03125,0.0625;0.0625;0.0625;0.0625;0.0625;0.0625;0.0625;0.0625;0.0625;0.0625;0.0625;0.0625;0.0625;0.0625;0.0625;0.0625,0,0,0,0,0
none,39,2,petz,,0.9999999999999992,True,1.0990647210786425e-15,0.9999999999999992,16,2.499999999999999e-13,64,128,1.1102230246251565e-16,1.3322676295501878e-15,1.000000000000001,1.0000000000000007,0.9999999999999991,-1.4432899320127035e-15,1.1102230246251565e-16,16,8,0.0625;0.0625;0.0625;0.0625;0.0625;0.0625;0.0625;0.0625;0.0625;0.0625;0.0625;0.0625;0.0625;0.0625;0.0625;0.0625,0.125;0.125;0.125;0.125;0.125;0.125;0.125;0.125,0,0,0,0,0
none,39,3,petz,,0.999999999999999,True,7.850462293418876e-16,0.9999999999999994,8,3.535533905932737e-13,128,256,4.440892098500626e-16,8.881784197001252e-16,1.0000000000000009,1.0000000000000007,0.9999999999999993,-1.6653345369377348e-15,-3.3306690738754696e-16,8,4,0.125;0.125;0.125;0.125;0.125;0.125;0.125;0.125,0.25;0.25;0.25;0.25,0,0,0,0,0
none,39,4,petz,,0.9999999999999987,True,9.42055475210265e-16,0.9999999999999993,4,4.999999999999998e-13,256,512,2.220446049250313e-16,6.661338147750939e-16,1.000000000000001,1.0000000000000007,0.9999999999999996,-1.9984014443252818e-15,-8.881784197001252e-16,4,2,0.25;0.25;0.25;0.25,0.5;0.5,0,0,0,0,0
none,39,5,petz,,0.9999999999999991,True,4.710277376051325e-16,0.9999999999999997,2,7.071067811865474e-13,512,1024,4.965068306494546e-16,0.0,1.0000000000000013,1.0000000000000009,1.0,-1.7763568394002505e-15,-8.881784197001252e-16,2,1,0.5;0.5,1,0,0,0,0,0
none,40,1,petz,,0.9999999999999996,True,6.280369834735101e-16,0.9999999999999996,32,1.7677669529663682e-13,32,64,0.0,8.881784197001252e-16,1.000000000000001,1.0000000000000007,0.9999999999999993,-1.1102230246251565e-15,2.220446049250313e-16,32,16,0.03125;0.03125;0.03125;0.03125;0.03125;0.03125;0.03125;0.03125;0.03125;0.03125;0.03125;0.03125;0.03125;0.03125;0.03125;0.03125;0.03125;0.03125;0.03125;0.03125;0.03125;0.03125;0.03125;0.03125;0.03125;0.03125;0.03125;0.03125;0.03125;0.03125;0.03125;0.03125,0.0625;0.0625;0.0625;0.0625;0.0625;0.0625;0.0625;0.0625;0.0625;0.0625;0.0625;0.0625;0.0625;0.0625;0.0625;0.0625,0,0,0,0,0
none,40,2,petz,,0.9999999999999992,True,1.0990647210786425e-15,0.9999999999999992,16,2.499999999999999e-13,64,128,1.1102230246251565e-16,1.3322676295501878e-15,1.000000000000001,1.0000000000000007,0.9999999999999991,-1.4432899320127035e-15,1.1102230246251565e-16,16,8,0.0625;0.0625;0.0625;0.0625;0.0625;0.0625;0.0625;0.0625;0.0625;0.0625;0.0625;0.0625;0.0625;0.0625;0.0625;0.0625,0.125;0.125;0.125;0.125;0.125;0.125;0.125;0.125,0,0,0,0,0
none,40,3,petz,,0.999999999999999,True,7.850462293418876e-16,0.9999999999999994,8,3.535533905932737e-13,128,256,4.440892098500626e-16,8.881784197001252e-16,1.0000000000000009,1.0000000000000007,0.9999999999999993,-1.6653345369377348e-15,-3.3306690738754696e-16,8,4,0.125;0.125;0.125;0.125;0.125;0.125;0.125;0.125,0.25;0.25;0.25;0.25,0,0,0,0,0
none,40,4,petz,,0.9999999999999987,True,9.42055475210265e-16,0.9999999999999993,4,4.999999999999998e-13,256,512,2.220446049250313e-16,6.661338147750939e-16,1.000000000000001,1.0000000000000007,0.9999999999999996,-1.9984014443252818e-15,-8.881784197001252e-16,4,2,0.25;0.25;0.25;0.25,0.5;0.5,0,0,0,0,0
none,40,5,petz,,0.9999999999999991,True,4.710277376051325e-16,0.9999999999999997,2,7.071067811865474e-13,512,1024,4.965068306494546e-16,0.0,1.0000000000000013,1.0000000000000009,1.0,-1.7763568394002505e-15,-8.881784197001252e-16,2,1,0.5;0.5,1,0,0,0,0,0
none,41,1,petz,,0.9999999999999996,True,6.280369834735101e-16,0.9999999999999996,32,1.7677669529663682e-13,32,64,0.0,8.881784197001252e-16,1.000000000000001,1.0000000000000007,0.9999999999999993,-1.1102230246251565e-15,2.220446049250313e-16,32,16,0.03125;0.03125;0.03125;0.03125;0.03125;0.03125;0.03125;0.03125;0.03125;0.03125;0.03125;0.03125;0.03125;0.03125;0.03125;0.03125;0.03125;0.03125;0.03125;0.03125;0.03125;0.03125;0.03125;0.03125;0.03125;0.03125;0.03125;0.03125;0.03125;0.03125;0.03125;0.03125,0.0625;0.0625;0.0625;0.0625;0.0625;0.0625;0.0625;0.0625;0.0625;0.0625;0.0625;0.0625;0.0625;0.0625;0.0625;0.0625,0,0,0,0,0
none,41,2,petz,,0.9999999999999992,True,1.0990647210786425e-15,0.9999999999999992,16,2.499999999999999e-13,64,128,1.1102230246251565e-16,1.3322676295501878e-15,1.000000000000001,1.0000000000000007,0.9999999999999991,-1.4432899320127035e-15,1.1102230246251565e-16,16,8,0.0625;0.0625;0.0625;0.0625;0.0625;0.0625;0.0625;0.0625;0.0625;0.0625;0.0625;0.0625;0.0625;0.0625;0.0625;0.0625,0.125;0.125;0.125;0.125;0.125;0.125;0.125;0.125,0,0,0,0,0
none,41,3,petz,,0.999999999999999,True,7.850462293418876e-16,0.9999999999999994,8,3.535533905932737e-13,128,256,4.440892098500626e-16,8.881784197001252e-16,1.0000000000000009,1.0000000000000007,0.9999999999999993,-1.6653345369377348e-15,-3.3306690738754696e-16,8,4,0.125;0.125;0.125;0.125;0.125;0.125;0.125;0.125,0.25;0.25;0.25;0.25,0,0,0,0,0
none,41,4,petz,,0.9999999999999987,True,9.42055475210265e-16,0.9999999999999993,4,4.999999999999998e-13,256,512,2.220446049250313e-16,6.661338147750939e-16,1.000000000000001,1.0000000000000007,0.9999999999999996,-1.9984014443252818e-15,-8.881784197001252e-16,4,2,0.25;0.25;0.25;0.25,0.5;0.5,0,0,0,0,0
none,41,5,petz,,0.9999999999999991,True,4.710277376051325e-16,0.9999999999999997,2,7.071067811865474e-13,512,1024,4.965068306494546e-16,0.0,1.0000000000000013,1.0000000000000009,1.0,-1.7763568394002505e-15,-8.881784197001252e-16,2,1,0.5;0.5,1,0,0,0,0,0
none,42,1,petz,,0.9999999999999996,True,6.280369834735101e-16,0.9999999999999996,32,1.7677669529663682e-13,32,64,0.0,8.881784197001252e-16,1.000000000000001,1.0000000000000007,0.9999999999999993,-1.1102230246251565e-15,2.220446049250313e-16,32,16,0.03125;0.03125;0.03125;0.03125;0.03125;0.03125;0.03125;0.03125;0.03125;0.03125;0.03125;0.03125;0.03125;0.03125;0.03125;0.03125;0.03125;0.03125;0.03125;0.03125;0.03125;0.03125;0.03125;0.03125;0.03125;0.03125;0.03125;0.03125;0.03125;0.03125;0.03125;0.03125,0.0625;0.0625;0.0625;0.0625;0.0625;0.0625;0.0625;0.0625;0.0625;0.0625;0.0625;0.0625;0.0625;0.0625;0.0625;0.0625,0,0,0,0,0
none,42,2,petz,,0.9999999999999992,True,1.0990647210786425e-15,0.9999999999999992,16,2.499999999999999e-13,64,128,1.1102230246251565e-16,1.3322676295501878e-15,1.000000000000001,1.0000000000000007,0.9999999999999991,-1.4432899320127035e-15,1.1102230246251565e-16,16,8,0.0625;0.0625;0.0625;0.0625;0.0625;0.0625;0.0625;0.0625;0.0625;0.0625;0.0625;0.0625;0.0625;0.0625;0.0625;0.0625,0.125;0.125;0.125;0.125;0.125;0.125;0.125;0.125,0,0,0,0,0
none,42,3,petz,,0.999999999999999,True,7.850462293418876e-16,0.9999999999999994,8,3.535533905932737e-13,128,256,4.440892098500626e-16,8.881784197001252e-16,1.0000000000000009,1.0000000000000007,0.9999999999999993,-1.6653345369377348e-15,-3.3306690738754696e-16,8,4,0.125;0.125;0.125;0.125;0.125;0.125;0.125;0.125,0.25;0.25;0.25;0.25,0,0,0,0,0
none,42,4,petz,,0.9999999999999987,True,9.42055475210265e-16,0.9999999999999993,4,4.999999999999998e-13,256,512,2.220446049250313e-16,6.661338147750939e-16,1.000000000000001,1.0000000000000007,0.9999999999999996,-1.9984014443252818e-15,-8.881784197001252e-16,4,2,0.25;0.25;0.25;0.25,0.5;0.5,0,0,0,0,0
none,42,5,petz,,0.9999999999999991,True,4.710277376051325e-16,0.9999999999999997,2,7.071067811865474e-13,512,1024,4.965068306494546e-16,0.0,1.0000000000000013,1.0000000000000009,1.0,-1.7763568394002505e-15,-8.881784197001252e-16,2,1,0.5;0.5,1,0,0,0,0,0
none,43,1,petz,,0.9999999999999996,True,6.280369834735101e-16,0.9999999999999996,32,1.7677669529663682e-13,32,64,0.0,8.881784197001252e-16,1.000000000000001,1.0000000000000007,0.9999999999999993,-1.1102230246251565e-15,2.220446049250313e-16,32,16,0.03125;0.03125;0.03125;0.03125;0.03125;0.03125;0.03125;0.03125;0.03125;0.03125;0.03125;0.03125;0.03125;0.03125;0.03125;0.03125;0.03125;0.03125;0.03125;0.03125;0.03125;0.03125;0.03125;0.03125;0.03125;0.03125;0.03125;0.03125;0.03125;0.03125;0.03125;0.03125,0.0625;0.0625;0.0625;0.0625;0.0625;0.0625;0.0625;0.0625;0.0625;0.0625;0.0625;0.0625;0.0625;0.0625;0.0625;0.0625,0,0,0,0,0
none,43,2,petz,,0.9999999999999992,True,1.0990647210786425e-15,0.9999999999999992,16,2.499999999999999e-13,64,128,1.1102230246251565e-16,1.3322676295501878e-15,1.000000000000001,1.0000000000000007,0.9999999999999991,-1.4432899320127035e-15,1.1102230246251565e-16,16,8,0.0625;0.0625;0.0625;0.0625;0.0625;0.0625;0.0625;0.0625;0.0625;0.0625;0.0625;0.0625;0.0625;0.0625;0.0625;0.0625,0.125;0.125;0.125;0.125;0.125;0.125;0.125;0.125,0,0,0,0,0
none,43,3,petz,,0.999999999999999,True,7.850462293418876e-16,0.9999999999999994,8,3.535533905932737e-13,128,256,4.440892098500626e-16,8.881784197001252e-16,1.0000000000000009,1.0000000000000007,0.9999999999999993,-1.6653345369377348e-15,-3.3306690738754696e-16,8,4,0.125;0.125;0.125;0.125;0.125;0.125;0.125;0.125,0.25;0.25;0.25;0.25,0,0,0,0,0
none,43,4,petz,,0.9999999999999987,True,9.42055475210265e-16,0.9999999999999993,4,4.999999999999998e-13,256,512,2.220446049250313e-16,6.661338147750939e-16,1.000000000000001,1.0000000000000007,0.9999999999999996,-1.9984014443252818e-15,-8.881784197001252e-16,4,2,0.25;0.25;0.25;0.25,0.5;0.5,0,0,0,0,0
none,43,5,petz,,0.9999999999999991,True,4.710277376051325e-16,0.9999999999999997,2,7.071067811865474e-13,512,1024,4.965068306494546e-16,0.0,1.0000000000000013,1.0000000000000009,1.0,-1.7763568394002505e-15,-8.881784197001252e-16,2,1,0.5;0.5,1,0,0,0,0,0
none,44,1,petz,,0.9999999999999996,True,6.280369834735101e-16,0.9999999999999996,32,1.7677669529663682e-13,32,64,0.0,8.881784197001252e-16,1.000000000000001,1.0000000000000007,0.9999999999999993,-1.1102230246251565e-15,2.220446049250313e-16,32,16,0.03125;0.03125;0.03125;0.03125;0.03125;0.03125;0.03125;0.03125;0.03125;0.03125;0.03125;0.03125;0.03125;0.03125;0.03125;0.03125;0.03125;0.03125;0.03125;0.03125;0.03125;0.03125;0.03125;0.03125;0.03125;0.03125;0.03125;0.03125;0.03125;0.03125;0.03125;0.03125,0.0625;0.0625;0.0625;0.0625;0.0625;0.0625;0.0625;0.0625;0.0625;0.0625;0.0625;0.0625;0.0625;0.0625;0.0625;0.0625,0,0,0,0,0
none,44,2,petz,,0.9999999999999992,True,1.0990647210786425e-15,0.9999999999999992,16,2.499999999999999e-13,64,128,1.1102230246251565e-16,1.3322676295501878e-15,1.000000000000001,1.0000000000000007,0.9999999999999991,-1.4432899320127035e-15,1.1102230246251565e-16,16,8,0.0625;0.0625;0.0625;0.0625;0.0625;0.0625;0.0625;0.0625;0.0625;0.0625;0.0625;0.0625;0.0625;0.0625;0.0625;0.0625,0.125;0.125;0.125;0.125;0.125;0.125;0.125;0.125,0,0,0,0,0
none,44,3,petz,,0.999999999999999,True,7.850462293418876e-16,0.9999999999999994,8,3.535533905932737e-13,128,256,4.440892098500626e-16,8.881784197001252e-16,1.0000000000000009,1.0000000000000007,0.9999999999999993,-1.6653345369377348e-15,-3.3306690738754696e-16,8,4,0.125;0.125;0.125;0.125;0.125;0.125;0.125;0.125,0.25;0.25;0.25;0.25,0,0,0,0,0
none,44,4,petz,,0.9999999999999987,True,9.42055475210265e-16,0.9999999999999993,4,4.999999999999998e-13,256,512,2.220446049250313e-16,6.661338147750939e-16,1.000000000000001,1.0000000000000007,0.9999999999999996,-1.9984014443252818e-15,-8.881784197001252e-16,4,2,0.25;0.25;0.25;0.25,0.5;0.5,0,0,0,0,0
none,44,5,petz,,0.9999999999999991,True,4.710277376051325e-16,0.9999999999999997,2,7.071067811865474e-13,512,1024,4.965068306494546e-16,0.0,1.0000000000000013,1.0000000000000009,1.0,-1.7763568394002505e-15,-8.881784197001252e-16,2,1,0.5;0.5,1,0,0,0,0,0
none,45,1,petz,,0.9999999999999996,True,6.280369834735101e-16,0.9999999999999996,32,1.7677669529663682e-13,32,64,0.0,8.881784197001252e-16,1.000000000000001,1.0000000000000007,0.9999999999999993,-1.1102230246251565e-15,2.220446049250313e-16,32,16,0.03125;0.03125;0.03125;0.03125;0.03125;0.03125;0.03125;0.03125;0.03125;0.03125;0.03125;0.03125;0.03125;0.03125;0.03125;0.03125;0.03125;0.03125;0.03125;0.03125;0.03125;0.03125;0.03125;0.03125;0.03125;0.03125;0.03125;0.03125;0.03125;0.03125;0.03125;0.03125,0.0625;0.0625;0.0625;0.0625;0.0625;0.0625;0.0625;0.0625;0.0625;0.0625;0.0625;0.0625;0.0625;0.0625;0.0625;0.0625,0,0,0,0,0
none,45,2,petz,,0.9999999999999992,True,1.0990647210786425e-15,0.9999999999999992,16,2.499999999999999e-13,64,128,1.1102230246251565e-16,1.3322676295501878e-15,1.000000000000001,1.0000000000000007,0.9999999999999991,-1.4432899320127035e-15,1.1102230246251565e-16,16,8,0.0625;0.0625;0.0625;0.0625;0.0625;0.0625;0.0625;0.0625;0.0625;0.0625;0.0625;0.0625;0.0625;0.0625;0.0625;0.0625,0.125;0.125;0.125;0.125;0.125;0.125;0.125;0.125,0,0,0,0,0
none,45,3,petz,,0.999999999999999,True,7.850462293418876e-16,0.9999999999999994,8,3.535533905932737e-13,128,256,4.440892098500626e-16,8.881784197001252e-16,1.0000000000000009,1.0000000000000007,0.9999999999999993,-1.6653345369377348e-15,-3.3306690738754696e-16,8,4,0.125;0.125;0.125;0.125;0.125;0.125;0.125;0.125,0.25;0.25;0.25;0.25,0,0,0,0,0
none,45,4,petz,,0.9999999999999987,True,9.42055475210265e-16,0.9999999999999993,4,4.999999999999998e-13,256,512,2.220446049250313e-16,6.661338147750939e-16,1.000000000000001,1.0000000000000007,0.9999999999999996,-1.9984014443252818e-15,-8.881784197001252e-16,4,2,0.25;0.25;0.25;0.25,0.5;0.5,0,0,0,0,0
none,45,5,petz,,0.9999999999999991,True,4.710277376051325e-16,0.9999999999999997,2,7.071067811865474e-13,512,1024,4.965068306494546e-16,0.0,1.0000000000000013,1.0000000000000009,1.0,-1.7763568394002505e-15,-8.881784197001252e-16,2,1,0.5;0.5,1,0,0,0,0,0
none,46,1,petz,,0.9999999999999996,True,6.280369834735101e-16,0.9999999999999996,32,1.7677669529663682e-13,32,64,0.0,8.881784197001252e-16,1.000000000000001,1.0000000000000007,0.9999999999999993,-1.1102230246251565e-15,2.220446049250313e-16,32,16,0.03125;0.03125;0.03125;0.03125;0.03125;0.03125;0.03125;0.03125;0.03125;0.03125;0.03125;0.03125;0.03125;0.03125;0.03125;0.03125;0.03125;0.03125;0.03125;0.03125;0.03125;0.03125;0.03125;0.03125;0.03125;0.03125;0.03125;0.03125;0.03125;0.03125;0.03125;0.03125,0.0625;0.0625;0.0625;0.0625;0.0625;0.0625;0.0625;0.0625;0.0625;0.0625;0.0625;0.0625;0.0625;0.0625;0.0625;0.0625,0,0,0,0,0
none,46,2,petz,,0.9999999999999992,True,1.0990647210786425e-15,0.9999999999999992,16,2.499999999999999e-13,64,128,1.1102230246251565e-16,1.3322676295501878e-15,1.000000000000001,1.0000000000000007,0.9999999999999991,-1.4432899320127035e-15,1.1102230246251565e-16,16,8,0.0625;0.0625;0.0625;0.0625;0.0625;0.0625;0.0625;0.0625;0.0625;0.0625;0.0625;0.0625;0.0625;0.0625;0.0625;0.0625,0.125;0.125;0.125;0.125;0.125;0.125;0.125;0.125,0,0,0,0,0
none,46,3,petz,,0.999999999999999,True,7.850462293418876e-16,0.9999999999999994,8,3.535533905932737e-13,128,256,4.440892098500626e-16,8.881784197001252e-16,1.0000000000000009,1.0000000000000007,0.9999999999999993,-1.6653345369377348e-15,-3.3306690738754696e-16,8,4,0.125;0.125;0.125;0.125;0.125;0.125;0.125;0.125,0.25;0.25;0.25;0.25,0,0,0,0,0
none,46,4,petz,,0.9999999999999987,True,9.42055475210265e-16,0.9999999999999993,4,4.999999999999998e-13,256,512,2.220446049250313e-16,6.661338147750939e-16,1.000000000000001,1.0000000000000007,0.9999999999999996,-1.9984014443252818e-15,-8.881784197001252e-16,4,2,0.25;0.25;0.25;0.25,0.5;0.5,0,0,0,0,0
none,46,5,petz,,0.9999999999999991,True,4.710277376051325e-16,0.9999999999999997,2,7.071067811865474e-13,512,1024,4.965068306494546e-16,0.0,1.0000000000000013,1.0000000000000009,1.0,-1.7763568394002505e-15,-8.881784197001252e-16,2,1,0.5;0.5,1,0,0,0,0,0
none,47,1,petz,,0.9999999999999996,True,6.280369834735101e-16,0.9999999999999996,32,1.7677669529663682e-13,32,64,0.0,8.881784197001252e-16,1.000000000000001,1.0000000000000007,0.9999999999999993,-1.1102230246251565e-15,2.220446049250313e-16,32,16,0.03125;0.03125;0.03125;0.03125;0.03125;0.03125;0.03125;0.03125;0.03125;0.03125;0.03125;0.03125;0.03125;0.03125;0.03125;0.03125;0.03125;0.03125;0.03125;0.03125;0.03125;0.03125;0.03125;0.03125;0.03125;0.03125;0.03125;0.03125;0.03125;0.03125;0.03125;0.03125,0.0625;0.0625;0.0625;0.0625;0.0625;0.0625;0.0625;0.0625;0.0625;0.0625;0.0625;0.0625;0.0625;0.0625;0.0625;0.0625,0,0,0,0,0
none,47,2,petz,,0.9999999999999992,True,1.0990647210786425e-15,0.9999999999999992,16,2.499999999999999e-13,64,128,1.1102230246251565e-16,1.3322676295501878e-15,1.000000000000001,1.0000000000000007,0.9999999999999991,-1.4432899320127035e-15,1.1102230246251565e-16,16,8,0.0625;0.0625;0.0625;0.0625;0.0625;0.0625;0.0625;0.0625;0.0625;0.0625;0.0625;0.0625;0.0625;0.0625;0.0625;0.0625,0.125;0.125;0.125;0.125;0.125;0.125;0.125;0.125,0,0,0,0,0
none,47,3,petz,,0.999999999999999,True,7.850462293418876e-16,0.9999999999999994,8,3.535533905932737e-13,128,256,4.440892098500626e-16,8.881784197001252e-16,1.0000000000000009,1.0000000000000007,0.9999999999999993,-1.6653345369377348e-15,-3.3306690738754696e-16,8,4,0.125;0.125;0.125;0.125;0.125;0.125;0.125;0.125,0.25;0.25;0.25;0.25,0,0,0,0,0
none,47,4,petz,,0.9999999999999987,True,9.42055475210265e-16,0.9999999999999993,4,4.999999999999998e-13,256,512,2.220446049250313e-16,6.661338147750939e-16,1.000000000000001,1.0000000000000007,0.9999999999999996,-1.9984014443252818e-15,-8.881784197001252e-16,4,2,0.25;0.25;0.25;0.25,0.5;0.5,0,0,0,0,0
none,47,5,petz,,0.9999999999999991,True,4.710277376051325e-16,0.9999999999999997,2,7.071067811865474e-13,512,1024,4.965068306494546e-16,0.0,1.0000000000000013,1.0000000000000009,1.0,-1.7763568394002505e-15,-8.881784197001252e-16,2,1,0.5;0.5,1,0,0,0,0,0
none,48,1,petz,,0.9999999999999996,True,6.280369834735101e-16,0.9999999999999996,32,1.7677669529663682e-13,32,64,0.0,8.881784197001252e-16,1.000000000000001,1.0000000000000007,0.9999999999999993,-1.1102230246251565e-15,2.220446049250313e-16,32,16,0.03125;0.03125;0.03125;0.03125;0.03125;0.03125;0.03125;0.03125;0.03125;0.03125;0.03125;0.03125;0.03125;0.03125;0.03125;0.03125;0.03125;0.03125;0.03125;0.03125;0.03125;0.03125;0.03125;0.03125;0.03125;0.03125;0.03125;0.03125;0.03125;0.03125;0.03125;0.03125,0.0625;0.0625;0.0625;0.0625;0.0625;0.0625;0.0625;0.0625;0.0625;0.0625;0.0625;0.0625;0.0625;0.0625;0.0625;0.0625,0,0,0,0,0
none,48,2,petz,,0.9999999999999992,True,1.0990647210786425e-15,0.9999999999999992,16,2.499999999999999e-13,64,128,1.1102230246251565e-16,1.3322676295501878e-15,1.000000000000001,1.0000000000000007,0.9999999999999991,-1.4432899320127035e-15,1.1102230246251565e-16,16,8,0.0625;0.0625;0.0625;0.0625;0.0625;0.0625;0.0625;0.0625;0.0625;0.0625;0.0625;0.0625;0.0625;0.0625;0.0625;0.0625,0.125;0.125;0.125;0.125;0.125;0.125;0.125;0.125,0,0,0,0,0
none,48,3,petz,,0.999999999999999,True,7.850462293418876e-16,0.9999999999999994,8,3.535533905932737e-13,128,256,4.440892098500626e-16,8.881784197001252e-16,1.0000000000000009,1.0000000000000007,0.9999999999999993,-1.6653345369377348e-15,-3.3306690738754696e-16,8,4,0.125;0.125;0.125;0.125;0.125;0.125;0.125;0.125,0.25;0.25;0.25;0.25,0,0,0,0,0
none,48,4,petz,,0.9999999999999987,True,9.42055475210265e-16,0.9999999999999993,4,4.999999999999998e-13,256,512,2.220446049250313e-16,6.661338147750939e-16,1.000000000000001,1.0000000000000007,0.9999999999999996,-1.9984014443252818e-15,-8.881784197001252e-16,4,2,0.25;0.25;0.25;0.25,0.5;0.5,0,0,0,0,0
none,48,5,petz,,0.9999999999999991,True,4.710277376051325e-16,0.9999999999999997,2,7.071067811865474e-13,512,1024,4.965068306494546e-16,0.0,1.0000000000000013,1.0000000000000009,1.0,-1.7763568394002505e-15,-8.881784197001252e-16,2,1,0.5;0.5,1,0,0,0,0,0
none,49,1,petz,,0.9999999999999996,True,6.280369834735101e-16,0.9999999999999996,32,1.7677669529663682e-13,32,64,0.0,8.881784197001252e-16,1.000000000000001,1.0000000000000007,0.9999999999999993,-1.1102230246251565e-15,2.220446049250313e-16,32,16,0.03125;0.03125;0.03125;0.03125;0.03125;0.03125;0.03125;0.03125;0.03125;0.03125;0.03125;0.03125;0.03125;0.03125;0.03125;0.03125;0.03125;0.03125;0.03125;0.03125;0.03125;0.03125;0.03125;0.03125;0.03125;0.03125;0.03125;0.03125;0.03125;0.03125;0.03125;0.03125,0.0625;0.0625;0.0625;0.0625;0.0625;0.0625;0.0625;0.0625;0.0625;0.0625;0.0625;0.0625;0.0625;0.0625;0.0625;0.0625,0,0,0,0,0
none,49,2,petz,,0.9999999999999992,True,1.0990647210786425e-15,0.9999999999999992,16,2.499999999999999e-13,64,128,1.1102230246251565e-16,1.3322676295501878e-15,1.000000000000001,1.0000000000000007,0.9999999999999991,-1.4432899320127035e-15,1.1102230246251565e-16,16,8,0.0625;0.0625;0.0625;0.0625;0.0625;0.0625;0.0625;0.0625;0.0625;0.0625;0.0625;0.0625;0.0625;0.0625;0.0625;0.0625,0.125;0.125;0.125;0.125;0.125;0.125;0.125;0.125,0,0,0,0,0
none,49,3,petz,,0.999999999999999,True,7.850462293418876e-16,0.9999999999999994,8,3.535533905932737e-13,128,256,4.440892098500626e-16,8.881784197001252e-16,1.0000000000000009,1.0000000000000007,0.9999999999999993,-1.6653345369377348e-15,-3.3306690738754696e-16,8,4,0.125;0.125;0.125;0.125;0.125;0.125;0.125;0.125,0.25;0.25;0.25;0.25,0,0,0,0,0
none,49,4,petz,,0.9999999999999987,True,9.42055475210265e-16,0.9999999999999993,4,4.999999999999998e-13,256,512,2.220446049250313e-16,6.661338147750939e-16,1.000000000000001,1.0000000000000007,0.9999999999999996,-1.9984014443252818e-15,-8.881784197001252e-16,4,2,0.25;0.25;0.25;0.25,0.5;0.5,0,0,0,0,0
none,49,5,petz,,0.9999999999999991,True,4.710277376051325e-16,0.9999999999999997,2,7.071067811865474e-13,512,1024,4.965068306494546e-16,0.0,1.0000000000000013,1.0000000000000009,1.0,-1.7763568394002505e-15,-8.881784197001252e-16,2,1,0.5;0.5,1,0,0,0,0,0
weak,0,1,petz,,0.9999999999999983,True,6.280369834735101e-16,0.9999999999999996,32,1.7677669529663682e-13,32,64,5.4036263075697314e-15,2.6645352591003757e-15,1.0000000000000018,1.0000000000000013,0.9999999999999981,-2.9976021664879227e-15,2.220446049250313e-16,32,16,0.03125;0.03125;0.03125;0.03125;0.03125;0.03125;0.03125;0.03125;0.03125;0.03125;0.03125;0.03125;0.03125;0.03125;0.03125;0.03125;0.03125;0.03125;0.03125;0.03125;0.03125;0.03125;0.03125;0.03125;0.03125;0.03125;0.03125;0.03125;0.03125;0.03125;0.03125;0.03125,0.0625;0.0625;0.0625;0.0625;0.0625;0.0625;0.0625;0.0625;0.0625;0.0625;0.0625;0.0625;0.0625;0.0625;0.0625;0.0625,0,0,0,0,0
weak,0,2,petz,,0.9999999999999973,True,3.1401849173675503e-16,0.9999999999999998,16,2.4999999999999994e-13,64,128,4.8950065229357834e-15,0.0,1.0000000000000016,1.000000000000001,1.0,-3.774758283725532e-15,-2.6645352591003757e-15,16,8,0.0625;0.0625;0.0625;0.0625;0.0625;0.0625;0.0625;0.0625;0.0625;0.0625;0.0625;0.0625;0.0625;0.0625;0.0625;0.0625,0.125;0.125;0.125;0.125;0.125;0.125;0.125;0.125,0,0,0,0,0
weak,0,3,petz,,0.999999999999999,True,3.1401849173675503e-16,0.9999999999999998,8,3.535533905932738e-13,128,256,4.798685011151409e-15,8.881784197001252e-16,1.0000000000000007,1.0000000000000004,0.9999999999999993,-1.4432899320127035e-15,-3.3306690738754696e-16,8,4,0.125;0.125;0.125;0.125;0.125;0.125;0.125;0.125,0.25;0.25;0.25;0.25,0,0,0,0,0
weak,0,4,petz,,0.9999999999999996,True,1.5700925541965987e-16,0.9999999999999999,4,5e-13,256,512,5.2798178448848116e-15,2.220446049250313e-16,1.0000000000000007,1.0000000000000004,0.9999999999999999,-8.881784197001252e-16,-3.3306690738754696e-16,4,2,0.25;0.25;0.25;0.25,0.5;0.5,0,0,0,0,0
weak,0,5,petz,,0.9999999999999993,True,1.5700924825619814e-16,0.9999999999999999,2,7.071067811865478e-13,512,1024,1.1838938038577684e-15,0.0,1.0000000000000002,1.0000000000000002,1.0,-8.881784197001252e-16,-6.661338147750939e-16,2,1,0.5;0.5,1,0,0,0,0,0
weak,1,1,petz,,0.9999999999999981,True,1.88411095042053e-15,0.9999999999999987,32,1.7677669529663684e-13,32,64,4.962639325349581e-15,0.0,1.000000000000002,1.0000000000000013,1.0,-3.219646771412954e-15,-1.887379141862766e-15,32,16,0.03125;0.03125;0.03125;0.03125;0.03125;0.03125;0.03125;0.03125;0.03125;0.03125;0.03125;0.03125;0.03125;0.03125;0.03125;0.03125;0.03125;0.03125;0.03125;0.03125;0.03125;0.03125;0.03125;0.03125;0.03125;0.03125;0.03125;0.03125;0.03125;0.03125;0.03125;0.03125,0.0625;0.0625;0.0625;0.0625;0.0625;0.0625;0.0625;0.0625;0.0625;0.0625;0.0625;0.0625;0.0625;0.0625;0.0625;0.0625,0,0,0,0,0
weak,1,2,petz,,0.9999999999999992,True,1.4130832128153975e-15,0.999999999999999,16,2.499999999999999e-13,64,128,3.833999185867219e-15,0.0,1.000000000000002,1.0000000000000013,1.0,-2.1094237467877974e-15,-7.771561172376096e-16,16,8,0.0625;0.0625;0.0625;0.0625;0.0625;0.0625;0.0625;0.0625;0.0625;0.0625;0.0625;0.0625;0.0625;0.0625;0.0625;0.0625,0.125;0.125;0.125;0.125;0.125;0.125;0.125;0.125,0,0,0,0,0
weak,1,3,petz,,0.9999999999999974,True,2.04112035598217e-15,0.9999999999999986,8,3.5355339059327364e-13,128,256,2.637631066716116e-15,2.6645352591003757e-15,1.0000000000000036,1.0000000000000024,0.9999999999999981,-4.9960036108132044e-15,-6.661338147750939e-16,8,4,0.125;0.125;0.125;0.125;0.125;0.125;0.125;0.125,0.25;0.25;0.25;0.25,0,0,0,0,0
weak,1,4,petz,,0.9999999999999982,True,1.0990647952219433e-15,0.9999999999999992,4,4.999999999999999e-13,256,512,4.354382607765269e-15,8.881784197001252e-16,1.0000000000000002,1.0000000000000002,0.9999999999999993,-1.9984014443252818e-15,-1.1102230246251565e-15,4,2,0.25;0.25;0.25;0.25,0.5;0.5,0,0,0,0,0
weak,1,5,petz,,0.9999999999999982,True,6.280370159112043e-16,0.9999999999999996,2,7.071067811865476e-13,512,1024,1.5400834998076632e-15,0.0,1.0000000000000013,1.0000000000000009,1.0,-2.6645352591003757e-15,-1.7763568394002505e-15,2,1,0.5;0.5,1,0,0,0,0,0
weak,2,1,petz,,0.999999999999999,True,6.280369834735101e-16,0.9999999999999996,32,1.7677669529663687e-13,32,64,4.742879810945858e-15,8.881784197001252e-16,1.0000000000000022,1.0000000000000016,0.9999999999999993,-2.55351295663786e-15,-3.3306690738754696e-16,32,16,0.03125;0.03125;0.03125;0.03125;0.03125;0.03125;0.03125;0.03125;0.03125;0.03125;0.03125;0.03125;0.03125;0.03125;0.03125;0.03125;0.03125;0.03125;0.03125;0.03125;0.03125;0.03125;0.03125;0.03125;0.03125;0.03125;0.03125;0.03125;0.03125;0.03125;0.03125;0.03125,0.0625;0.0625;0.0625;0.0625;0.0625;0.0625;0.0625;0.0625;0.0625;0.0625;0.0625;0.0625;0.0625;0.0625;0.0625;0.0625,0,0,0,0,0
weak,2,2,petz,,0.9999999999999998,True,1.2560739669470201e-15,0.9999999999999991,16,2.5e-13,64,128,3.666328813304468e-15,8.881784197001252e-16,1.000000000000002,1.0000000000000013,0.9999999999999993,-1.5543122344752192e-15,4.440892098500626e-16,16,8,0.0625;0.0625;0.0625;0.0625;0.0625;0.0625;0.0625;0.0625;0.0625;0.0625;0.0625;0.0625;0.0625;0.0625;0.0625;0.0625,0.125;0.125;0.125;0.125;0.125;0.125;0.125;0.125,0,0,0,0,0
weak,2,3,petz,,0.9999999999999994,True,1.2560739669470201e-15,0.9999999999999991,8,3.5355339059327354e-13,128,256,1.5259387341231998e-15,1.3322676295501878e-15,1.000000000000002,1.0000000000000013,0.9999999999999991,-1.887379141862766e-15,3.3306690738754696e-16,8,4,0.125;0.125;0.125;0.125;0.125;0.125;0.125;0.125,0.25;0.25;0.25;0.25,0,0,0,0,0
weak,2,4,petz,,0.9999999999999989,True,6.280369834735101e-16,0.9999999999999996,4,4.999999999999998e-13,256,512,1.6860809824952223e-15,6.661338147750939e-16,1.000000000000001,1.0000000000000007,0.9999999999999996,-1.7763568394002505e-15,-6.661338147750939e-16,4,2,0.25;0.25;0.25;0.25,0.5;0.5,0,0,0,0,0
weak,2,5,petz,,0.9999999999999993,True,3.1401849173675503e-16,0.9999999999999998,2,7.071067811865474e-13,512,1024,5.011639840136164e-16,0.0,1.0000000000000022,1.0000000000000016,1.0,-2.220446049250313e-15,-6.661338147750939e-16,2,1,0.5;0.5,1,0,0,0,0,0
weak,3,1,petz,,0.9999999999999986,True,6.280369834735101e-16,0.9999999999999996,32,1.7677669529663687e-13,32,64,3.531803666361304e-15,8.881784197001252e-16,1.000000000000002,1.0000000000000013,0.9999999999999993,-2.7755575615628914e-15,-7.771561172376096e-16,32,16,0.03125;0.03125;0.03125;0.03125;0.03125;0.03125;0.03125;0.03125;0.03125;0.03125;0.03125;0.03125;0.03125;0.03125;0.03125;0.03125;0.03125;0.03125;0.03125;0.03125;0.03125;0.03125;0.03125;0.03125;0.03125;0.03125;0.03125;0.03125;0.03125;0.03125;0.03125;0.03125,0.0625;0.0625;0.0625;0.0625;0.0625;0.0625;0.0625;0.0625;0.0625;0.0625;0.0625;0.0625;0.0625;0.0625;0.0625;0.0625,0,0,0,0,0
weak,3,2,petz,,0.9999999999999994,True,1.2560739669470201e-15,0.9999999999999991,16,2.499999999999999e-13,64,128,2.626694771506127e-15,8.881784197001252e-16,1.0000000000000024,1.0000000000000018,0.9999999999999993,-2.3314683517128287e-15,1.1102230246251565e-16,16,8,0.0625;0.0625;0.0625;0.0625;0.0625;0.0625;0.0625;0.0625;0.0625;0.0625;0.0625;0.0625;0.0625;0.0625;0.0625;0.0625,0.125;0.125;0.125;0.125;0.125;0.125;0.125;0.125,0,0,0,0,0
weak,3,3,petz,,0.9999999999999997,True,1.2560739669470201e-15,0.9999999999999991,8,3.535533905932735e-13,128,256,2.0608421928975904e-15,1.7763568394002505e-15,1.000000000000002,1.0000000000000013,0.9999999999999988,-1.6653345369377348e-15,8.881784197001252e-16,8,4,0.125;0.125;0.125;0.125;0.125;0.125;0.125;0.125,0.25;0.25;0.25;0.25,0,0,0,0,0
weak,3,4,petz,,0.9999999999999989,True,6.280369834735101e-16,0.9999999999999996,4,4.999999999999998e-13,256,512,1.6321490181664203e-15,6.661338147750939e-16,1.000000000000001,1.0000000000000007,0.9999999999999996,-1.7763568394002505e-15,-6.661338147750939e-16,4,2,0.25;0.25;0.25;0.25,0.5;0.5,0,0,0,0,0
weak,3,5,petz,,0.9999999999999942,True,3.1401849173675503e-16,0.9999999999999998,2,7.071067811865474e-13,512,1024,3.443335648308716e-15,0.0,1.0000000000000022,1.0000000000000016,1.0,-7.327471962526033e-15,-5.773159728050814e-15,2,1,0.5;0.5,1,0,0,0,0,0
weak,4,1,petz,,0.9999999999999986,True,6.280369834735101e-16,0.9999999999999996,32,1.7677669529663684e-13,32,64,3.751859089435554e-15,1.7763568394002505e-15,1.0000000000000013,1.0000000000000009,0.9999999999999988,-2.3314683517128287e-15,-2.220446049250313e-16,32,16,0.03125;0.03125;0.03125;0.03125;0.03125;0.03125;0.03125;0.03125;0.03125;0.03125;0.03125;0.03125;0.03125;0.03125;0.03125;0.03125;0.03125;0.03125;0.03125;0.03125;0.03125;0.03125;0.03125;0.03125;0.03125;0.03125;0.03125;0.03125;0.03125;0.03125;0.03125;0.03125,0.0625;0.0625;0.0625;0.0625;0.0625;0.0625;0.0625;0.0625;0.0625;0.0625;0.0625;0.0625;0.0625;0.0625;0.0625;0.0625,0,0,0,0,0
weak,4,2,petz,,0.9999999999999991,True,1.2560739669470201e-15,0.9999999999999991,16,2.499999999999999e-13,64,128,2.8727072576403086e-15,8.881784197001252e-16,1.0000000000000016,1.000000000000001,0.9999999999999993,-1.9984014443252818e-15,-2.220446049250313e-16,16,8,0.0625;0.0625;0.0625;0.0625;0.0625;0.0625;0.0625;0.0625;0.0625;0.0625;0.0625;0.0625;0.0625;0.0625;0.0625;0.0625,0.125;0.125;0.125;0.125;0.125;0.125;0.125;0.125,0,0,0,0,0
weak,4,3,petz,,0.9999999999999996,True,1.2560739669470201e-15,0.9999999999999991,8,3.535533905932735e-13,128,256,1.3583817401833982e-15,1.7763568394002505e-15,1.000000000000002,1.0000000000000013,0.9999999999999988,-1.7763568394002505e-15,7.771561172376096e-16,8,4,0.125;0.125;0.125;0.125;0.125;0.125;0.125;0.125,0.25;0.25;0.25;0.25,0,0,0,0,0
weak,4,4,petz,,0.9999999999999989,True,6.280369834735101e-16,0.9999999999999996,4,4.999999999999998e-13,256,512,3.237200381486609e-16,6.661338147750939e-16,1.000000000000001,1.0000000000000007,0.9999999999999996,-1.7763568394002505e-15,-6.661338147750939e-16,4,2,0.25;0.25;0.25;0.25,0.5;0.5,0,0,0,0,0
weak,4,5,petz,,0.9999999999999942,True,3.1401849173675503e-16,0.9999999999999998,2,7.071067811865474e-13,512,1024,3.443335648308716e-15,0.0,1.0000000000000022,1.0000000000000016,1.0,-7.327471962526033e-15,-5.773159728050814e-15,2,1,0.5;0.5,1,0,0,0,0,0
weak,5,1,petz,,0.9999999999999982,True,2.3551386880256627e-15,0.9999999999999983,32,1.7677669529663684e-13,32,64,4.902525853444085e-15,2.6645352591003757e-15,1.0000000000000036,1.0000000000000024,0.9999999999999981,-4.218847493575595e-15,1.1102230246251565e-16,32,16,0.03125;0.03125;0.03125;0.03125;0.03125;0.03125;0.03125;0.03125;0.03125;0.03125;0.03125;0.03125;0.03125;0.03125;0.03125;0.03125;0.03125;0.03125;0.03125;0.03125;0.03125;0.03125;0.03125;0.03125;0.03125;0.03125;0.03125;0.03125;0.03125;0.03125;0.03125;0.03125,0.0625;0.0625;0.0625;0.0625;0.0625;0.0625;0.0625;0.0625;0.0625;0.0625;0.0625;0.0625;0.0625;0.0625;0.0625;0.0625,0,0,0,0,0
weak,5,2,petz,,0.9999999999999967,True,1.0990647210786425e-15,0.9999999999999992,16,2.499999999999999e-13,64,128,3.932901183915577e-15,1.7763568394002505e-15,1.0000000000000038,1.0000000000000027,0.9999999999999988,-5.995204332975845e-15,-2.1094237467877974e-15,16,8,0.0625;0.0625;0.0625;0.0625;0.0625;0.0625;0.0625;0.0625;0.0625;0.0625;0.0625;0.0625;0.0625;0.0625;0.0625;0.0625,0.125;0.125;0.125;0.125;0.125;0.125;0.125;0.125,0,0,0,0,0
weak,5,3,petz,,0.9999999999999981,True,1.0990647210786425e-15,0.9999999999999992,8,3.535533905932737e-13,128,256,4.438582527546382e-15,1.3322676295501878e-15,1.0000000000000027,1.0000000000000018,0.9999999999999991,-3.6637359812630166e-15,-9.992007221626409e-16,8,4,0.125;0.125;0.125;0.125;0.125;0.125;0.125;0.125,0.25;0.25;0.25;0.25,0,0,0,0,0
weak,5,4,petz,,0.999999999999996,True,6.280369834735101e-16,0.9999999999999996,4,5e-13,256,512,3.854368309961131e-15,0.0,1.0000000000000007,1.0000000000000004,1.0,-4.440892098500626e-15,-3.9968028886505635e-15,4,2,0.25;0.25;0.25;0.25,0.5;0.5,0,0,0,0,0
weak,5,5,petz,,0.9999999999999996,True,3.1405682173283755e-16,0.9999999999999998,2,7.071067811865476e-13,512,1024,5.179387851762555e-15,0.0,1.0000000000000007,1.0000000000000004,1.0,-8.881784197001252e-16,-4.440892098500626e-16,2,1,0.5;0.5,1,0,0,0,0,0
weak,6,1,petz,,0.9999999999999982,True,6.280369834735101e-16,0.9999999999999996,32,1.7677669529663684e-13,32,64,4.4952141944109654e-15,2.6645352591003757e-15,1.0000000000000022,1.0000000000000016,0.9999999999999981,-3.3306690738754696e-15,1.1102230246251565e-16,32,16,0.03125;0.03125;0.03125;0.03125;0.03125;0.03125;0.03125;0.03125;0.03125;0.03125;0.03125;0.03125;0.03125;0.03125;0.03125;0.03125;0.03125;0.03125;0.03125;0.03125;0.03125;0.03125;0.03125;0.03125;0.03125;0.03125;0.03125;0.03125;0.03125;0.03125;0.03125;0.03125,0.0625;0.0625;0.0625;0.0625;0.0625;0.0625;0.0625;0.0625;0.0625;0.0625;0.0625;0.0625;0.0625;0.0625;0.0625;0.0625,0,0,0,0,0
weak,6,2,petz,,0.9999999999999986,True,1.2560739669470201e-15,0.9999999999999991,16,2.5e-13,64,128,3.634887428155511e-15,8.881784197001252e-16,1.000000000000001,1.0000000000000007,0.9999999999999993,-2.1094237467877974e-15,-7.771561172376096e-16,16,8,0.0625;0.0625;0.0625;0.0625;0.0625;0.0625;0.0625;0.0625;0.0625;0.0625;0.0625;0.0625;0.0625;0.0625;0.0625;0.0625,0.125;0.125;0.125;0.125;0.125;0.125;0.125;0.125,0,0,0,0,0
weak,6,3,petz,,0.9999999999999996,True,6.280369834735101e-16,0.9999999999999996,8,3.535533905932735e-13,128,256,1.2560739669470201e-15,2.220446049250313e-15,1.0000000000000029,1.000000000000002,0.9999999999999984,-2.4424906541753444e-15,1.1102230246251565e-15,8,4,0.125;0.125;0.125;0.125;0.125;0.125;0.125;0.125,0.25;0.25;0.25;0.25,0,0,0,0,0
weak,6,4,petz,,0.9999999999999989,True,6.280369834735101e-16,0.9999999999999996,4,4.999999999999998e-13,256,512,3.885935469125957e-16,6.661338147750939e-16,1.000000000000001,1.0000000000000007,0.9999999999999996,-1.7763568394002505e-15,-6.661338147750939e-16,4,2,0.25;0.25;0.25;0.25,0.5;0.5,0,0,0,0,0
weak,6,5,petz,,0.9999999999999942,True,3.1401849173675503e-16,0.9999999999999998,2,7.071067811865474e-13,512,1024,3.443335648308716e-15,0.0,1.0000000000000022,1.0000000000000016,1.0,-7.327471962526033e-15,-5.773159728050814e-15,2,1,0.5;0.5,1,0,0,0,0,0
weak,7,1,petz,,0.9999999999999986,True,6.280369834735101e-16,0.9999999999999996,32,1.7677669529663684e-13,32,64,4.165737803656124e-15,2.6645352591003757e-15,1.0000000000000024,1.0000000000000018,0.9999999999999981,-3.219646771412954e-15,4.440892098500626e-16,32,16,0.03125;0.03125;0.03125;0.03125;0.03125;0.03125;0.03125;0.03125;0.03125;0.03125;0.03125;0.03125;0.03125;0.03125;0.03125;0.03125;0.03125;0.03125;0.03125;0.03125;0.03125;0.03125;0.03125;0.03125;0.03125;0.03125;0.03125;0.03125;0.03125;0.03125;0.03125;0.03125,0.0625;0.0625;0.0625;0.0625;0.0625;0.0625;0.0625;0.0625;0.0625;0.0625;0.0625;0.0625;0.0625;0.0625;0.0625;0.0625,0,0,0,0,0
weak,7,2,petz,,0.9999999999999996,True,1.2560739669470201e-15,0.9999999999999991,16,2.5000000000000005e-13,64,128,3.682033828877025e-15,1.7763568394002505e-15,1.000000000000002,1.0000000000000013,0.9999999999999988,-1.7763568394002505e-15,7.771561172376096e-16,16,8,0.0625;0.0625;0.0625;0.0625;0.0625;0.0625;0.0625;0.0625;0.0625;0.0625;0.0625;0.0625;0.0625;0.0625;0.0625;0.0625,0.125;0.125;0.125;0.125;0.125;0.125;0.125;0.125,0,0,0,0,0
weak,7,3,petz,,0.9999999999999996,True,1.2560739669470201e-15,0.9999999999999991,8,3.535533905932735e-13,128,256,1.3802532688274075e-15,1.7763568394002505e-15,1.000000000000002,1.0000000000000013,0.9999999999999988,-1.7763568394002505e-15,7.771561172376096e-16,8,4,0.125;0.125;0.125;0.125;0.125;0.125;0.125;0.125,0.25;0.25;0.25;0.25,0,0,0,0,0
weak,7,4,petz,,0.9999999999999989,True,6.280369834735101e-16,0.9999999999999996,4,4.999999999999998e-13,256,512,2.114464014916916e-15,6.661338147750939e-16,1.000000000000001,1.0000000000000007,0.9999999999999996,-1.7763568394002505e-15,-6.661338147750939e-16,4,2,0.25;0.25;0.25;0.25,0.5;0.5,0,0,0,0,0
weak,7,5,petz,,0.9999999999999993,True,3.1401849173675503e-16,0.9999999999999998,2,7.071067811865474e-13,512,1024,5.011639840136164e-16,0.0,1.0000000000000022,1.0000000000000016,1.0,-2.220446049250313e-15,-6.661338147750939e-16,2,1,0.5;0.5,1,0,0,0,0,0
weak,8,1,petz,,0.9999999999999987,True,6.280369834735101e-16,0.9999999999999996,32,1.7677669529663684e-13,32,64,5.0449200478863205e-15,2.6645352591003757e-15,1.0000000000000027,1.0000000000000018,0.9999999999999981,-3.1086244689504383e-15,5.551115123125783e-16,32,16,0.03125;0.03125;0.03125;0.03125;0.03125;0.03125;0.03125;0.03125;0.03125;0.03125;0.03125;0.03125;0.03125;0.03125;0.03125;0.03125;0.03125;0.03125;0.03125;0.03125;0.03125;0.03125;0.03125;0.03125;0.03125;0.03125;0.03125;0.03125;0.03125;0.03125;0.03125;0.03125,0.0625;0.0625;0.0625;0.0625;0.0625;0.0625;0.0625;0.0625;0.0625;0.0625;0.0625;0.0625;0.0625;0.0625;0.0625;0.0625,0,0,0,0,0
weak,8,2,petz,,0.9999999999999988,True,1.2560739669470201e-15,0.9999999999999991,16,2.499999999999999e-13,64,128,2.6281498746430964e-15,8.881784197001252e-16,1.0000000000000016,1.000000000000001,0.9999999999999993,-2.3314683517128287e-15,-5.551115123125783e-16,16,8,0.0625;0.0625;0.0625;0.0625;0.0625;0.0625;0.0625;0.0625;0.0625;0.0625;0.0625;0.0625;0.0625;0.0625;0.0625;0.0625,0.125;0.125;0.125;0.125;0.125;0.125;0.125;0.125,0,0,0,0,0
weak,8,3,petz,,0.9999999999999996,True,6.280369834735101e-16,0.9999999999999996,8,3.535533905932735e-13,128,256,1.2560739669470201e-15,2.220446049250313e-15,1.0000000000000029,1.000000000000002,0.9999999999999984,-2.4424906541753444e-15,1.1102230246251565e-15,8,4,0.125;0.125;0.125;0.125;0.125;0.125;0.125;0.125,0.25;0.25;0.25;0.25,0,0,0,0,0
weak,8,4,petz,,0.9999999999999982,True,3.1401849173675503e-16,0.9999999999999998,4,4.999999999999998e-13,256,512,4.0932122849851937e-16,6.661338147750939e-16,1.000000000000001,1.0000000000000007,0.9999999999999996,-2.4424906541753444e-15,-1.3322676295501878e-15,4,2,0.25;0.25;0.25;0.25,0.5;0.5,0,0,0,0,0
weak,8,5,petz,,0.9999999999999942,True,3.1401849173675503e-16,0.9999999999999998,2,7.071067811865474e-13,512,1024,3.443335648308716e-15,0.0,1.0000000000000022,1.0000000000000016,1.0,-7.327471962526033e-15,-5.773159728050814e-15,2,1,0.5;0.5,1,0,0,0,0,0
weak,9,1,petz,,0.9999999999999982,True,1.88411095042053e-15,0.9999999999999987,32,1.7677669529663684e-13,32,64,5.273435229302043e-15,8.881784197001252e-16,1.0000000000000027,1.0000000000000018,0.9999999999999993,-3.552713678800501e-15,-1.1102230246251565e-15,32,16,0.03125;0.03125;0.03125;0.03125;0.03125;0.03125;0.03125;0.03125;0.03125;0.03125;0.03125;0.03125;0.03125;0.03125;0.03125;0.03125;0.03125;0.03125;0.03125;0.03125;0.03125;0.03125;0.03125;0.03125;0.03125;0.03125;0.03125;0.03125;0.03125;0.03125;0.03125;0.03125,0.0625;0.0625;0.0625;0.0625;0.0625;0.0625;0.0625;0.0625;0.0625;0.0625;0.0625;0.0625;0.0625;0.0625;0.0625;0.0625,0,0,0,0,0
weak,9,2,petz,,0.9999999999999996,True,2.198129442157285e-15,0.9999999999999984,16,2.4999999999999994e-13,64,128,4.73096967462735e-15,1.3322676295501878e-15,1.0000000000000027,1.0000000000000018,0.9999999999999991,-2.220446049250313e-15,4.440892098500626e-16,16,8,0.0625;0.0625;0.0625;0.0625;0.0625;0.0625;0.0625;0.0625;0.0625;0.0625;0.0625;0.0625;0.0625;0.0625;0.0625;0.0625,0.125;0.125;0.125;0.125;0.125;0.125;0.125;0.125,0,0,0,0,0
weak,9,3,petz,,0.9999999999999982,True,2.0411201962889075e-15,0.9999999999999986,8,3.535533905932737e-13,128,256,4.497345389831789e-15,2.220446049250313e-15,1.0000000000000036,1.0000000000000024,0.9999999999999984,-4.218847493575595e-15,-2.220446049250313e-16,8,4,0.125;0.125;0.125;0.125;0.125;0.125;0.125;0.125,0.25;0.25;0.25;0.25,0,0,0,0,0
weak,9,4,petz,,0.9999999999999954,True,1.0990647210786425e-15,0.9999999999999992,4,4.999999999999999e-13,256,512,4.4561531270373326e-15,8.881784197001252e-16,1.0000000000000002,1.0000000000000002,0.9999999999999993,-4.773959005888173e-15,-3.885780586188048e-15,4,2,0.25;0.25;0.25;0.25,0.5;0.5,0,0,0,0,0
weak,9,5,petz,,0.9999999999999978,True,6.280369834735101e-16,0.9999999999999996,2,7.071067811865476e-13,512,1024,1.2230664761086036e-15,0.0,1.0000000000000013,1.0000000000000009,1.0,-3.1086244689504383e-15,-2.220446049250313e-15,2,1,0.5;0.5,1,0,0,0,0,0
weak,10,1,petz,,0.999999999999999,True,6.280369834735101e-16,0.9999999999999996,32,1.7677669529663684e-13,32,64,5.37338892378309e-15,1.7763568394002505e-15,1.0000000000000013,1.0000000000000009,0.9999999999999988,-1.887379141862766e-15,2.220446049250313e-16,32,16,0.03125;0.03125;0.03125;0.03125;0.03125;0.03125;0.03125;0.03125;0.03125;0.03125;0.03125;0.03125;0.03125;0.03125;0.03125;0.03125;0.03125;0.03125;0.03125;0.03125;0.03125;0.03125;0.03125;0.03125;0.03125;0.03125;0.03125;0.03125;0.03125;0.03125;0.03125;0.03125,0.0625;0.0625;0.0625;0.0625;0.0625;0.0625;0.0625;0.0625;0.0625;0.0625;0.0625;0.0625;0.0625;0.0625;0.0625;0.0625,0,0,0,0,0
weak,10,2,petz,,0.9999999999999991,True,1.2560739669470201e-15,0.9999999999999991,16,2.499999999999999e-13,64,128,1.6931425666206823e-15,1.3322676295501878e-15,1.000000000000002,1.0000000000000013,0.9999999999999991,-2.220446049250313e-15,0.0,16,8,0.0625;0.0625;0.0625;0.0625;0.0625;0.0625;0.0625;0.0625;0.0625;0.0625;0.0625;0.0625;0.0625;0.0625;0.0625;0.0625,0.125;0.125;0.125;0.125;0.125;0.125;0.125;0.125,0,0,0,0,0
weak,10,3,petz,,0.9999999999999999,True,1.2560739669470201e-15,0.9999999999999991,8,3.5355339059327354e-13,128,256,2.9282197419084665e-15,1.7763568394002505e-15,1.000000000000002,1.0000000000000013,0.9999999999999988,-1.4432899320127035e-15,1.1102230246251565e-15,8,4,0.125;0.125;0.125;0.125;0.125;0.125;0.125;0.125,0.25;0.25;0.25;0.25,0,0,0,0,0
weak,10,4,petz,,0.9999999999999989,True,6.280369834735101e-16,0.9999999999999996,4,4.999999999999998e-13,256,512,3.885935469125957e-16,6.661338147750939e-16,1.000000000000001,1.0000000000000007,0.9999999999999996,-1.7763568394002505e-15,-6.661338147750939e-16,4,2,0.25;0.25;0.25;0.25,0.5;0.5,0,0,0,0,0
weak,10,5,petz,,0.9999999999999942,True,3.1401849173675503e-16,0.9999999999999998,2,7.071067811865474e-13,512,1024,3.443335648308716e-15,0.0,1.0000000000000022,1.0000000000000016,1.0,-7.327471962526033e-15,-5.773159728050814e-15,2,1,0.5;0.5,1,0,0,0,0,0
weak,11,1,petz,,0.9999999999999984,True,1.88411095042053e-15,0.9999999999999987,32,1.7677669529663684e-13,32,64,4.569353562436913e-15,8.881784197001252e-16,0.9999999999999993,0.9999999999999996,0.9999999999999993,-1.1102230246251565e-15,-8.881784197001252e-16,32,16,0.03125;0.03125;0.03125;0.03125;0.03125;0.03125;0.03125;0.03125;0.03125;0.03125;0.03125;0.03125;0.03125;0.03125;0.03125;0.03125;0.03125;0.03125;0.03125;0.03125;0.03125;0.03125;0.03125;0.03125;0.03125;0.03125;0.03125;0.03125;0.03125;0.03125;0.03125;0.03125,0.0625;0.0625;0.0625;0.0625;0.0625;0.0625;0.0625;0.0625;0.0625;0.0625;0.0625;0.0625;0.0625;0.0625;0.0625;0.0625,0,0,0,0,0
weak,11,2,petz,,0.9999999999999998,True,2.198129442157285e-15,0.9999999999999984,16,2.499999999999999e-13,64,128,4.094785639938136e-15,3.1086244689504383e-15,1.000000000000003,1.0000000000000022,0.9999999999999979,-2.4424906541753444e-15,1.887379141862766e-15,16,8,0.0625;0.0625;0.0625;0.0625;0.0625;0.0625;0.0625;0.0625;0.0625;0.0625;0.0625;0.0625;0.0625;0.0625;0.0625;0.0625,0.125;0.125;0.125;0.125;0.125;0.125;0.125;0.125,0,0,0,0,0
weak,11,3,petz,,0.9999999999999979,True,2.0411201962889075e-15,0.9999999999999986,8,3.5355339059327364e-13,128,256,2.5448909950885016e-15,2.220446049250313e-15,1.0000000000000013,1.0000000000000009,0.9999999999999984,-2.9976021664879227e-15,-5.551115123125783e-16,8,4,0.125;0.125;0.125;0.125;0.125;0.125;0.125;0.125,0.25;0.25;0.25;0.25,0,0,0,0,0
weak,11,4,petz,,0.9999999999999984,True,1.0990647210786425e-15,0.9999999999999992,4,4.999999999999999e-13,256,512,3.696377763907763e-15,8.881784197001252e-16,1.0000000000000002,1.0000000000000002,0.9999999999999993,-1.7763568394002505e-15,-8.881784197001252e-16,4,2,0.25;0.25;0.25;0.25,0.5;0.5,0,0,0,0,0
weak,11,5,petz,,0.9999999999999982,True,6.280370159112043e-16,0.9999999999999996,2,7.071067811865476e-13,512,1024,1.4328594806517818e-15,0.0,1.0000000000000013,1.0000000000000009,1.0,-2.6645352591003757e-15,-1.7763568394002505e-15,2,1,0.5;0.5,1,0,0,0,0,0
weak,12,1,petz,,0.9999999999999984,True,1.88411095042053e-15,0.9999999999999987,32,1.7677669529663684e-13,32,64,4.193979866990715e-15,1.7763568394002505e-15,1.0000000000000009,1.0000000000000007,0.9999999999999988,-2.220446049250313e-15,-3.3306690738754696e-16,32,16,0.03125;0.03125;0.03125;0.03125;0.03125;0.03125;0.03125;0.03125;0.03125;0.03125;0.03125;0.03125;0.03125;0.03125;0.03125;0.03125;0.03125;0.03125;0.03125;0.03125;0.03125;0.03125;0.03125;0.03125;0.03125;0.03125;0.03125;0.03125;0.03125;0.03125;0.03125;0.03125,0.0625;0.0625;0.0625;0.0625;0.0625;0.0625;0.0625;0.0625;0.0625;0.0625;0.0625;0.0625;0.0625;0.0625;0.0625;0.0625,0,0,0,0,0
weak,12,2,petz,,0.9999999999999994,True,1.4130832128153975e-15,0.999999999999999,16,2.499999999999999e-13,64,128,3.598609005822554e-15,4.440892098500626e-16,1.000000000000002,1.0000000000000013,0.9999999999999997,-1.887379141862766e-15,-2.220446049250313e-16,16,8,0.0625;0.0625;0.0625;0.0625;0.0625;0.0625;0.0625;0.0625;0.0625;0.0625;0.0625;0.0625;0.0625;0.0625;0.0625;0.0625,0.125;0.125;0.125;0.125;0.125;0.125;0.125;0.125,0,0,0,0,0
weak,12,3,petz,,0.9999999999999971,True,2.0411201962889075e-15,0.9999999999999986,8,3.5355339059327374e-13,128,256,3.4247492699820625e-15,2.6645352591003757e-15,1.0000000000000036,1.0000000000000024,0.9999999999999981,-5.329070518200751e-15,-9.992007221626409e-16,8,4,0.125;0.125;0.125;0.125;0.125;0.125;0.125;0.125,0.25;0.25;0.25;0.25,0,0,0,0,0
weak,12,4,petz,,0.999999999999996,True,1.0990647210786425e-15,0.9999999999999992,4,4.999999999999999e-13,256,512,3.235500646745374e-15,8.881784197001252e-16,1.0000000000000002,1.0000000000000002,0.9999999999999993,-4.218847493575595e-15,-3.3306690738754696e-15,4,2,0.25;0.25;0.25;0.25,0.5;0.5,0,0,0,0,0
weak,12,5,petz,,0.9999999999999971,True,6.280369834735101e-16,0.9999999999999996,2,7.071067811865476e-13,512,1024,1.7283899310960454e-15,0.0,1.0000000000000013,1.0000000000000009,1.0,-3.774758283725532e-15,-2.886579864025407e-15,2,1,0.5;0.5,1,0,0,0,0,0
weak,13,1,petz,,0.9999999999999986,True,6.280369834735101e-16,0.9999999999999996,32,1.7677669529663684e-13,32,64,4.38051910123686e-15,1.7763568394002505e-15,1.0000000000000024,1.0000000000000018,0.9999999999999988,-3.219646771412954e-15,-2.220446049250313e-16,32,16,0.03125;0.03125;0.03125;0.03125;0.03125;0.03125;0.03125;0.03125;0.03125;0.03125;0.03125;0.03125;0.03125;0.03125;0.03125;0.03125;0.03125;0.03125;0.03125;0.03125;0.03125;0.03125;0.03125;0.03125;0.03125;0.03125;0.03125;0.03125;0.03125;0.03125;0.03125;0.03125,0.0625;0.0625;0.0625;0.0625;0.0625;0.0625;0.0625;0.0625;0.0625;0.0625;0.0625;0.0625;0.0625;0.0625;0.0625;0.0625,0,0,0,0,0
weak,13,2,petz,,0.9999999999999994,True,1.2560739669470201e-15,0.9999999999999991,16,2.4999999999999994e-13,64,128,3.764360374241615e-15,8.881784197001252e-16,1.000000000000002,1.0000000000000013,0.9999999999999993,-1.887379141862766e-15,1.1102230246251565e-16,16,8,0.0625;0.0625;0.0625;0.0625;0.0625;0.0625;0.0625;0.0625;0.0625;0.0625;0.0625;0.0625;0.0625;0.0625;0.0625;0.0625,0.125;0.125;0.125;0.125;0.125;0.125;0.125;0.125,0,0,0,0,0
weak,13,3,petz,,0.9999999999999996,True,1.2560739669470201e-15,0.9999999999999991,8,3.535533905932735e-13,128,256,1.6318334456417187e-15,1.7763568394002505e-15,1.000000000000002,1.0000000000000013,0.9999999999999988,-1.7763568394002505e-15,7.771561172376096e-16,8,4,0.125;0.125;0.125;0.125;0.125;0.125;0.125;0.125,0.25;0.25;0.25;0.25,0,0,0,0,0
weak,13,4,petz,,0.9999999999999982,True,6.280369834735101e-16,0.9999999999999996,4,4.999999999999999e-13,256,512,2.4021365584654027e-15,6.661338147750939e-16,1.000000000000001,1.0000000000000007,0.9999999999999996,-2.4424906541753444e-15,-1.3322676295501878e-15,4,2,0.25;0.25;0.25;0.25,0.5;0.5,0,0,0,0,0
weak,13,5,petz,,0.9999999999999942,True,3.1401849173675503e-16,0.9999999999999998,2,7.071067811865474e-13,512,1024,3.443335648308716e-15,0.0,1.0000000000000022,1.0000000000000016,1.0,-7.327471962526033e-15,-5.773159728050814e-15,2,1,0.5;0.5,1,0,0,0,0,0
weak,14,1,petz,,0.9999999999999992,True,6.280369834735101e-16,0.9999999999999996,32,1.7677669529663687e-13,32,64,3.7769271850425316e-15,8.881784197001252e-16,1.0000000000000022,1.0000000000000016,0.9999999999999993,-2.3314683517128287e-15,-1.1102230246251565e-16,32,16,0.03125;0.03125;0.03125;0.03125;0.03125;0.03125;0.03125;0.03125;0.03125;0.03125;0.03125;0.03125;0.03125;0.03125;0.03125;0.03125;0.03125;0.03125;0.03125;0.03125;0.03125;0.03125;0.03125;0.03125;0.03125;0.03125;0.03125;0.03125;0.03125;0.03125;0.03125;0.03125,0.0625;0.0625;0.0625;0.0625;0.0625;0.0625;0.0625;0.0625;0.0625;0.0625;0.0625;0.0625;0.0625;0.0625;0.0625;0.0625,0,0,0,0,0
weak,14,2,petz,,1.0,True,1.2560739669470201e-15,0.9999999999999991,16,2.499999999999999e-13,64,128,4.686091739089117e-15,1.3322676295501878e-15,1.000000000000002,1.0000000000000013,0.9999999999999991,-1.3322676295501878e-15,8.881784197001252e-16,16,8,0.0625;0.0625;0.0625;0.0625;0.0625;0.0625;0.0625;0.0625;0.0625;0.0625;0.0625;0.0625;0.0625;0.0625;0.0625;0.0625,0.125;0.125;0.125;0.125;0.125;0.125;0.125;0.125,0,0,0,0,0
weak,14,3,petz,,0.9999999999999993,True,1.2560739669470201e-15,0.9999999999999991,8,3.5355339059327354e-13,128,256,1.538370149106851e-15,1.7763568394002505e-15,1.000000000000002,1.0000000000000013,0.9999999999999988,-1.9984014443252818e-15,5.551115123125783e-16,8,4,0.125;0.125;0.125;0.125;0.125;0.125;0.125;0.125,0.25;0.25;0.25;0.25,0,0,0,0,0
weak,14,4,petz,,0.9999999999999989,True,6.280369834735101e-16,0.9999999999999996,4,4.999999999999998e-13,256,512,1.5191127592948659e-15,6.661338147750939e-16,1.000000000000001,1.0000000000000007,0.9999999999999996,-1.7763568394002505e-15,-6.661338147750939e-16,4,2,0.25;0.25;0.25;0.25,0.5;0.5,0,0,0,0,0
weak,14,5,petz,,0.9999999999999993,True,3.1401849173675503e-16,0.9999999999999998,2,7.071067811865474e-13,512,1024,5.011639840136164e-16,0.0,1.0000000000000022,1.0000000000000016,1.0,-2.220446049250313e-15,-6.661338147750939e-16,2,1,0.5;0.5,1,0,0,0,0,0
weak,15,1,petz,,0.9999999999999996,True,6.280369834735101e-16,0.9999999999999996,32,1.7677669529663682e-13,32,64,0.0,8.881784197001252e-16,1.000000000000001,1.0000000000000007,0.9999999999999993,-1.1102230246251565e-15,2.220446049250313e-16,32,16,0.03125;0.03125;0.03125;0.03125;0.03125;0.03125;0.03125;0.03125;0.03125;0.03125;0.03125;0.03125;0.03125;0.03125;0.03125;0.03125;0.03125;0.03125;0.03125;0.03125;0.03125;0.03125;0.03125;0.03125;0.03125;0.03125;0.03125;0.03125;0.03125;0.03125;0.03125;0.03125,0.0625;0.0625;0.0625;0.0625;0.0625;0.0625;0.0625;0.0625;0.0625;0.0625;0.0625;0.0625;0.0625;0.0625;0.0625;0.0625,0,0,0,0,0
weak,15,2,petz,,0.9999999999999992,True,1.0990647210786425e-15,0.9999999999999992,16,2.499999999999999e-13,64,128,1.1102230246251565e-16,1.3322676295501878e-15,1.000000000000001,1.0000000000000007,0.9999999999999991,-1.4432899320127035e-15,1.1102230246251565e-16,16,8,0.0625;0.0625;0.0625;0.0625;0.0625;0.0625;0.0625;0.0625;0.0625;0.0625;0.0625;0.0625;0.0625;0.0625;0.0625;0.0625,0.125;0.125;0.125;0.125;0.125;0.125;0.125;0.125,0,0,0,0,0
weak,15,3,petz,,0.999999999999999,True,9.42055475210265e-16,0.9999999999999993,8,3.535533905932737e-13,128,256,4.440892098500626e-16,8.881784197001252e-16,1.0000000000000009,1.0000000000000007,0.9999999999999993,-1.6653345369377348e-15,-3.3306690738754696e-16,8,4,0.125;0.125;0.125;0.125;0.125;0.125;0.125;0.125,0.25;0.25;0.25;0.25,0,0,0,0,0
weak,15,4,petz,,0.9999999999999991,True,7.850462293418876e-16,0.9999999999999994,4,4.999999999999998e-13,256,512,2.220446049250313e-16,6.661338147750939e-16,1.000000000000001,1.0000000000000007,0.9999999999999996,-1.5543122344752192e-15,-4.440892098500626e-16,4,2,0.25;0.25;0.25;0.25,0.5;0.5,0,0,0,0,0
weak,15,5,petz,,0.9999999999999978,True,9.42055475210265e-16,0.9999999999999993,2,7.071067811865474e-13,512,1024,1.1102230246251565e-15,0.0,1.0000000000000022,1.0000000000000016,1.0,-3.774758283725532e-15,-2.220446049250313e-15,2,1,0.5;0.5,1,0,0,0,0,0
weak,16,1,petz,,0.9999999999999981,True,6.280369834735101e-16,0.9999999999999996,32,1.7677669529663682e-13,32,64,5.702225072534198e-15,1.7763568394002505e-15,1.000000000000002,1.0000000000000013,0.9999999999999988,-3.219646771412954e-15,-6.661338147750939e-16,32,16,0.03125;0.03125;0.03125;0.03125;0.03125;0.03125;0.03125;0.03125;0.03125;0.03125;0.03125;0.03125;0.03125;0.03125;0.03125;0.03125;0.03125;0.03125;0.03125;0.03125;0.03125;0.03125;0.03125;0.03125;0.03125;0.03125;0.03125;0.03125;0.03125;0.03125;0.03125;0.03125,0.0625;0.0625;0.0625;0.0625;0.0625;0.0625;0.0625;0.0625;0.0625;0.0625;0.0625;0.0625;0.0625;0.0625;0.0625;0.0625,0,0,0,0,0
weak,16,2,petz,,0.9999999999999962,True,3.1401849173675503e-16,0.9999999999999998,16,2.4999999999999994e-13,64,128,5.065911767391904e-15,1.3322676295501878e-15,1.0000000000000007,1.0000000000000004,0.9999999999999991,-4.218847493575595e-15,-2.886579864025407e-15,16,8,0.0625;0.0625;0.0625;0.0625;0.0625;0.0625;0.0625;0.0625;0.0625;0.0625;0.0625;0.0625;0.0625;0.0625;0.0625;0.0625,0.125;0.125;0.125;0.125;0.125;0.125;0.125;0.125,0,0,0,0,0
weak,16,3,petz,,0.9999999999999989,True,3.1401849173675503e-16,0.9999999999999998,8,3.535533905932738e-13,128,256,5.774636425918986e-15,8.881784197001252e-16,1.0000000000000007,1.0000000000000004,0.9999999999999993,-1.5543122344752192e-15,-4.440892098500626e-16,8,4,0.125;0.125;0.125;0.125;0.125;0.125;0.125;0.125,0.25;0.25;0.25;0.25,0,0,0,0,0
weak,16,4,petz,,1.000000000000007,True,1.5700924586837752e-16,0.9999999999999999,4,5e-13,256,512,3.716350584423374e-15,2.220446049250313e-16,1.0000000000000007,1.0000000000000004,0.9999999999999999,6.661338147750939e-15,7.216449660063518e-15,4,2,0.25;0.25;0.25;0.25,0.5;0.5,0,0,0,0,0
weak,16,5,petz,,0.9999999999999993,True,1.5700924825619814e-16,0.9999999999999999,2,7.071067811865479e-13,512,1024,1.1981063476982527e-15,0.0,1.0000000000000002,1.0000000000000002,1.0,-8.881784197001252e-16,-6.661338147750939e-16,2,1,0.5;0.5,1,0,0,0,0,0
weak,17,1,petz,,0.9999999999999982,True,2.3551386880256627e-15,0.9999999999999983,32,1.7677669529663684e-13,32,64,4.807621766067934e-15,1.7763568394002505e-15,1.000000000000005,1.0000000000000036,0.9999999999999988,-5.329070518200751e-15,-5.551115123125783e-16,32,16,0.03125;0.03125;0.03125;0.03125;0.03125;0.03125;0.03125;0.03125;0.03125;0.03125;0.03125;0.03125;0.03125;0.03125;0.03125;0.03125;0.03125;0.03125;0.03125;0.03125;0.03125;0.03125;0.03125;0.03125;0.03125;0.03125;0.03125;0.03125;0.03125;0.03125;0.03125;0.03125,0.0625;0.0625;0.0625;0.0625;0.0625;0.0625;0.0625;0.0625;0.0625;0.0625;0.0625;0.0625;0.0625;0.0625;0.0625;0.0625,0,0,0,0,0
weak,17,2,petz,,0.9999999999999969,True,1.0990647210786425e-15,0.9999999999999992,16,2.499999999999999e-13,64,128,3.7381479938728075e-15,2.6645352591003757e-15,1.0000000000000002,1.0000000000000002,0.9999999999999981,-3.3306690738754696e-15,-1.2212453270876722e-15,16,8,0.0625;0.0625;0.0625;0.0625;0.0625;0.0625;0.0625;0.0625;0.0625;0.0625;0.0625;0.0625;0.0625;0.0625;0.0625;0.0625,0.125;0.125;0.125;0.125;0.125;0.125;0.125;0.125,0,0,0,0,0
weak,17,3,petz,,0.9999999999999982,True,6.280369834735101e-16,0.9999999999999996,8,3.535533905932737e-13,128,256,4.051852919107178e-15,8.881784197001252e-16,1.0000000000000009,1.0000000000000007,0.9999999999999993,-2.4424906541753444e-15,-1.1102230246251565e-15,8,4,0.125;0.125;0.125;0.125;0.125;0.125;0.125;0.125,0.25;0.25;0.25;0.25,0,0,0,0,0
weak,17,4,petz,,1.0000000000000018,True,3.1401849173675503e-16,0.9999999999999998,4,5e-13,256,512,2.948991833160177e-16,0.0,1.0000000000000007,1.0000000000000004,1.0,1.3322676295501878e-15,1.7763568394002505e-15,4,2,0.25;0.25;0.25;0.25,0.5;0.5,0,0,0,0,0
weak,17,5,petz,,0.9999999999999996,True,3.1401849173675503e-16,0.9999999999999998,2,7.071067811865476e-13,512,1024,4.798350731388906e-15,0.0,1.0000000000000007,1.0000000000000004,1.0,-8.881784197001252e-16,-4.440892098500626e-16,2,1,0.5;0.5,1,0,0,0,0,0
weak,18,1,petz,,0.9999999999999981,True,6.280369834735101e-16,0.9999999999999996,32,1.7677669529663687e-13,32,64,3.97407018268185e-15,8.881784197001252e-16,1.0000000000000013,1.0000000000000009,0.9999999999999993,-2.7755575615628914e-15,-1.2212453270876722e-15,32,16,0.03125;0.03125;0.03125;0.03125;0.03125;0.03125;0.03125;0.03125;0.03125;0.03125;0.03125;0.03125;0.03125;0.03125;0.03125;0.03125;0.03125;0.03125;0.03125;0.03125;0.03125;0.03125;0.03125;0.03125;0.03125;0.03125;0.03125;0.03125;0.03125;0.03125;0.03125;0.03125,0.0625;0.0625;0.0625;0.0625;0.0625;0.0625;0.0625;0.0625;0.0625;0.0625;0.0625;0.0625;0.0625;0.0625;0.0625;0.0625,0,0,0,0,0
weak,18,2,petz,,0.9999999999999991,True,1.0990647210786425e-15,0.9999999999999992,16,2.499999999999999e-13,64,128,5.887621335815258e-16,1.7763568394002505e-15,1.0000000000000016,1.000000000000001,0.9999999999999988,-1.9984014443252818e-15,3.3306690738754696e-16,16,8,0.0625;0.0625;0.0625;0.0625;0.0625;0.0625;0.0625;0.0625;0.0625;0.0625;0.0625;0.0625;0.0625;0.0625;0.0625;0.0625,0.125;0.125;0.125;0.125;0.125;0.125;0.125;0.125,0,0,0,0,0
weak,18,3,petz,,0.999999999999998,True,1.0990647210786425e-15,0.9999999999999992,8,3.5355339059327364e-13,128,256,1.5811545341329135e-15,1.3322676295501878e-15,1.0000000000000022,1.0000000000000016,0.9999999999999991,-3.552713678800501e-15,-1.1102230246251565e-15,8,4,0.125;0.125;0.125;0.125;0.125;0.125;0.125;0.125,0.25;0.25;0.25;0.25,0,0,0,0,0
weak,18,4,petz,,0.9999999999999977,True,1.0990647210786425e-15,0.9999999999999992,4,4.999999999999999e-13,256,512,1.996135381666973e-15,8.881784197001252e-16,1.0000000000000002,1.0000000000000002,0.9999999999999993,-2.55351295663786e-15,-1.6653345369377348e-15,4,2,0.25;0.25;0.25;0.25,0.5;0.5,0,0,0,0,0
weak,18,5,petz,,0.9999999999999964,True,6.280369834735101e-16,0.9999999999999996,2,7.071067811865475e-13,512,1024,2.3229961815352184e-15,0.0,1.0000000000000013,1.0000000000000009,1.0,-4.440892098500626e-15,-3.552713678800501e-15,2,1,0.5;0.5,1,0,0,0,0,0
weak,19,1,petz,,0.9999999999999982,True,2.0411201962889075e-15,0.9999999999999986,32,1.7677669529663682e-13,32,64,4.131309226649021e-15,1.7763568394002505e-15,1.000000000000002,1.0000000000000013,0.9999999999999988,-3.1086244689504383e-15,-5.551115123125783e-16,32,16,0.03125;0.03125;0.03125;0.03125;0.03125;0.03125;0.03125;0.03125;0.03125;0.03125;0.03125;0.03125;0.03125;0.03125;0.03125;0.03125;0.03125;0.03125;0.03125;0.03125;0.03125;0.03125;0.03125;0.03125;0.03125;0.03125;0.03125;0.03125;0.03125;0.03125;0.03125;0.03125,0.0625;0.0625;0.0625;0.0625;0.0625;0.0625;0.0625;0.0625;0.0625;0.0625;0.0625;0.0625;0.0625;0.0625;0.0625;0.0625,0,0,0,0,0
weak,19,2,petz,,0.9999999999999998,True,1.4130832128153975e-15,0.999999999999999,16,2.4999999999999984e-13,64,128,4.075578321133518e-15,8.881784197001252e-16,1.000000000000001,1.0000000000000007,0.9999999999999993,-8.881784197001252e-16,4.440892098500626e-16,16,8,0.0625;0.0625;0.0625;0.0625;0.0625;0.0625;0.0625;0.0625;0.0625;0.0625;0.0625;0.0625;0.0625;0.0625;0.0625;0.0625,0.125;0.125;0.125;0.125;0.125;0.125;0.125;0.125,0,0,0,0,0
weak,19,3,petz,,0.9999999999999978,True,2.04112035598217e-15,0.9999999999999986,8,3.5355339059327364e-13,128,256,2.9144646473127674e-15,2.220446049250313e-15,1.0000000000000036,1.0000000000000024,0.9999999999999984,-4.6629367034256575e-15,-6.661338147750939e-16,8,4,0.125;0.125;0.125;0.125;0.125;0.125;0.125;0.125,0.25;0.25;0.25;0.25,0,0,0,0,0
weak,19,4,petz,,1.0000000000000024,True,1.0990647952219433e-15,0.9999999999999992,4,4.999999999999999e-13,256,512,6.749271844854079e-15,8.881784197001252e-16,1.0000000000000002,1.0000000000000002,0.9999999999999993,2.220446049250313e-15,3.1086244689504383e-15,4,2,0.25;0.25;0.25;0.25,0.5;0.5,0,0,0,0,0
weak,19,5,petz,,0.9999999999999987,True,6.280546048646086e-16,0.9999999999999996,2,7.071067811865476e-13,512,1024,1.4056110677974431e-15,0.0,1.0000000000000013,1.0000000000000009,1.0,-2.220446049250313e-15,-1.3322676295501878e-15,2,1,0.5;0.5,1,0,0,0,0,0
weak,20,1,petz,,0.9999999999999981,True,1.8841116424245662e-15,0.9999999999999987,32,1.7677669529663684e-13,32,64,4.4243918813329885e-15,0.0,1.000000000000001,1.0000000000000007,1.0,-2.55351295663786e-15,-1.887379141862766e-15,32,16,0.03125;0.03125;0.03125;0.03125;0.03125;0.03125;0.03125;0.03125;0.03125;0.03125;0.03125;0.03125;0.03125;0.03125;0.03125;0.03125;0.03125;0.03125;0.03125;0.03125;0.03125;0.03125;0.03125;0.03125;0.03125;0.03125;0.03125;0.03125;0.03125;0.03125;0.03125;0.03125,0.0625;0.0625;0.0625;0.0625;0.0625;0.0625;0.0625;0.0625;0.0625;0.0625;0.0625;0.0625;0.0625;0.0625;0.0625;0.0625,0,0,0,0,0
weak,20,2,petz,,0.9999999999999999,True,2.1981295904438867e-15,0.9999999999999984,16,2.499999999999999e-13,64,128,4.611812162313455e-15,3.1086244689504383e-15,1.000000000000003,1.0000000000000022,0.9999999999999979,-2.3314683517128287e-15,1.9984014443252818e-15,16,8,0.0625;0.0625;0.0625;0.0625;0.0625;0.0625;0.0625;0.0625;0.0625;0.0625;0.0625;0.0625;0.0625;0.0625;0.0625;0.0625,0.125;0.125;0.125;0.125;0.125;0.125;0.125;0.125,0,0,0,0,0
weak,20,3,petz,,0.9999999999999982,True,1.0990647952219433e-15,0.9999999999999992,8,3.5355339059327364e-13,128,256,2.556626189281992e-15,8.881784197001252e-16,1.000000000000002,1.0000000000000013,0.9999999999999993,-3.1086244689504383e-15,-1.1102230246251565e-15,8,4,0.125;0.125;0.125;0.125;0.125;0.125;0.125;0.125,0.25;0.25;0.25;0.25,0,0,0,0,0
weak,20,4,petz,,0.9999999999999996,True,1.0990647952219433e-15,0.9999999999999992,4,4.999999999999999e-13,256,512,3.3526675161134257e-15,8.881784197001252e-16,1.0000000000000002,1.0000000000000002,0.9999999999999993,-6.661338147750939e-16,2.220446049250313e-16,4,2,0.25;0.25;0.25;0.25,0.5;0.5,0,0,0,0,0
weak,20,5,petz,,0.9999999999999987,True,6.280546048646086e-16,0.9999999999999996,2,7.071067811865476e-13,512,1024,1.405611067797442e-15,0.0,1.0000000000000013,1.0000000000000009,1.0,-2.220446049250313e-15,-1.3322676295501878e-15,2,1,0.5;0.5,1,0,0,0,0,0
weak,21,1,petz,,0.9999999999999987,True,6.280369834735101e-16,0.9999999999999996,32,1.7677669529663687e-13,32,64,4.871020031615081e-15,1.7763568394002505e-15,1.0000000000000027,1.0000000000000018,0.9999999999999988,-3.1086244689504383e-15,-1.1102230246251565e-16,32,16,0.03125;0.03125;0.03125;0.03125;0.03125;0.03125;0.03125;0.03125;0.03125;0.03125;0.03125;0.03125;0.03125;0.03125;0.03125;0.03125;0.03125;0.03125;0.03125;0.03125;0.03125;0.03125;0.03125;0.03125;0.03125;0.03125;0.03125;0.03125;0.03125;0.03125;0.03125;0.03125,0.0625;0.0625;0.0625;0.0625;0.0625;0.0625;0.0625;0.0625;0.0625;0.0625;0.0625;0.0625;0.0625;0.0625;0.0625;0.0625,0,0,0,0,0
weak,21,2,petz,,0.9999999999999991,True,1.2560739669470201e-15,0.9999999999999991,16,2.4999999999999984e-13,64,128,1.3233982784120144e-15,1.3322676295501878e-15,1.000000000000002,1.0000000000000013,0.9999999999999991,-2.220446049250313e-15,0.0,16,8,0.0625;0.0625;0.0625;0.0625;0.0625;0.0625;0.0625;0.0625;0.0625;0.0625;0.0625;0.0625;0.0625;0.0625;0.0625;0.0625,0.125;0.125;0.125;0.125;0.125;0.125;0.125;0.125,0,0,0,0,0
weak,21,3,petz,,0.9999999999999996,True,1.2560739669470201e-15,0.9999999999999991,8,3.535533905932735e-13,128,256,1.4037263656879328e-15,1.7763568394002505e-15,1.000000000000002,1.0000000000000013,0.9999999999999988,-1.7763568394002505e-15,7.771561172376096e-16,8,4,0.125;0.125;0.125;0.125;0.125;0.125;0.125;0.125,0.25;0.25;0.25;0.25,0,0,0,0,0
weak,21,4,petz,,0.9999999999999989,True,6.280369834735101e-16,0.9999999999999996,4,4.999999999999998e-13,256,512,1.4616541262672694e-15,6.661338147750939e-16,1.000000000000001,1.0000000000000007,0.9999999999999996,-1.7763568394002505e-15,-6.661338147750939e-16,4,2,0.25;0.25;0.25;0.25,0.5;0.5,0,0,0,0,0
weak,21,5,petz,,0.9999999999999942,True,3.1401849173675503e-16,0.9999999999999998,2,7.071067811865474e-13,512,1024,3.443335648308716e-15,0.0,1.0000000000000022,1.0000000000000016,1.0,-7.327471962526033e-15,-5.773159728050814e-15,2,1,0.5;0.5,1,0,0,0,0,0
weak,22,1,petz,,0.9999999999999986,True,6.280369834735101e-16,0.9999999999999996,32,1.7677669529663687e-13,32,64,4.1938870431262066e-15,8.881784197001252e-16,1.000000000000002,1.0000000000000013,0.9999999999999993,-2.7755575615628914e-15,-7.771561172376096e-16,32,16,0.03125;0.03125;0.03125;0.03125;0.03125;0.03125;0.03125;0.03125;0.03125;0.03125;0.03125;0.03125;0.03125;0.03125;0.03125;0.03125;0.03125;0.03125;0.03125;0.03125;0.03125;0.03125;0.03125;0.03125;0.03125;0.03125;0.03125;0.03125;0.03125;0.03125;0.03125;0.03125,0.0625;0.0625;0.0625;0.0625;0.0625;0.0625;0.0625;0.0625;0.0625;0.0625;0.0625;0.0625;0.0625;0.0625;0.0625;0.0625,0,0,0,0,0
weak,22,2,petz,,0.9999999999999989,True,1.2560739669470201e-15,0.9999999999999991,16,2.4999999999999984e-13,64,128,4.933036736289491e-16,8.881784197001252e-16,1.0000000000000016,1.000000000000001,0.9999999999999993,-2.220446049250313e-15,-4.440892098500626e-16,16,8,0.0625;0.0625;0.0625;0.0625;0.0625;0.0625;0.0625;0.0625;0.0625;0.0625;0.0625;0.0625;0.0625;0.0625;0.0625;0.0625,0.125;0.125;0.125;0.125;0.125;0.125;0.125;0.125,0,0,0,0,0
weak,22,3,petz,,0.9999999999999994,True,1.2560739669470201e-15,0.9999999999999991,8,3.5355339059327354e-13,128,256,1.6382844595789988e-15,1.7763568394002505e-15,1.000000000000002,1.0000000000000013,0.9999999999999988,-1.887379141862766e-15,6.661338147750939e-16,8,4,0.125;0.125;0.125;0.125;0.125;0.125;0.125;0.125,0.25;0.25;0.25;0.25,0,0,0,0,0
weak,22,4,petz,,0.9999999999999989,True,6.280369834735101e-16,0.9999999999999996,4,4.999999999999998e-13,256,512,1.4616541262672694e-15,6.661338147750939e-16,1.000000000000001,1.0000000000000007,0.9999999999999996,-1.7763568394002505e-15,-6.661338147750939e-16,4,2,0.25;0.25;0.25;0.25,0.5;0.5,0,0,0,0,0
weak,22,5,petz,,0.9999999999999942,True,3.1401849173675503e-16,0.9999999999999998,2,7.071067811865474e-13,512,1024,3.443335648308716e-15,0.0,1.0000000000000022,1.0000000000000016,1.0,-7.327471962526033e-15,-5.773159728050814e-15,2,1,0.5;0.5,1,0,0,0,0,0
weak,23,1,petz,,0.9999999999999982,True,6.280369834735101e-16,0.9999999999999996,32,1.7677669529663684e-13,32,64,3.081304908510171e-15,8.881784197001252e-16,1.0000000000000013,1.0000000000000009,0.9999999999999993,-2.6645352591003757e-15,-1.1102230246251565e-15,32,16,0.03125;0.03125;0.03125;0.03125;0.03125;0.03125;0.03125;0.03125;0.03125;0.03125;0.03125;0.03125;0.03125;0.03125;0.03125;0.03125;0.03125;0.03125;0.03125;0.03125;0.03125;0.03125;0.03125;0.03125;0.03125;0.03125;0.03125;0.03125;0.03125;0.03125;0.03125;0.03125,0.0625;0.0625;0.0625;0.0625;0.0625;0.0625;0.0625;0.0625;0.0625;0.0625;0.0625;0.0625;0.0625;0.0625;0.0625;0.0625,0,0,0,0,0
weak,23,2,petz,,0.9999999999999992,True,1.0990647210786425e-15,0.9999999999999992,16,2.499999999999999e-13,64,128,1.1597862475038427e-15,1.7763568394002505e-15,1.0000000000000016,1.000000000000001,0.9999999999999988,-1.887379141862766e-15,4.440892098500626e-16,16,8,0.0625;0.0625;0.0625;0.0625;0.0625;0.0625;0.0625;0.0625;0.0625;0.0625;0.0625;0.0625;0.0625;0.0625;0.0625;0.0625,0.125;0.125;0.125;0.125;0.125;0.125;0.125;0.125,0,0,0,0,0
weak,23,3,petz,,0.999999999999998,True,1.0990647210786425e-15,0.9999999999999992,8,3.5355339059327364e-13,128,256,1.5572627833008945e-15,1.3322676295501878e-15,1.0000000000000022,1.0000000000000016,0.9999999999999991,-3.552713678800501e-15,-1.1102230246251565e-15,8,4,0.125;0.125;0.125;0.125;0.125;0.125;0.125;0.125,0.25;0.25;0.25;0.25,0,0,0,0,0
weak,23,4,petz,,0.9999999999999977,True,1.0990647210786425e-15,0.9999999999999992,4,4.999999999999999e-13,256,512,2.0023007679244668e-15,8.881784197001252e-16,1.0000000000000002,1.0000000000000002,0.9999999999999993,-2.55351295663786e-15,-1.6653345369377348e-15,4,2,0.25;0.25;0.25;0.25,0.5;0.5,0,0,0,0,0
weak,23,5,petz,,0.9999999999999964,True,6.280369834735101e-16,0.9999999999999996,2,7.071067811865475e-13,512,1024,2.3229961815352184e-15,0.0,1.0000000000000013,1.0000000000000009,1.0,-4.440892098500626e-15,-3.552713678800501e-15,2,1,0.5;0.5,1,0,0,0,0,0
weak,24,1,petz,,0.9999999999999987,True,6.280369834735101e-16,0.9999999999999996,32,1.7677669529663687e-13,32,64,5.2794607634391084e-15,2.6645352591003757e-15,1.0000000000000027,1.0000000000000018,0.9999999999999981,-3.1086244689504383e-15,5.551115123125783e-16,32,16,0.03125;0.03125;0.03125;0.03125;0.03125;0.03125;0.03125;0.03125;0.03125;0.03125;0.03125;0.03125;0.03125;0.03125;0.03125;0.03125;0.03125;0.03125;0.03125;0.03125;0.03125;0.03125;0.03125;0.03125;0.03125;0.03125;0.03125;0.03125;0.03125;0.03125;0.03125;0.03125,0.0625;0.0625;0.0625;0.0625;0.0625;0.0625;0.0625;0.0625;0.0625;0.0625;0.0625;0.0625;0.0625;0.0625;0.0625;0.0625,0,0,0,0,0
weak,24,2,petz,,0.9999999999999991,True,1.2560739669470201e-15,0.9999999999999991,16,2.499999999999999e-13,64,128,2.457092116016912e-15,8.881784197001252e-16,1.0000000000000016,1.000000000000001,0.9999999999999993,-1.9984014443252818e-15,-2.220446049250313e-16,16,8,0.0625;0.0625;0.0625;0.0625;0.0625;0.0625;0.0625;0.0625;0.0625;0.0625;0.0625;0.0625;0.0625;0.0625;0.0625;0.0625,0.125;0.125;0.125;0.125;0.125;0.125;0.125;0.125,0,0,0,0,0
weak,24,3,petz,,0.9999999999999996,True,6.280369834735101e-16,0.9999999999999996,8,3.535533905932735e-13,128,256,1.2560739669470201e-15,2.220446049250313e-15,1.0000000000000029,1.000000000000002,0.9999999999999984,-2.4424906541753444e-15,1.1102230246251565e-15,8,4,0.125;0.125;0.125;0.125;0.125;0.125;0.125;0.125,0.25;0.25;0.25;0.25,0,0,0,0,0
weak,24,4,petz,,0.9999999999999982,True,3.1401849173675503e-16,0.9999999999999998,4,4.999999999999998e-13,256,512,4.0932122849851937e-16,6.661338147750939e-16,1.000000000000001,1.0000000000000007,0.9999999999999996,-2.4424906541753444e-15,-1.3322676295501878e-15,4,2,0.25;0.25;0.25;0.25,0.5;0.5,0,0,0,0,0
weak,24,5,petz,,0.9999999999999942,True,3.1401849173675503e-16,0.9999999999999998,2,7.071067811865474e-13,512,1024,3.443335648308716e-15,0.0,1.0000000000000022,1.0000000000000016,1.0,-7.327471962526033e-15,-5.773159728050814e-15,2,1,0.5;0.5,1,0,0,0,0,0
weak,25,1,petz,,0.9999999999999983,True,1.88411095042053e-15,0.9999999999999987,32,1.7677669529663684e-13,32,64,4.662886939202905e-15,1.7763568394002505e-15,1.0000000000000009,1.0000000000000007,0.9999999999999988,-2.3314683517128287e-15,-4.440892098500626e-16,32,16,0.03125;0.03125;0.03125;0.03125;0.03125;0.03125;0.03125;0.03125;0.03125;0.03125;0.03125;0.03125;0.03125;0.03125;0.03125;0.03125;0.03125;0.03125;0.03125;0.03125;0.03125;0.03125;0.03125;0.03125;0.03125;0.03125;0.03125;0.03125;0.03125;0.03125;0.03125;0.03125,0.0625;0.0625;0.0625;0.0625;0.0625;0.0625;0.0625;0.0625;0.0625;0.0625;0.0625;0.0625;0.0625;0.0625;0.0625;0.0625,0,0,0,0,0
weak,25,2,petz,,0.9999999999999999,True,1.4130832128153975e-15,0.999999999999999,16,2.499999999999999e-13,64,128,4.980608360069223e-15,4.440892098500626e-16,1.000000000000002,1.0000000000000013,0.9999999999999997,-1.4432899320127035e-15,2.220446049250313e-16,16,8,0.0625;0.0625;0.0625;0.0625;0.0625;0.0625;0.0625;0.0625;0.0625;0.0625;0.0625;0.0625;0.0625;0.0625;0.0625;0.0625,0.125;0.125;0.125;0.125;0.125;0.125;0.125;0.125,0,0,0,0,0
weak,25,3,petz,,0.9999999999999976,True,2.0411201962889075e-15,0.9999999999999986,8,3.5355339059327374e-13,128,256,3.3876785638838578e-15,2.6645352591003757e-15,1.0000000000000036,1.0000000000000024,0.9999999999999981,-4.884981308350689e-15,-5.551115123125783e-16,8,4,0.125;0.125;0.125;0.125;0.125;0.125;0.125;0.125,0.25;0.25;0.25;0.25,0,0,0,0,0
weak,25,4,petz,,0.999999999999996,True,1.0990647210786425e-15,0.9999999999999992,4,4.999999999999999e-13,256,512,3.235500646745374e-15,8.881784197001252e-16,1.0000000000000002,1.0000000000000002,0.9999999999999993,-4.218847493575595e-15,-3.3306690738754696e-15,4,2,0.25;0.25;0.25;0.25,0.5;0.5,0,0,0,0,0
weak,25,5,petz,,0.9999999999999971,True,6.280369834735101e-16,0.9999999999999996,2,7.071067811865476e-13,512,1024,1.7283899310960454e-15,0.0,1.0000000000000013,1.0000000000000009,1.0,-3.774758283725532e-15,-2.886579864025407e-15,2,1,0.5;0.5,1,0,0,0,0,0
weak,26,1,petz,,0.9999999999999982,True,1.88411095042053e-15,0.9999999999999987,32,1.7677669529663684e-13,32,64,4.648115108615424e-15,8.881784197001252e-16,1.0000000000000009,1.0000000000000007,0.9999999999999993,-2.4424906541753444e-15,-1.1102230246251565e-15,32,16,0.03125;0.03125;0.03125;0.03125;0.03125;0.03125;0.03125;0.03125;0.03125;0.03125;0.03125;0.03125;0.03125;0.03125;0.03125;0.03125;0.03125;0.03125;0.03125;0.03125;0.03125;0.03125;0.03125;0.03125;0.03125;0.03125;0.03125;0.03125;0.03125;0.03125;0.03125;0.03125,0.0625;0.0625;0.0625;0.0625;0.0625;0.0625;0.0625;0.0625;0.0625;0.0625;0.0625;0.0625;0.0625;0.0625;0.0625;0.0625,0,0,0,0,0
weak,26,2,petz,,1.0000000000000002,True,2.198129442157285e-15,0.9999999999999984,16,2.4999999999999984e-13,64,128,3.9775581403000324e-15,2.6645352591003757e-15,1.000000000000003,1.0000000000000022,0.9999999999999981,-1.9984014443252818e-15,2.1094237467877974e-15,16,8,0.0625;0.0625;0.0625;0.0625;0.0625;0.0625;0.0625;0.0625;0.0625;0.0625;0.0625;0.0625;0.0625;0.0625;0.0625;0.0625,0.125;0.125;0.125;0.125;0.125;0.125;0.125;0.125,0,0,0,0,0
weak,26,3,petz,,0.9999999999999977,True,1.0990647210786425e-15,0.9999999999999992,8,3.535533905932737e-13,128,256,3.579195873572884e-15,8.881784197001252e-16,1.000000000000002,1.0000000000000013,0.9999999999999993,-3.6637359812630166e-15,-1.6653345369377348e-15,8,4,0.125;0.125;0.125;0.125;0.125;0.125;0.125;0.125,0.25;0.25;0.25;0.25,0,0,0,0,0
weak,26,4,petz,,0.9999999999999967,True,6.280370159112043e-16,0.9999999999999996,4,4.999999999999999e-13,256,512,4.472090205184636e-15,4.440892098500626e-16,1.000000000000001,1.0000000000000007,0.9999999999999997,-3.9968028886505635e-15,-2.9976021664879227e-15,4,2,0.25;0.25;0.25;0.25,0.5;0.5,0,0,0,0,0
weak,26,5,petz,,0.9999999999999982,True,6.280370159112043e-16,0.9999999999999996,2,7.071067811865476e-13,512,1024,1.4353176999907315e-15,0.0,1.0000000000000013,1.0000000000000009,1.0,-2.6645352591003757e-15,-1.7763568394002505e-15,2,1,0.5;0.5,1,0,0,0,0,0
weak,27,1,petz,,0.9999999999999987,True,6.280369834735101e-16,0.9999999999999996,32,1.7677669529663687e-13,32,64,4.168977202930946e-15,2.6645352591003757e-15,1.0000000000000027,1.0000000000000018,0.9999999999999981,-3.1086244689504383e-15,5.551115123125783e-16,32,16,0.03125;0.03125;0.03125;0.03125;0.03125;0.03125;0.03125;0.03125;0.03125;0.03125;0.03125;0.03125;0.03125;0.03125;0.03125;0.03125;0.03125;0.03125;0.03125;0.03125;0.03125;0.03125;0.03125;0.03125;0.03125;0.03125;0.03125;0.03125;0.03125;0.03125;0.03125;0.03125,0.0625;0.0625;0.0625;0.0625;0.0625;0.0625;0.0625;0.0625;0.0625;0.0625;0.0625;0.0625;0.0625;0.0625;0.0625;0.0625,0,0,0,0,0
weak,27,2,petz,,0.9999999999999993,True,1.2560739669470201e-15,0.9999999999999991,16,2.4999999999999994e-13,64,128,2.8875328491669176e-15,1.3322676295501878e-15,1.0,1.0,0.9999999999999991,-6.661338147750939e-16,2.220446049250313e-16,16,8,0.0625;0.0625;0.0625;0.0625;0.0625;0.0625;0.0625;0.0625;0.0625;0.0625;0.0625;0.0625;0.0625;0.0625;0.0625;0.0625,0.125;0.125;0.125;0.125;0.125;0.125;0.125;0.125,0,0,0,0,0
weak,27,3,petz,,1.0,True,1.2560739669470201e-15,0.9999999999999991,8,3.5355339059327354e-13,128,256,2.760433884148537e-15,1.7763568394002505e-15,1.000000000000002,1.0000000000000013,0.9999999999999988,-1.3322676295501878e-15,1.2212453270876722e-15,8,4,0.125;0.125;0.125;0.125;0.125;0.125;0.125;0.125,0.25;0.25;0.25;0.25,0,0,0,0,0
weak,27,4,petz,,0.9999999999999989,True,6.280369834735101e-16,0.9999999999999996,4,4.999999999999998e-13,256,512,3.8879483858468746e-16,6.661338147750939e-16,1.000000000000001,1.0000000000000007,0.9999999999999996,-1.7763568394002505e-15,-6.661338147750939e-16,4,2,0.25;0.25;0.25;0.25,0.5;0.5,0,0,0,0,0
weak,27,5,petz,,0.9999999999999942,True,3.1401849173675503e-16,0.9999999999999998,2,7.071067811865474e-13,512,1024,3.443335648308716e-15,0.0,1.0000000000000022,1.0000000000000016,1.0,-7.327471962526033e-15,-5.773159728050814e-15,2,1,0.5;0.5,1,0,0,0,0,0
weak,28,1,petz,,0.9999999999999987,True,6.280369834735101e-16,0.9999999999999996,32,1.7677669529663682e-13,32,64,3.067511536286184e-15,8.881784197001252e-16,1.0000000000000013,1.0000000000000009,0.9999999999999993,-2.220446049250313e-15,-6.661338147750939e-16,32,16,0.03125;0.03125;0.03125;0.03125;0.03125;0.03125;0.03125;0.03125;0.03125;0.03125;0.03125;0.03125;0.03125;0.03125;0.03125;0.03125;0.03125;0.03125;0.03125;0.03125;0.03125;0.03125;0.03125;0.03125;0.03125;0.03125;0.03125;0.03125;0.03125;0.03125;0.03125;0.03125,0.0625;0.0625;0.0625;0.0625;0.0625;0.0625;0.0625;0.0625;0.0625;0.0625;0.0625;0.0625;0.0625;0.0625;0.0625;0.0625,0,0,0,0,0
weak,28,2,petz,,0.999999999999999,True,1.0990647210786425e-15,0.9999999999999992,16,2.499999999999999e-13,64,128,4.440892098500626e-16,1.7763568394002505e-15,1.0000000000000016,1.000000000000001,0.9999999999999988,-2.1094237467877974e-15,2.220446049250313e-16,16,8,0.0625;0.0625;0.0625;0.0625;0.0625;0.0625;0.0625;0.0625;0.0625;0.0625;0.0625;0.0625;0.0625;0.0625;0.0625;0.0625,0.125;0.125;0.125;0.125;0.125;0.125;0.125;0.125,0,0,0,0,0
weak,28,3,petz,,0.999999999999998,True,1.0990647210786425e-15,0.9999999999999992,8,3.5355339059327364e-13,128,256,1.5734759539007101e-15,1.3322676295501878e-15,1.0000000000000022,1.0000000000000016,0.9999999999999991,-3.552713678800501e-15,-1.1102230246251565e-15,8,4,0.125;0.125;0.125;0.125;0.125;0.125;0.125;0.125,0.25;0.25;0.25;0.25,0,0,0,0,0
weak,28,4,petz,,0.999999999999998,True,1.0990647210786425e-15,0.9999999999999992,4,4.999999999999999e-13,256,512,1.4469548861465461e-15,8.881784197001252e-16,1.0000000000000002,1.0000000000000002,0.9999999999999993,-2.220446049250313e-15,-1.3322676295501878e-15,4,2,0.25;0.25;0.25;0.25,0.5;0.5,0,0,0,0,0
weak,28,5,petz,,0.9999999999999964,True,6.280419237726299e-16,0.9999999999999996,2,7.071067811865475e-13,512,1024,2.1870594183432645e-15,0.0,1.0000000000000013,1.0000000000000009,1.0,-4.440892098500626e-15,-3.552713678800501e-15,2,1,0.5;0.5,1,0,0,0,0,0
weak,29,1,petz,,0.9999999999999983,True,1.88411095042053e-15,0.9999999999999987,32,1.7677669529663684e-13,32,64,5.147300791032219e-15,0.0,1.0000000000000007,1.0000000000000004,1.0,-2.1094237467877974e-15,-1.6653345369377348e-15,32,16,0.03125;0.03125;0.03125;0.03125;0.03125;0.03125;0.03125;0.03125;0.03125;0.03125;0.03125;0.03125;0.03125;0.03125;0.03125;0.03125;0.03125;0.03125;0.03125;0.03125;0.03125;0.03125;0.03125;0.03125;0.03125;0.03125;0.03125;0.03125;0.03125;0.03125;0.03125;0.03125,0.0625;0.0625;0.0625;0.0625;0.0625;0.0625;0.0625;0.0625;0.0625;0.0625;0.0625;0.0625;0.0625;0.0625;0.0625;0.0625,0,0,0,0,0
weak,29,2,petz,,0.9999999999999996,True,2.198129442157285e-15,0.9999999999999984,16,2.499999999999999e-13,64,128,5.625251800376737e-15,2.6645352591003757e-15,1.0000000000000029,1.000000000000002,0.9999999999999981,-2.4424906541753444e-15,1.4432899320127035e-15,16,8,0.0625;0.0625;0.0625;0.0625;0.0625;0.0625;0.0625;0.0625;0.0625;0.0625;0.0625;0.0625;0.0625;0.0625;0.0625;0.0625,0.125;0.125;0.125;0.125;0.125;0.125;0.125;0.125,0,0,0,0,0
weak,29,3,petz,,0.999999999999998,True,1.0990647210786425e-15,0.9999999999999992,8,3.535533905932737e-13,128,256,2.2619696293514104e-15,8.881784197001252e-16,1.000000000000002,1.0000000000000013,0.9999999999999993,-3.3306690738754696e-15,-1.3322676295501878e-15,8,4,0.125;0.125;0.125;0.125;0.125;0.125;0.125;0.125,0.25;0.25;0.25;0.25,0,0,0,0,0
weak,29,4,petz,,0.9999999999999981,True,1.0990647210786425e-15,0.9999999999999992,4,4.999999999999999e-13,256,512,5.2606575566357396e-15,8.881784197001252e-16,1.0000000000000002,1.0000000000000002,0.9999999999999993,-2.1094237467877974e-15,-1.2212453270876722e-15,4,2,0.25;0.25;0.25;0.25,0.5;0.5,0,0,0,0,0
weak,29,5,petz,,0.9999999999999978,True,6.280369834735101e-16,0.9999999999999996,2,7.071067811865476e-13,512,1024,1.2230664761086036e-15,0.0,1.0000000000000013,1.0000000000000009,1.0,-3.1086244689504383e-15,-2.220446049250313e-15,2,1,0.5;0.5,1,0,0,0,0,0
weak,30,1,petz,,0.9999999999999983,True,6.280369834735101e-16,0.9999999999999996,32,1.7677669529663687e-13,32,64,5.409559301941441e-15,2.6645352591003757e-15,1.0000000000000027,1.0000000000000018,0.9999999999999981,-3.4416913763379853e-15,2.220446049250313e-16,32,16,0.03125;0.03125;0.03125;0.03125;0.03125;0.03125;0.03125;0.03125;0.03125;0.03125;0.03125;0.03125;0.03125;0.03125;0.03125;0.03125;0.03125;0.03125;0.03125;0.03125;0.03125;0.03125;0.03125;0.03125;0.03125;0.03125;0.03125;0.03125;0.03125;0.03125;0.03125;0.03125,0.0625;0.0625;0.0625;0.0625;0.0625;0.0625;0.0625;0.0625;0.0625;0.0625;0.0625;0.0625;0.0625;0.0625;0.0625;0.0625,0,0,0,0,0
weak,30,2,petz,,0.9999999999999991,True,1.2560739669470201e-15,0.9999999999999991,16,2.4999999999999994e-13,64,128,2.431944160314055e-15,8.881784197001252e-16,1.0000000000000016,1.000000000000001,0.9999999999999993,-1.9984014443252818e-15,-2.220446049250313e-16,16,8,0.0625;0.0625;0.0625;0.0625;0.0625;0.0625;0.0625;0.0625;0.0625;0.0625;0.0625;0.0625;0.0625;0.0625;0.0625;0.0625,0.125;0.125;0.125;0.125;0.125;0.125;0.125;0.125,0,0,0,0,0
weak,30,3,petz,,0.9999999999999996,True,6.280369834735101e-16,0.9999999999999996,8,3.535533905932735e-13,128,256,1.2560739669470201e-15,2.220446049250313e-15,1.0000000000000029,1.000000000000002,0.9999999999999984,-2.4424906541753444e-15,1.1102230246251565e-15,8,4,0.125;0.125;0.125;0.125;0.125;0.125;0.125;0.125,0.25;0.25;0.25;0.25,0,0,0,0,0
weak,30,4,petz,,0.9999999999999989,True,6.280369834735101e-16,0.9999999999999996,4,4.999999999999998e-13,256,512,3.885935469125957e-16,6.661338147750939e-16,1.000000000000001,1.0000000000000007,0.9999999999999996,-1.7763568394002505e-15,-6.661338147750939e-16,4,2,0.25;0.25;0.25;0.25,0.5;0.5,0,0,0,0,0
weak,30,5,petz,,0.9999999999999942,True,3.1401849173675503e-16,0.9999999999999998,2,7.071067811865474e-13,512,1024,3.443335648308716e-15,0.0,1.0000000000000022,1.0000000000000016,1.0,-7.327471962526033e-15,-5.773159728050814e-15,2,1,0.5;0.5,1,0,0,0,0,0
weak,31,1,petz,,0.9999999999999986,True,1.88411095042053e-15,0.9999999999999987,32,1.7677669529663684e-13,32,64,4.201797244703527e-15,0.0,1.000000000000002,1.0000000000000013,1.0,-2.7755575615628914e-15,-1.4432899320127035e-15,32,16,0.03125;0.03125;0.03125;0.03125;0.03125;0.03125;0.03125;0.03125;0.03125;0.03125;0.03125;0.03125;0.03125;0.03125;0.03125;0.03125;0.03125;0.03125;0.03125;0.03125;0.03125;0.03125;0.03125;0.03125;0.03125;0.03125;0.03125;0.03125;0.03125;0.03125;0.03125;0.03125,0.0625;0.0625;0.0625;0.0625;0.0625;0.0625;0.0625;0.0625;0.0625;0.0625;0.0625;0.0625;0.0625;0.0625;0.0625;0.0625,0,0,0,0,0
weak,31,2,petz,,0.9999999999999993,True,1.4130832128153975e-15,0.999999999999999,16,2.4999999999999994e-13,64,128,4.254843516675939e-15,0.0,1.000000000000002,1.0000000000000013,1.0,-1.9984014443252818e-15,-6.661338147750939e-16,16,8,0.0625;0.0625;0.0625;0.0625;0.0625;0.0625;0.0625;0.0625;0.0625;0.0625;0.0625;0.0625;0.0625;0.0625;0.0625;0.0625,0.125;0.125;0.125;0.125;0.125;0.125;0.125;0.125,0,0,0,0,0
weak,31,3,petz,,0.9999999999999973,True,2.0411201962889075e-15,0.9999999999999986,8,3.535533905932737e-13,128,256,2.641690940509581e-15,2.6645352591003757e-15,1.0000000000000036,1.0000000000000024,0.9999999999999981,-5.10702591327572e-15,-7.771561172376096e-16,8,4,0.125;0.125;0.125;0.125;0.125;0.125;0.125;0.125,0.25;0.25;0.25;0.25,0,0,0,0,0
weak,31,4,petz,,0.9999999999999982,True,1.0990647210786425e-15,0.9999999999999992,4,4.999999999999999e-13,256,512,4.554817021811344e-15,8.881784197001252e-16,1.0000000000000002,1.0000000000000002,0.9999999999999993,-1.9984014443252818e-15,-1.1102230246251565e-15,4,2,0.25;0.25;0.25;0.25,0.5;0.5,0,0,0,0,0
weak,31,5,petz,,0.9999999999999982,True,6.280369834735101e-16,0.9999999999999996,2,7.071067811865476e-13,512,1024,1.6092093271358688e-15,0.0,1.0000000000000013,1.0000000000000009,1.0,-2.6645352591003757e-15,-1.7763568394002505e-15,2,1,0.5;0.5,1,0,0,0,0,0
weak,32,1,petz,,0.9999999999999983,True,6.280369834735101e-16,0.9999999999999996,32,1.7677669529663682e-13,32,64,2.718917203879366e-15,8.881784197001252e-16,1.0000000000000013,1.0000000000000009,0.9999999999999993,-2.55351295663786e-15,-9.992007221626409e-16,32,16,0.03125;0.03125;0.03125;0.03125;0.03125;0.03125;0.03125;0.03125;0.03125;0.03125;0.03125;0.03125;0.03125;0.03125;0.03125;0.03125;0.03125;0.03125;0.03125;0.03125;0.03125;0.03125;0.03125;0.03125;0.03125;0.03125;0.03125;0.03125;0.03125;0.03125;0.03125;0.03125,0.0625;0.0625;0.0625;0.0625;0.0625;0.0625;0.0625;0.0625;0.0625;0.0625;0.0625;0.0625;0.0625;0.0625;0.0625;0.0625,0,0,0,0,0
weak,32,2,petz,,0.9999999999999991,True,1.0990647210786425e-15,0.9999999999999992,16,2.5e-13,64,128,1.0341858481637153e-15,1.7763568394002505e-15,1.0000000000000016,1.000000000000001,0.9999999999999988,-1.9984014443252818e-15,3.3306690738754696e-16,16,8,0.0625;0.0625;0.0625;0.0625;0.0625;0.0625;0.0625;0.0625;0.0625;0.0625;0.0625;0.0625;0.0625;0.0625;0.0625;0.0625,0.125;0.125;0.125;0.125;0.125;0.125;0.125;0.125,0,0,0,0,0
weak,32,3,petz,,0.9999999999999981,True,1.0990647210786425e-15,0.9999999999999992,8,3.5355339059327364e-13,128,256,1.3662286961613655e-15,1.3322676295501878e-15,1.0000000000000022,1.0000000000000016,0.9999999999999991,-3.4416913763379853e-15,-9.992007221626409e-16,8,4,0.125;0.125;0.125;0.125;0.125;0.125;0.125;0.125,0.25;0.25;0.25;0.25,0,0,0,0,0
weak,32,4,petz,,0.9999999999999979,True,1.0990647210786425e-15,0.9999999999999992,4,4.999999999999999e-13,256,512,1.4890678778930882e-15,8.881784197001252e-16,1.0000000000000002,1.0000000000000002,0.9999999999999993,-2.3314683517128287e-15,-1.4432899320127035e-15,4,2,0.25;0.25;0.25;0.25,0.5;0.5,0,0,0,0,0
weak,32,5,petz,,0.9999999999999964,True,6.280369834735101e-16,0.9999999999999996,2,7.071067811865475e-13,512,1024,2.3229961815352184e-15,0.0,1.0000000000000013,1.0000000000000009,1.0,-4.440892098500626e-15,-3.552713678800501e-15,2,1,0.5;0.5,1,0,0,0,0,0
weak,33,1,petz,,0.9999999999999984,True,6.280369834735101e-16,0.9999999999999996,32,1.7677669529663687e-13,32,64,3.578367536808112e-15,1.7763568394002505e-15,1.0000000000000033,1.0000000000000022,0.9999999999999988,-3.774758283725532e-15,-3.3306690738754696e-16,32,16,0.03125;0.03125;0.03125;0.03125;0.03125;0.03125;0.03125;0.03125;0.03125;0.03125;0.03125;0.03125;0.03125;0.03125;0.03125;0.03125;0.03125;0.03125;0.03125;0.03125;0.03125;0.03125;0.03125;0.03125;0.03125;0.03125;0.03125;0.03125;0.03125;0.03125;0.03125;0.03125,0.0625;0.0625;0.0625;0.0625;0.0625;0.0625;0.0625;0.0625;0.0625;0.0625;0.0625;0.0625;0.0625;0.0625;0.0625;0.0625,0,0,0,0,0
weak,33,2,petz,,0.9999999999999993,True,1.2560739669470201e-15,0.9999999999999991,16,2.4999999999999994e-13,64,128,2.647131023689539e-15,8.881784197001252e-16,1.0000000000000029,1.000000000000002,0.9999999999999993,-2.6645352591003757e-15,0.0,16,8,0.0625;0.0625;0.0625;0.0625;0.0625;0.0625;0.0625;0.0625;0.0625;0.0625;0.0625;0.0625;0.0625;0.0625;0.0625;0.0625,0.125;0.125;0.125;0.125;0.125;0.125;0.125;0.125,0,0,0,0,0
weak,33,3,petz,,0.9999999999999994,True,1.2560739669470201e-15,0.9999999999999991,8,3.535533905932737e-13,128,256,2.1486681928575912e-15,1.7763568394002505e-15,1.0000000000000016,1.000000000000001,0.9999999999999988,-1.6653345369377348e-15,6.661338147750939e-16,8,4,0.125;0.125;0.125;0.125;0.125;0.125;0.125;0.125,0.25;0.25;0.25;0.25,0,0,0,0,0
weak,33,4,petz,,0.9999999999999984,True,6.280369834735101e-16,0.9999999999999996,4,4.999999999999998e-13,256,512,6.498684481088736e-16,6.661338147750939e-16,1.000000000000001,1.0000000000000007,0.9999999999999996,-2.220446049250313e-15,-1.1102230246251565e-15,4,2,0.25;0.25;0.25;0.25,0.5;0.5,0,0,0,0,0
weak,33,5,petz,,0.9999999999999942,True,3.1401849173675503e-16,0.9999999999999998,2,7.071067811865474e-13,512,1024,3.443335648308716e-15,0.0,1.0000000000000022,1.0000000000000016,1.0,-7.327471962526033e-15,-5.773159728050814e-15,2,1,0.5;0.5,1,0,0,0,0,0
weak,34,1,petz,,0.9999999999999986,True,6.280369834735101e-16,0.9999999999999996,32,1.7677669529663687e-13,32,64,4.885089372343707e-15,2.6645352591003757e-15,1.0000000000000022,1.0000000000000016,0.9999999999999981,-2.9976021664879227e-15,4.440892098500626e-16,32,16,0.03125;0.03125;0.03125;0.03125;0.03125;0.03125;0.03125;0.03125;0.03125;0.03125;0.03125;0.03125;0.03125;0.03125;0.03125;0.03125;0.03125;0.03125;0.03125;0.03125;0.03125;0.03125;0.03125;0.03125;0.03125;0.03125;0.03125;0.03125;0.03125;0.03125;0.03125;0.03125,0.0625;0.0625;0.0625;0.0625;0.0625;0.0625;0.0625;0.0625;0.0625;0.0625;0.0625;0.0625;0.0625;0.0625;0.0625;0.0625,0,0,0,0,0
weak,34,2,petz,,0.9999999999999993,True,1.2560739669470201e-15,0.9999999999999991,16,2.5e-13,64,128,3.4747373351980075e-15,8.881784197001252e-16,1.000000000000001,1.0000000000000007,0.9999999999999993,-1.3322676295501878e-15,0.0,16,8,0.0625;0.0625;0.0625;0.0625;0.0625;0.0625;0.0625;0.0625;0.0625;0.0625;0.0625;0.0625;0.0625;0.0625;0.0625;0.0625,0.125;0.125;0.125;0.125;0.125;0.125;0.125;0.125,0,0,0,0,0
weak,34,3,petz,,0.9999999999999996,True,6.280369834735101e-16,0.9999999999999996,8,3.535533905932735e-13,128,256,1.452335524282492e-15,2.220446049250313e-15,1.0000000000000029,1.000000000000002,0.9999999999999984,-2.4424906541753444e-15,1.1102230246251565e-15,8,4,0.125;0.125;0.125;0.125;0.125;0.125;0.125;0.125,0.25;0.25;0.25;0.25,0,0,0,0,0
weak,34,4,petz,,0.9999999999999989,True,6.280369834735101e-16,0.9999999999999996,4,4.999999999999998e-13,256,512,3.885935469125957e-16,6.661338147750939e-16,1.000000000000001,1.0000000000000007,0.9999999999999996,-1.7763568394002505e-15,-6.661338147750939e-16,4,2,0.25;0.25;0.25;0.25,0.5;0.5,0,0,0,0,0
weak,34,5,petz,,0.9999999999999942,True,3.1401849173675503e-16,0.9999999999999998,2,7.071067811865474e-13,512,1024,3.443335648308716e-15,0.0,1.0000000000000022,1.0000000000000016,1.0,-7.327471962526033e-15,-5.773159728050814e-15,2,1,0.5;0.5,1,0,0,0,0,0
weak,35,1,petz,,0.9999999999999986,True,6.280369834735101e-16,0.9999999999999996,32,1.7677669529663682e-13,32,64,2.8379632921334584e-15,8.881784197001252e-16,1.0000000000000013,1.0000000000000009,0.9999999999999993,-2.3314683517128287e-15,-7.771561172376096e-16,32,16,0.03125;0.03125;0.03125;0.03125;0.03125;0.03125;0.03125;0.03125;0.03125;0.03125;0.03125;0.03125;0.03125;0.03125;0.03125;0.03125;0.03125;0.03125;0.03125;0.03125;0.03125;0.03125;0.03125;0.03125;0.03125;0.03125;0.03125;0.03125;0.03125;0.03125;0.03125;0.03125,0.0625;0.0625;0.0625;0.0625;0.0625;0.0625;0.0625;0.0625;0.0625;0.0625;0.0625;0.0625;0.0625;0.0625;0.0625;0.0625,0,0,0,0,0
weak,35,2,petz,,0.999999999999999,True,1.0990647210786425e-15,0.9999999999999992,16,2.5e-13,64,128,1.4934316751182291e-15,1.7763568394002505e-15,1.0000000000000016,1.000000000000001,0.9999999999999988,-2.1094237467877974e-15,2.220446049250313e-16,16,8,0.0625;0.0625;0.0625;0.0625;0.0625;0.0625;0.0625;0.0625;0.0625;0.0625;0.0625;0.0625;0.0625;0.0625;0.0625;0.0625,0.125;0.125;0.125;0.125;0.125;0.125;0.125;0.125,0,0,0,0,0
weak,35,3,petz,,0.999999999999998,True,1.0990647210786425e-15,0.9999999999999992,8,3.5355339059327364e-13,128,256,1.7344121890504802e-15,1.3322676295501878e-15,1.0000000000000022,1.0000000000000016,0.9999999999999991,-3.552713678800501e-15,-1.1102230246251565e-15,8,4,0.125;0.125;0.125;0.125;0.125;0.125;0.125;0.125,0.25;0.25;0.25;0.25,0,0,0,0,0
weak,35,4,petz,,0.9999999999999977,True,1.0990647210786425e-15,0.9999999999999992,4,4.999999999999999e-13,256,512,1.889444373728266e-15,8.881784197001252e-16,1.0000000000000002,1.0000000000000002,0.9999999999999993,-2.55351295663786e-15,-1.6653345369377348e-15,4,2,0.25;0.25;0.25;0.25,0.5;0.5,0,0,0,0,0
weak,35,5,petz,,0.9999999999999964,True,6.280369834735101e-16,0.9999999999999996,2,7.071067811865475e-13,512,1024,2.3229961815352184e-15,0.0,1.0000000000000013,1.0000000000000009,1.0,-4.440892098500626e-15,-3.552713678800501e-15,2,1,0.5;0.5,1,0,0,0,0,0
weak,36,1,petz,,0.9999999999999983,True,2.3551386880256627e-15,0.9999999999999983,32,1.7677669529663682e-13,32,64,4.681173333286525e-15,1.7763568394002505e-15,1.0000000000000027,1.0000000000000018,0.9999999999999988,-3.4416913763379853e-15,-4.440892098500626e-16,32,16,0.03125;0.03125;0.03125;0.03125;0.03125;0.03125;0.03125;0.03125;0.03125;0.03125;0.03125;0.03125;0.03125;0.03125;0.03125;0.03125;0.03125;0.03125;0.03125;0.03125;0.03125;0.03125;0.03125;0.03125;0.03125;0.03125;0.03125;0.03125;0.03125;0.03125;0.03125;0.03125,0.0625;0.0625;0.0625;0.0625;0.0625;0.0625;0.0625;0.0625;0.0625;0.0625;0.0625;0.0625;0.0625;0.0625;0.0625;0.0625,0,0,0,0,0
weak,36,2,petz,,0.9999999999999969,True,1.0990647210786425e-15,0.9999999999999992,16,2.4999999999999994e-13,64,128,4.78811404537337e-15,1.3322676295501878e-15,1.0000000000000013,1.0000000000000009,0.9999999999999991,-3.9968028886505635e-15,-2.220446049250313e-15,16,8,0.0625;0.0625;0.0625;0.0625;0.0625;0.0625;0.0625;0.0625;0.0625;0.0625;0.0625;0.0625;0.0625;0.0625;0.0625;0.0625,0.125;0.125;0.125;0.125;0.125;0.125;0.125;0.125,0,0,0,0,0
weak,36,3,petz,,0.9999999999999977,True,6.280369834735101e-16,0.9999999999999996,8,3.535533905932738e-13,128,256,5.5820009281309394e-15,8.881784197001252e-16,1.0000000000000013,1.0000000000000009,0.9999999999999993,-3.219646771412954e-15,-1.6653345369377348e-15,8,4,0.125;0.125;0.125;0.125;0.125;0.125;0.125;0.125,0.25;0.25;0.25;0.25,0,0,0,0,0
weak,36,4,petz,,0.9999999999999998,True,3.1401849173675503e-16,0.9999999999999998,4,5e-13,256,512,2.2413346353015464e-15,0.0,1.0000000000000007,1.0000000000000004,1.0,-6.661338147750939e-16,-2.220446049250313e-16,4,2,0.25;0.25;0.25;0.25,0.5;0.5,0,0,0,0,0
weak,36,5,petz,,1.0000000000000004,True,1.5700924586837752e-16,0.9999999999999999,2,7.071067811865476e-13,512,1024,1.0812338692454637e-14,0.0,1.0000000000000002,1.0000000000000002,1.0,2.220446049250313e-16,4.440892098500626e-16,2,1,0.5;0.5,1,0,0,0,0,0
weak,37,1,petz,,0.9999999999999986,True,6.280369834735101e-16,0.9999999999999996,32,1.7677669529663684e-13,32,64,4.172086111448649e-15,8.881784197001252e-16,1.0000000000000013,1.0000000000000009,0.9999999999999993,-2.3314683517128287e-15,-7.771561172376096e-16,32,16,0.03125;0.03125;0.03125;0.03125;0.03125;0.03125;0.03125;0.03125;0.03125;0.03125;0.03125;0.03125;0.03125;0.03125;0.03125;0.03125;0.03125;0.03125;0.03125;0.03125;0.03125;0.03125;0.03125;0.03125;0.03125;0.03125;0.03125;0.03125;0.03125;0.03125;0.03125;0.03125,0.0625;0.0625;0.0625;0.0625;0.0625;0.0625;0.0625;0.0625;0.0625;0.0625;0.0625;0.0625;0.0625;0.0625;0.0625;0.0625,0,0,0,0,0
weak,37,2,petz,,0.9999999999999991,True,1.0990647210786425e-15,0.9999999999999992,16,2.499999999999999e-13,64,128,4.440892098500626e-16,1.7763568394002505e-15,1.0000000000000016,1.000000000000001,0.9999999999999988,-1.9984014443252818e-15,3.3306690738754696e-16,16,8,0.0625;0.0625;0.0625;0.0625;0.0625;0.0625;0.0625;0.0625;0.0625;0.0625;0.0625;0.0625;0.0625;0.0625;0.0625;0.0625,0.125;0.125;0.125;0.125;0.125;0.125;0.125;0.125,0,0,0,0,0
weak,37,3,petz,,0.999999999999998,True,1.0990647210786425e-15,0.9999999999999992,8,3.5355339059327364e-13,128,256,1.5700924586837751e-15,1.3322676295501878e-15,1.0000000000000022,1.0000000000000016,0.9999999999999991,-3.552713678800501e-15,-1.1102230246251565e-15,8,4,0.125;0.125;0.125;0.125;0.125;0.125;0.125;0.125,0.25;0.25;0.25;0.25,0,0,0,0,0
weak,37,4,petz,,0.9999999999999977,True,1.0990647210786425e-15,0.9999999999999992,4,4.999999999999999e-13,256,512,1.889444373728266e-15,8.881784197001252e-16,1.0000000000000002,1.0000000000000002,0.9999999999999993,-2.55351295663786e-15,-1.6653345369377348e-15,4,2,0.25;0.25;0.25;0.25,0.5;0.5,0,0,0,0,0
weak,37,5,petz,,0.9999999999999964,True,6.280369834735101e-16,0.9999999999999996,2,7.071067811865475e-13,512,1024,2.3229961815352184e-15,0.0,1.0000000000000013,1.0000000000000009,1.0,-4.440892098500626e-15,-3.552713678800501e-15,2,1,0.5;0.5,1,0,0,0,0,0
weak,38,1,petz,,0.9999999999999982,True,1.88411095042053e-15,0.9999999999999987,32,1.7677669529663684e-13,32,64,4.871014882824102e-15,8.881784197001252e-16,1.000000000000002,1.0000000000000013,0.9999999999999993,-3.1086244689504383e-15,-1.1102230246251565e-15,32,16,0.03125;0.03125;0.03125;0.03125;0.03125;0.03125;0.03125;0.03125;0.03125;0.03125;0.03125;0.03125;0.03125;0.03125;0.03125;0.03125;0.03125;0.03125;0.03125;0.03125;0.03125;0.03125;0.03125;0.03125;0.03125;0.03125;0.03125;0.03125;0.03125;0.03125;0.03125;0.03125,0.0625;0.0625;0.0625;0.0625;0.0625;0.0625;0.0625;0.0625;0.0625;0.0625;0.0625;0.0625;0.0625;0.0625;0.0625;0.0625,0,0,0,0,0
weak,38,2,petz,,0.9999999999999996,True,1.4130832128153975e-15,0.999999999999999,16,2.499999999999999e-13,64,128,3.960914629431362e-15,8.881784197001252e-16,0.9999999999999997,0.9999999999999998,0.9999999999999993,-2.220446049250313e-16,2.220446049250313e-16,16,8,0.0625;0.0625;0.0625;0.0625;0.0625;0.0625;0.0625;0.0625;0.0625;0.0625;0.0625;0.0625;0.0625;0.0625;0.0625;0.0625,0.125;0.125;0.125;0.125;0.125;0.125;0.125;0.125,0,0,0,0,0
weak,38,3,petz,,0.9999999999999976,True,2.0411201962889075e-15,0.9999999999999986,8,3.535533905932737e-13,128,256,2.888112289325767e-15,1.7763568394002505e-15,1.0000000000000013,1.0000000000000009,0.9999999999999988,-3.3306690738754696e-15,-1.2212453270876722e-15,8,4,0.125;0.125;0.125;0.125;0.125;0.125;0.125;0.125,0.25;0.25;0.25;0.25,0,0,0,0,0
weak,38,4,petz,,0.9999999999999967,True,1.0990647210786425e-15,0.9999999999999992,4,4.999999999999999e-13,256,512,2.4900604418231124e-15,8.881784197001252e-16,1.0000000000000002,1.0000000000000002,0.9999999999999993,-3.552713678800501e-15,-2.6645352591003757e-15,4,2,0.25;0.25;0.25;0.25,0.5;0.5,0,0,0,0,0
weak,38,5,petz,,0.9999999999999978,True,6.280369834735101e-16,0.9999999999999996,2,7.071067811865476e-13,512,1024,1.2230664761086036e-15,0.0,1.0000000000000013,1.0000000000000009,1.0,-3.1086244689504383e-15,-2.220446049250313e-15,2,1,0.5;0.5,1,0,0,0,0,0
weak,39,1,petz,,0.9999999999999982,True,1.88411095042053e-15,0.9999999999999987,32,1.7677669529663684e-13,32,64,4.3072757074338876e-15,1.7763568394002505e-15,1.000000000000002,1.0000000000000013,0.9999999999999988,-3.1086244689504383e-15,-5.551115123125783e-16,32,16,0.03125;0.03125;0.03125;0.03125;0.03125;0.03125;0.03125;0.03125;0.03125;0.03125;0.03125;0.03125;0.03125;0.03125;0.03125;0.03125;0.03125;0.03125;0.03125;0.03125;0.03125;0.03125;0.03125;0.03125;0.03125;0.03125;0.03125;0.03125;0.03125;0.03125;0.03125;0.03125,0.0625;0.0625;0.0625;0.0625;0.0625;0.0625;0.0625;0.0625;0.0625;0.0625;0.0625;0.0625;0.0625;0.0625;0.0625;0.0625,0,0,0,0,0
weak,39,2,petz,,0.9999999999999998,True,1.4130832128153975e-15,0.999999999999999,16,2.499999999999999e-13,64,128,4.528125704665403e-15,0.0,1.0000000000000002,1.0000000000000002,1.0,-4.440892098500626e-16,-2.220446049250313e-16,16,8,0.0625;0.0625;0.0625;0.0625;0.0625;0.0625;0.0625;0.0625;0.0625;0.0625;0.0625;0.0625;0.0625;0.0625;0.0625;0.0625,0.125;0.125;0.125;0.125;0.125;0.125;0.125;0.125,0,0,0,0,0
weak,39,3,petz,,0.9999999999999967,True,2.0411201962889075e-15,0.9999999999999986,8,3.5355339059327374e-13,128,256,3.859525250064326e-15,1.7763568394002505e-15,1.0000000000000013,1.0000000000000009,0.9999999999999988,-4.218847493575595e-15,-2.1094237467877974e-15,8,4,0.125;0.125;0.125;0.125;0.125;0.125;0.125;0.125,0.25;0.25;0.25;0.25,0,0,0,0,0
weak,39,4,petz,,0.9999999999999976,True,1.0990647210786425e-15,0.9999999999999992,4,4.999999999999999e-13,256,512,4.233555766318323e-15,8.881784197001252e-16,1.0000000000000002,1.0000000000000002,0.9999999999999993,-2.6645352591003757e-15,-1.7763568394002505e-15,4,2,0.25;0.25;0.25;0.25,0.5;0.5,0,0,0,0,0
weak,39,5,petz,,0.9999999999999978,True,6.280369834735101e-16,0.9999999999999996,2,7.071067811865476e-13,512,1024,1.2230664761086036e-15,0.0,1.0000000000000013,1.0000000000000009,1.0,-3.1086244689504383e-15,-2.220446049250313e-15,2,1,0.5;0.5,1,0,0,0,0,0
weak,40,1,petz,,0.9999999999999983,True,6.280369834735101e-16,0.9999999999999996,32,1.767766952966369e-13,32,64,5.421130072750744e-15,8.881784197001252e-16,1.0000000000000018,1.0000000000000013,0.9999999999999993,-2.9976021664879227e-15,-9.992007221626409e-16,32,16,0.03125;0.03125;0.03125;0.03125;0.03125;0.03125;0.03125;0.03125;0.03125;0.03125;0.03125;0.03125;0.03125;0.03125;0.03125;0.03125;0.03125;0.03125;0.03125;0.03125;0.03125;0.03125;0.03125;0.03125;0.03125;0.03125;0.03125;0.03125;0.03125;0.03125;0.03125;0.03125,0.0625;0.0625;0.0625;0.0625;0.0625;0.0625;0.0625;0.0625;0.0625;0.0625;0.0625;0.0625;0.0625;0.0625;0.0625;0.0625,0,0,0,0,0
weak,40,2,petz,,0.9999999999999992,True,1.2560739669470201e-15,0.9999999999999991,16,2.4999999999999994e-13,64,128,2.6255232226624587e-15,1.3322676295501878e-15,1.000000000000002,1.0000000000000013,0.9999999999999991,-2.1094237467877974e-15,1.1102230246251565e-16,16,8,0.0625;0.0625;0.0625;0.0625;0.0625;0.0625;0.0625;0.0625;0.0625;0.0625;0.0625;0.0625;0.0625;0.0625;0.0625;0.0625,0.125;0.125;0.125;0.125;0.125;0.125;0.125;0.125,0,0,0,0,0
weak,40,3,petz,,0.9999999999999996,True,1.2560739669470201e-15,0.9999999999999991,8,3.535533905932735e-13,128,256,1.3185473269677273e-15,1.7763568394002505e-15,1.000000000000002,1.0000000000000013,0.9999999999999988,-1.7763568394002505e-15,7.771561172376096e-16,8,4,0.125;0.125;0.125;0.125;0.125;0.125;0.125;0.125,0.25;0.25;0.25;0.25,0,0,0,0,0
weak,40,4,petz,,0.9999999999999989,True,6.280369834735101e-16,0.9999999999999996,4,4.999999999999998e-13,256,512,3.237200381486609e-16,6.661338147750939e-16,1.000000000000001,1.0000000000000007,0.9999999999999996,-1.7763568394002505e-15,-6.661338147750939e-16,4,2,0.25;0.25;0.25;0.25,0.5;0.5,0,0,0,0,0
weak,40,5,petz,,0.9999999999999942,True,3.1401849173675503e-16,0.9999999999999998,2,7.071067811865474e-13,512,1024,3.443335648308716e-15,0.0,1.0000000000000022,1.0000000000000016,1.0,-7.327471962526033e-15,-5.773159728050814e-15,2,1,0.5;0.5,1,0,0,0,0,0
weak,41,1,petz,,0.9999999999999982,True,1.88411095042053e-15,0.9999999999999987,32,1.7677669529663682e-13,32,64,5.230150211182952e-15,8.881784197001252e-16,1.0000000000000009,1.0000000000000007,0.9999999999999993,-2.4424906541753444e-15,-1.1102230246251565e-15,32,16,0.03125;0.03125;0.03125;0.03125;0.03125;0.03125;0.03125;0.03125;0.03125;0.03125;0.03125;0.03125;0.03125;0.03125;0.03125;0.03125;0.03125;0.03125;0.03125;0.03125;0.03125;0.03125;0.03125;0.03125;0.03125;0.03125;0.03125;0.03125;0.03125;0.03125;0.03125;0.03125,0.0625;0.0625;0.0625;0.0625;0.0625;0.0625;0.0625;0.0625;0.0625;0.0625;0.0625;0.0625;0.0625;0.0625;0.0625;0.0625,0,0,0,0,0
weak,41,2,petz,,0.9999999999999993,True,2.1981295904438867e-15,0.9999999999999984,16,2.499999999999999e-13,64,128,3.6523700316316024e-15,2.6645352591003757e-15,1.000000000000003,1.0000000000000022,0.9999999999999981,-2.886579864025407e-15,1.2212453270876722e-15,16,8,0.0625;0.0625;0.0625;0.0625;0.0625;0.0625;0.0625;0.0625;0.0625;0.0625;0.0625;0.0625;0.0625;0.0625;0.0625;0.0625,0.125;0.125;0.125;0.125;0.125;0.125;0.125;0.125,0,0,0,0,0
weak,41,3,petz,,0.9999999999999967,True,2.04112035598217e-15,0.9999999999999986,8,3.535533905932737e-13,128,256,3.2602666128553273e-15,2.6645352591003757e-15,1.0000000000000036,1.0000000000000024,0.9999999999999981,-5.773159728050814e-15,-1.4432899320127035e-15,8,4,0.125;0.125;0.125;0.125;0.125;0.125;0.125;0.125,0.25;0.25;0.25;0.25,0,0,0,0,0
weak,41,4,petz,,0.9999999999999982,True,1.0990647952219433e-15,0.9999999999999992,4,4.999999999999999e-13,256,512,4.354382607765269e-15,8.881784197001252e-16,1.0000000000000002,1.0000000000000002,0.9999999999999993,-1.9984014443252818e-15,-1.1102230246251565e-15,4,2,0.25;0.25;0.25;0.25,0.5;0.5,0,0,0,0,0
weak,41,5,petz,,0.9999999999999982,True,6.280370159112043e-16,0.9999999999999996,2,7.071067811865476e-13,512,1024,1.5400834998076632e-15,0.0,1.0000000000000013,1.0000000000000009,1.0,-2.6645352591003757e-15,-1.7763568394002505e-15,2,1,0.5;0.5,1,0,0,0,0,0
weak,42,1,petz,,0.9999999999999987,True,6.280369834735101e-16,0.9999999999999996,32,1.7677669529663687e-13,32,64,3.315014637441038e-15,1.7763568394002505e-15,1.0000000000000024,1.0000000000000018,0.9999999999999988,-3.1086244689504383e-15,-1.1102230246251565e-16,32,16,0.03125;0.03125;0.03125;0.03125;0.03125;0.03125;0.03125;0.03125;0.03125;0.03125;0.03125;0.03125;0.03125;0.03125;0.03125;0.03125;0.03125;0.03125;0.03125;0.03125;0.03125;0.03125;0.03125;0.03125;0.03125;0.03125;0.03125;0.03125;0.03125;0.03125;0.03125;0.03125,0.0625;0.0625;0.0625;0.0625;0.0625;0.0625;0.0625;0.0625;0.0625;0.0625;0.0625;0.0625;0.0625;0.0625;0.0625;0.0625,0,0,0,0,0
weak,42,2,petz,,0.9999999999999992,True,1.2560739669470201e-15,0.9999999999999991,16,2.499999999999999e-13,64,128,2.040279202470546e-15,1.3322676295501878e-15,1.000000000000001,1.0000000000000007,0.9999999999999991,-1.4432899320127035e-15,1.1102230246251565e-16,16,8,0.0625;0.0625;0.0625;0.0625;0.0625;0.0625;0.0625;0.0625;0.0625;0.0625;0.0625;0.0625;0.0625;0.0625;0.0625;0.0625,0.125;0.125;0.125;0.125;0.125;0.125;0.125;0.125,0,0,0,0,0
weak,42,3,petz,,0.9999999999999996,True,1.2560739669470201e-15,0.9999999999999991,8,3.5355339059327354e-13,128,256,2.687923337234338e-15,1.3322676295501878e-15,1.000000000000002,1.0000000000000013,0.9999999999999991,-1.7763568394002505e-15,4.440892098500626e-16,8,4,0.125;0.125;0.125;0.125;0.125;0.125;0.125;0.125,0.25;0.25;0.25;0.25,0,0,0,0,0
weak,42,4,petz,,0.9999999999999987,True,6.280369834735101e-16,0.9999999999999996,4,4.999999999999998e-13,256,512,1.2318567548403952e-15,6.661338147750939e-16,1.000000000000001,1.0000000000000007,0.9999999999999996,-1.9984014443252818e-15,-8.881784197001252e-16,4,2,0.25;0.25;0.25;0.25,0.5;0.5,0,0,0,0,0
weak,42,5,petz,,0.9999999999999991,True,3.1401849173675503e-16,0.9999999999999998,2,7.071067811865474e-13,512,1024,5.605599945491383e-16,0.0,1.0000000000000022,1.0000000000000016,1.0,-2.4424906541753444e-15,-8.881784197001252e-16,2,1,0.5;0.5,1,0,0,0,0,0
weak,43,1,petz,,0.9999999999999984,True,2.3551386880256627e-15,0.9999999999999983,32,1.7677669529663682e-13,32,64,5.137951740278652e-15,3.552713678800501e-15,1.000000000000004,1.0000000000000027,0.9999999999999976,-4.218847493575595e-15,8.881784197001252e-16,32,16,0.03125;0.03125;0.03125;0.03125;0.03125;0.03125;0.03125;0.03125;0.03125;0.03125;0.03125;0.03125;0.03125;0.03125;0.03125;0.03125;0.03125;0.03125;0.03125;0.03125;0.03125;0.03125;0.03125;0.03125;0.03125;0.03125;0.03125;0.03125;0.03125;0.03125;0.03125;0.03125,0.0625;0.0625;0.0625;0.0625;0.0625;0.0625;0.0625;0.0625;0.0625;0.0625;0.0625;0.0625;0.0625;0.0625;0.0625;0.0625,0,0,0,0,0
weak,43,2,petz,,0.9999999999999979,True,2.198129442157285e-15,0.9999999999999984,16,2.499999999999999e-13,64,128,4.026073355010575e-15,3.1086244689504383e-15,1.000000000000004,1.0000000000000027,0.9999999999999979,-4.773959005888173e-15,0.0,16,8,0.0625;0.0625;0.0625;0.0625;0.0625;0.0625;0.0625;0.0625;0.0625;0.0625;0.0625;0.0625;0.0625;0.0625;0.0625;0.0625,0.125;0.125;0.125;0.125;0.125;0.125;0.125;0.125,0,0,0,0,0
weak,43,3,petz,,0.9999999999999969,True,1.0990647210786425e-15,0.9999999999999992,8,3.535533905932737e-13,128,256,4.958094127256038e-15,1.3322676295501878e-15,1.0000000000000022,1.0000000000000016,0.9999999999999991,-4.6629367034256575e-15,-2.220446049250313e-15,8,4,0.125;0.125;0.125;0.125;0.125;0.125;0.125;0.125,0.25;0.25;0.25;0.25,0,0,0,0,0
weak,43,4,petz,,0.999999999999996,True,6.280369834735101e-16,0.9999999999999996,4,5e-13,256,512,2.1467111245207638e-15,0.0,1.0000000000000007,1.0000000000000004,1.0,-4.440892098500626e-15,-3.9968028886505635e-15,4,2,0.25;0.25;0.25;0.25,0.5;0.5,0,0,0,0,0
weak,43,5,petz,,0.9999999999999996,True,3.1405682173283755e-16,0.9999999999999998,2,7.071067811865476e-13,512,1024,5.021685895836066e-15,0.0,1.0000000000000007,1.0000000000000004,1.0,-8.881784197001252e-16,-4.440892098500626e-16,2,1,0.5;0.5,1,0,0,0,0,0
weak,44,1,petz,,0.9999999999999983,True,1.88411095042053e-15,0.9999999999999987,32,1.7677669529663687e-13,32,64,4.7510253919064546e-15,1.7763568394002505e-15,1.0000000000000009,1.0000000000000007,0.9999999999999988,-2.3314683517128287e-15,-4.440892098500626e-16,32,16,0.03125;0.03125;0.03125;0.03125;0.03125;0.03125;0.03125;0.03125;0.03125;0.03125;0.03125;0.03125;0.03125;0.03125;0.03125;0.03125;0.03125;0.03125;0.03125;0.03125;0.03125;0.03125;0.03125;0.03125;0.03125;0.03125;0.03125;0.03125;0.03125;0.03125;0.03125;0.03125,0.0625;0.0625;0.0625;0.0625;0.0625;0.0625;0.0625;0.0625;0.0625;0.0625;0.0625;0.0625;0.0625;0.0625;0.0625;0.0625,0,0,0,0,0
weak,44,2,petz,,0.9999999999999996,True,2.198129442157285e-15,0.9999999999999984,16,2.4999999999999994e-13,64,128,4.432123669893815e-15,1.3322676295501878e-15,1.0000000000000027,1.0000000000000018,0.9999999999999991,-2.220446049250313e-15,4.440892098500626e-16,16,8,0.0625;0.0625;0.0625;0.0625;0.0625;0.0625;0.0625;0.0625;0.0625;0.0625;0.0625;0.0625;0.0625;0.0625;0.0625;0.0625,0.125;0.125;0.125;0.125;0.125;0.125;0.125;0.125,0,0,0,0,0
weak,44,3,petz,,0.999999999999997,True,2.0411201962889075e-15,0.9999999999999986,8,3.535533905932738e-13,128,256,4.955425942736124e-15,2.220446049250313e-15,1.0000000000000036,1.0000000000000024,0.9999999999999984,-5.440092820663267e-15,-1.4432899320127035e-15,8,4,0.125;0.125;0.125;0.125;0.125;0.125;0.125;0.125,0.25;0.25;0.25;0.25,0,0,0,0,0
weak,44,4,petz,,0.9999999999999954,True,1.0990647210786425e-15,0.9999999999999992,4,4.999999999999999e-13,256,512,4.4561531270373326e-15,8.881784197001252e-16,1.0000000000000002,1.0000000000000002,0.9999999999999993,-4.773959005888173e-15,-3.885780586188048e-15,4,2,0.25;0.25;0.25;0.25,0.5;0.5,0,0,0,0,0
weak,44,5,petz,,0.9999999999999978,True,6.280369834735101e-16,0.9999999999999996,2,7.071067811865476e-13,512,1024,1.2230664761086036e-15,0.0,1.0000000000000013,1.0000000000000009,1.0,-3.1086244689504383e-15,-2.220446049250313e-15,2,1,0.5;0.5,1,0,0,0,0,0
weak,45,1,petz,,0.9999999999999982,True,6.28037136294014e-16,0.9999999999999996,32,1.7677669529663682e-13,32,64,5.9984482903819875e-15,1.7763568394002505e-15,1.0000000000000009,1.0000000000000007,0.9999999999999988,-2.4424906541753444e-15,-5.551115123125783e-16,32,16,0.03125;0.03125;0.03125;0.03125;0.03125;0.03125;0.03125;0.03125;0.03125;0.03125;0.03125;0.03125;0.03125;0.03125;0.03125;0.03125;0.03125;0.03125;0.03125;0.03125;0.03125;0.03125;0.03125;0.03125;0.03125;0.03125;0.03125;0.03125;0.03125;0.03125;0.03125;0.03125,0.0625;0.0625;0.0625;0.0625;0.0625;0.0625;0.0625;0.0625;0.0625;0.0625;0.0625;0.0625;0.0625;0.0625;0.0625;0.0625,0,0,0,0,0
weak,45,2,petz,,0.9999999999999968,True,3.14018568147007e-16,0.9999999999999998,16,2.4999999999999994e-13,64,128,4.856972275977681e-15,8.881784197001252e-16,1.0000000000000018,1.0000000000000013,0.9999999999999993,-4.551914400963142e-15,-2.55351295663786e-15,16,8,0.0625;0.0625;0.0625;0.0625;0.0625;0.0625;0.0625;0.0625;0.0625;0.0625;0.0625;0.0625;0.0625;0.0625;0.0625;0.0625,0.125;0.125;0.125;0.125;0.125;0.125;0.125;0.125,0,0,0,0,0
weak,45,3,petz,,0.9999999999999989,True,3.140289494627412e-16,0.9999999999999998,8,3.535533905932738e-13,128,256,5.774636425918986e-15,8.881784197001252e-16,1.0000000000000007,1.0000000000000004,0.9999999999999993,-1.5543122344752192e-15,-4.440892098500626e-16,8,4,0.125;0.125;0.125;0.125;0.125;0.125;0.125;0.125,0.25;0.25;0.25;0.25,0,0,0,0,0
weak,45,4,petz,,1.000000000000007,True,1.570144747313706e-16,0.9999999999999999,4,5e-13,256,512,3.716350584423374e-15,2.220446049250313e-16,1.0000000000000007,1.0000000000000004,0.9999999999999999,6.661338147750939e-15,7.216449660063518e-15,4,2,0.25;0.25;0.25;0.25,0.5;0.5,0,0,0,0,0
weak,45,5,petz,,0.9999999999999993,True,1.5701055310045093e-16,0.9999999999999999,2,7.071067811865478e-13,512,1024,1.1871520952632423e-15,0.0,1.0000000000000002,1.0000000000000002,1.0,-8.881784197001252e-16,-6.661338147750939e-16,2,1,0.5;0.5,1,0,0,0,0,0
weak,46,1,petz,,0.9999999999999986,True,1.88411095042053e-15,0.9999999999999987,32,1.7677669529663684e-13,32,64,4.6010564185372276e-15,1.7763568394002505e-15,1.000000000000002,1.0000000000000013,0.9999999999999988,-2.7755575615628914e-15,-2.220446049250313e-16,32,16,0.03125;0.03125;0.03125;0.03125;0.03125;0.03125;0.03125;0.03125;0.03125;0.03125;0.03125;0.03125;0.03125;0.03125;0.03125;0.03125;0.03125;0.03125;0.03125;0.03125;0.03125;0.03125;0.03125;0.03125;0.03125;0.03125;0.03125;0.03125;0.03125;0.03125;0.03125;0.03125,0.0625;0.0625;0.0625;0.0625;0.0625;0.0625;0.0625;0.0625;0.0625;0.0625;0.0625;0.0625;0.0625;0.0625;0.0625;0.0625,0,0,0,0,0
weak,46,2,petz,,0.9999999999999994,True,1.4130832128153975e-15,0.999999999999999,16,2.499999999999999e-13,64,128,3.984210547996702e-15,0.0,1.0000000000000002,1.0000000000000002,1.0,-7.771561172376096e-16,-5.551115123125783e-16,16,8,0.0625;0.0625;0.0625;0.0625;0.0625;0.0625;0.0625;0.0625;0.0625;0.0625;0.0625;0.0625;0.0625;0.0625;0.0625;0.0625,0.125;0.125;0.125;0.125;0.125;0.125;0.125;0.125,0,0,0,0,0
weak,46,3,petz,,0.9999999999999971,True,2.0411201962889075e-15,0.9999999999999986,8,3.5355339059327374e-13,128,256,3.780825943616989e-15,1.7763568394002505e-15,1.0000000000000013,1.0000000000000009,0.9999999999999988,-3.774758283725532e-15,-1.6653345369377348e-15,8,4,0.125;0.125;0.125;0.125;0.125;0.125;0.125;0.125,0.25;0.25;0.25;0.25,0,0,0,0,0
weak,46,4,petz,,0.9999999999999967,True,1.0990647210786425e-15,0.9999999999999992,4,4.999999999999999e-13,256,512,2.4325083180437844e-15,8.881784197001252e-16,1.0000000000000002,1.0000000000000002,0.9999999999999993,-3.552713678800501e-15,-2.6645352591003757e-15,4,2,0.25;0.25;0.25;0.25,0.5;0.5,0,0,0,0,0
weak,46,5,petz,,0.9999999999999978,True,6.280369834735101e-16,0.9999999999999996,2,7.071067811865476e-13,512,1024,1.2230664761086036e-15,0.0,1.0000000000000013,1.0000000000000009,1.0,-3.1086244689504383e-15,-2.220446049250313e-15,2,1,0.5;0.5,1,0,0,0,0,0
weak,47,1,petz,,0.9999999999999981,True,1.88411095042053e-15,0.9999999999999987,32,1.7677669529663684e-13,32,64,4.506464974113174e-15,8.881784197001252e-16,1.0000000000000009,1.0000000000000007,0.9999999999999993,-2.55351295663786e-15,-1.2212453270876722e-15,32,16,0.03125;0.03125;0.03125;0.03125;0.03125;0.03125;0.03125;0.03125;0.03125;0.03125;0.03125;0.03125;0.03125;0.03125;0.03125;0.03125;0.03125;0.03125;0.03125;0.03125;0.03125;0.03125;0.03125;0.03125;0.03125;0.03125;0.03125;0.03125;0.03125;0.03125;0.03125;0.03125,0.0625;0.0625;0.0625;0.0625;0.0625;0.0625;0.0625;0.0625;0.0625;0.0625;0.0625;0.0625;0.0625;0.0625;0.0625;0.0625,0,0,0,0,0
weak,47,2,petz,,1.0000000000000002,True,2.198129442157285e-15,0.9999999999999984,16,2.4999999999999984e-13,64,128,3.9775581403000324e-15,2.6645352591003757e-15,1.000000000000003,1.0000000000000022,0.9999999999999981,-1.9984014443252818e-15,2.1094237467877974e-15,16,8,0.0625;0.0625;0.0625;0.0625;0.0625;0.0625;0.0625;0.0625;0.0625;0.0625;0.0625;0.0625;0.0625;0.0625;0.0625;0.0625,0.125;0.125;0.125;0.125;0.125;0.125;0.125;0.125,0,0,0,0,0
weak,47,3,petz,,0.9999999999999964,True,2.0411201962889075e-15,0.9999999999999986,8,3.535533905932737e-13,128,256,3.5124394101063807e-15,2.220446049250313e-15,1.0000000000000036,1.0000000000000024,0.9999999999999984,-5.995204332975845e-15,-1.9984014443252818e-15,8,4,0.125;0.125;0.125;0.125;0.125;0.125;0.125;0.125,0.25;0.25;0.25;0.25,0,0,0,0,0
weak,47,4,petz,,0.9999999999999982,True,1.0990647210786425e-15,0.9999999999999992,4,4.999999999999999e-13,256,512,4.4851469205792216e-15,8.881784197001252e-16,1.0000000000000002,1.0000000000000002,0.9999999999999993,-1.9984014443252818e-15,-1.1102230246251565e-15,4,2,0.25;0.25;0.25;0.25,0.5;0.5,0,0,0,0,0
weak,47,5,petz,,0.9999999999999982,True,6.28057758702391e-16,0.9999999999999996,2,7.071067811865476e-13,512,1024,1.6246929891186511e-15,0.0,1.0000000000000013,1.0000000000000009,1.0,-2.6645352591003757e-15,-1.7763568394002505e-15,2,1,0.5;0.5,1,0,0,0,0,0
weak,48,1,petz,,0.9999999999999986,True,6.280369834735101e-16,0.9999999999999996,32,1.7677669529663684e-13,32,64,4.553843811393024e-15,1.7763568394002505e-15,1.000000000000003,1.0000000000000022,0.9999999999999988,-3.6637359812630166e-15,-2.220446049250313e-16,32,16,0.03125;0.03125;0.03125;0.03125;0.03125;0.03125;0.03125;0.03125;0.03125;0.03125;0.03125;0.03125;0.03125;0.03125;0.03125;0.03125;0.03125;0.03125;0.03125;0.03125;0.03125;0.03125;0.03125;0.03125;0.03125;0.03125;0.03125;0.03125;0.03125;0.03125;0.03125;0.03125,0.0625;0.0625;0.0625;0.0625;0.0625;0.0625;0.0625;0.0625;0.0625;0.0625;0.0625;0.0625;0.0625;0.0625;0.0625;0.0625,0,0,0,0,0
weak,48,2,petz,,0.999999999999999,True,1.2560739669470201e-15,0.9999999999999991,16,2.4999999999999994e-13,64,128,1.433633591750453e-15,1.3322676295501878e-15,1.000000000000002,1.0000000000000013,0.9999999999999991,-2.3314683517128287e-15,-1.1102230246251565e-16,16,8,0.0625;0.0625;0.0625;0.0625;0.0625;0.0625;0.0625;0.0625;0.0625;0.0625;0.0625;0.0625;0.0625;0.0625;0.0625;0.0625,0.125;0.125;0.125;0.125;0.125;0.125;0.125;0.125,0,0,0,0,0
weak,48,3,petz,,0.9999999999999996,True,1.2560739669470201e-15,0.9999999999999991,8,3.535533905932735e-13,128,256,1.4570910595475429e-15,1.7763568394002505e-15,1.000000000000002,1.0000000000000013,0.9999999999999988,-1.7763568394002505e-15,7.771561172376096e-16,8,4,0.125;0.125;0.125;0.125;0.125;0.125;0.125;0.125,0.25;0.25;0.25;0.25,0,0,0,0,0
weak,48,4,petz,,0.9999999999999989,True,6.280369834735101e-16,0.9999999999999996,4,4.999999999999998e-13,256,512,3.885935469125957e-16,6.661338147750939e-16,1.000000000000001,1.0000000000000007,0.9999999999999996,-1.7763568394002505e-15,-6.661338147750939e-16,4,2,0.25;0.25;0.25;0.25,0.5;0.5,0,0,0,0,0
weak,48,5,petz,,0.9999999999999942,True,3.1401849173675503e-16,0.9999999999999998,2,7.071067811865474e-13,512,1024,3.443335648308716e-15,0.0,1.0000000000000022,1.0000000000000016,1.0,-7.327471962526033e-15,-5.773159728050814e-15,2,1,0.5;0.5,1,0,0,0,0,0
weak,49,1,petz,,0.9999999999999986,True,6.280369834735101e-16,0.9999999999999996,32,1.7677669529663684e-13,32,64,3.751859089435554e-15,1.7763568394002505e-15,1.0000000000000013,1.0000000000000009,0.9999999999999988,-2.3314683517128287e-15,-2.220446049250313e-16,32,16,0.03125;0.03125;0.03125;0.03125;0.03125;0.03125;0.03125;0.03125;0.03125;0.03125;0.03125;0.03125;0.03125;0.03125;0.03125;0.03125;0.03125;0.03125;0.03125;0.03125;0.03125;0.03125;0.03125;0.03125;0.03125;0.03125;0.03125;0.03125;0.03125;0.03125;0.03125;0.03125,0.0625;0.0625;0.0625;0.0625;0.0625;0.0625;0.0625;0.0625;0.0625;0.0625;0.0625;0.0625;0.0625;0.0625;0.0625;0.0625,0,0,0,0,0
weak,49,2,petz,,0.9999999999999991,True,1.2560739669470201e-15,0.9999999999999991,16,2.499999999999999e-13,64,128,2.8727072576403086e-15,8.881784197001252e-16,1.0000000000000016,1.000000000000001,0.9999999999999993,-1.9984014443252818e-15,-2.220446049250313e-16,16,8,0.0625;0.0625;0.0625;0.0625;0.0625;0.0625;0.0625;0.0625;0.0625;0.0625;0.0625;0.0625;0.0625;0.0625;0.0625;0.0625,0.125;0.125;0.125;0.125;0.125;0.125;0.125;0.125,0,0,0,0,0
weak,49,3,petz,,0.9999999999999996,True,1.2560739669470201e-15,0.9999999999999991,8,3.535533905932735e-13,128,256,1.3583817401833982e-15,1.7763568394002505e-15,1.000000000000002,1.0000000000000013,0.9999999999999988,-1.7763568394002505e-15,7.771561172376096e-16,8,4,0.125;0.125;0.125;0.125;0.125;0.125;0.125;0.125,0.25;0.25;0.25;0.25,0,0,0,0,0
weak,49,4,petz,,0.9999999999999989,True,6.280369834735101e-16,0.9999999999999996,4,4.999999999999998e-13,256,512,3.237200381486609e-16,6.661338147750939e-16,1.000000000000001,1.0000000000000007,0.9999999999999996,-1.7763568394002505e-15,-6.661338147750939e-16,4,2,0.25;0.25;0.25;0.25,0.5;0.5,0,0,0,0,0
weak,49,5,petz,,0.9999999999999942,True,3.1401849173675503e-16,0.9999999999999998,2,7.071067811865474e-13,512,1024,3.443335648308716e-15,0.0,1.0000000000000022,1.0000000000000016,1.0,-7.327471962526033e-15,-5.773159728050814e-15,2,1,0.5;0.5,1,0,0,0,0,0
deep,0,1,petz,,0.9999999999999963,True,5.181773327483591e-15,0.9999999999999963,32,1.7677669529663662e-13,32,64,5.004521063649143e-15,7.105427357601002e-15,1.000000000000006,1.0000000000000042,0.9999999999999951,-7.882583474838611e-15,1.2212453270876722e-15,32,16,0.03125;0.03125;0.03125;0.03125;0.03125;0.03125;0.03125;0.03125;0.03125;0.03125;0.03125;0.03125;0.03125;0.03125;0.03125;0.03125;0.03125;0.03125;0.03125;0.03125;0.03125;0.03125;0.03125;0.03125;0.03125;0.03125;0.03125;0.03125;0.03125;0.03125;0.03125;0.03125,0.0625;0.0625;0.0625;0.0625;0.0625;0.0625;0.0625;0.0625;0.0625;0.0625;0.0625;0.0625;0.0625;0.0625;0.0625;0.0625,0,0,0,0,0
deep,0,2,petz,,0.9999999999999964,True,5.181773327483591e-15,0.9999999999999963,16,2.499999999999996e-13,64,128,3.2732169258676785e-15,6.661338147750939e-15,1.0000000000000062,1.0000000000000042,0.9999999999999953,-7.771561172376096e-15,1.1102230246251565e-15,16,8,0.0625;0.0625;0.0625;0.0625;0.0625;0.0625;0.0625;0.0625;0.0625;0.0625;0.0625;0.0625;0.0625;0.0625;0.0625;0.0625,0.125;0.125;0.125;0.125;0.125;0.125;0.125;0.125,0,0,0,0,0
deep,0,3,petz,,0.9999999999999948,True,5.181773327483591e-15,0.9999999999999963,8,3.5355339059327333e-13,128,256,3.938053648223777e-15,5.329070518200751e-15,1.0000000000000029,1.000000000000002,0.9999999999999963,-7.216449660063518e-15,-1.5543122344752192e-15,8,4,0.125;0.125;0.125;0.125;0.125;0.125;0.125;0.125,0.25;0.25;0.25;0.25,0,0,0,0,0
deep,0,4,petz,,0.9999999999999998,True,5.181773327483591e-15,0.9999999999999963,4,4.999999999999987e-13,256,512,6.4458175939116645e-15,7.993605777301127e-15,1.0000000000000084,1.0000000000000058,0.9999999999999944,-5.995204332975845e-15,5.329070518200751e-15,4,2,0.25;0.25;0.25;0.25,0.5;0.5,0,0,0,0,0
deep,0,5,petz,,0.9999999999999969,True,7.536765706357778e-15,0.9999999999999947,2,7.071067811865466e-13,512,1024,1.687841332840156e-16,0.0,1.0000000000000153,1.0000000000000107,1.0,-1.3766765505351941e-14,-3.1086244689504383e-15,2,1,0.5;0.5,1,0,0,0,0,0
deep,1,1,petz,,0.9999999999999969,True,4.39625888431457e-15,0.9999999999999969,32,1.7677669529663672e-13,32,64,5.190567079593065e-15,2.6645352591003757e-15,1.0000000000000029,1.000000000000002,0.9999999999999981,-5.10702591327572e-15,-1.2212453270876722e-15,32,16,0.03125;0.03125;0.03125;0.03125;0.03125;0.03125;0.03125;0.03125;0.03125;0.03125;0.03125;0.03125;0.03125;0.03125;0.03125;0.03125;0.03125;0.03125;0.03125;0.03125;0.03125;0.03125;0.03125;0.03125;0.03125;0.03125;0.03125;0.03125;0.03125;0.03125;0.03125;0.03125,0.0625;0.0625;0.0625;0.0625;0.0625;0.0625;0.0625;0.0625;0.0625;0.0625;0.0625;0.0625;0.0625;0.0625;0.0625;0.0625,0,0,0,0,0
deep,1,2,petz,,0.9999999999999967,True,4.710277376051325e-15,0.9999999999999967,16,2.4999999999999974e-13,64,128,3.900655969717427e-15,3.552713678800501e-15,1.0000000000000042,1.0000000000000029,0.9999999999999976,-6.217248937900877e-15,-8.881784197001252e-16,16,8,0.0625;0.0625;0.0625;0.0625;0.0625;0.0625;0.0625;0.0625;0.0625;0.0625;0.0625;0.0625;0.0625;0.0625;0.0625;0.0625,0.125;0.125;0.125;0.125;0.125;0.125;0.125;0.125,0,0,0,0,0
deep,1,3,petz,,0.9999999999999969,True,4.710277376051325e-15,0.9999999999999967,8,3.5355339059327364e-13,128,256,7.187058556185223e-15,5.329070518200751e-15,1.0000000000000078,1.0000000000000053,0.9999999999999963,-8.43769498715119e-15,5.551115123125783e-16,8,4,0.125;0.125;0.125;0.125;0.125;0.125;0.125;0.125,0.25;0.25;0.25;0.25,0,0,0,0,0
deep,1,4,petz,,0.999999999999992,True,2.3551386880256627e-15,0.9999999999999983,4,4.999999999999998e-13,256,512,8.65294787422387e-15,1.3322676295501878e-15,1.0000000000000016,1.000000000000001,0.9999999999999991,-9.103828801926284e-15,-7.105427357601002e-15,4,2,0.25;0.25;0.25;0.25,0.5;0.5,0,0,0,0,0
deep,1,5,petz,,0.999999999999996,True,1.2560739669470201e-15,0.9999999999999991,2,7.071067811865475e-13,512,1024,6.2938022736835476e-15,0.0,1.0000000000000027,1.0000000000000018,1.0,-5.773159728050814e-15,-3.9968028886505635e-15,2,1,0.5;0.5,1,0,0,0,0,0
deep,2,1,petz,,0.999999999999996,True,5.1813060526836e-15,0.9999999999999963,32,1.767766952966366e-13,32,64,5.096370693473041e-15,4.440892098500626e-15,1.0000000000000058,1.000000000000004,0.9999999999999969,-7.993605777301127e-15,-8.881784197001252e-16,32,16,0.03125;0.03125;0.03125;0.03125;0.03125;0.03125;0.03125;0.03125;0.03125;0.03125;0.03125;0.03125;0.03125;0.03125;0.03125;0.03125;0.03125;0.03125;0.03125;0.03125;0.03125;0.03125;0.03125;0.03125;0.03125;0.03125;0.03125;0.03125;0.03125;0.03125;0.03125;0.03125,0.0625;0.0625;0.0625;0.0625;0.0625;0.0625;0.0625;0.0625;0.0625;0.0625;0.0625;0.0625;0.0625;0.0625;0.0625;0.0625,0,0,0,0,0
deep,2,2,petz,,0.9999999999999971,True,5.181306032930985e-15,0.9999999999999954,16,2.4999999999999954e-13,64,128,6.115014302255691e-15,1.7763568394002505e-15,1.000000000000002,1.0000000000000013,0.9999999999999988,-4.218847493575595e-15,-1.6653345369377348e-15,16,8,0.0625;0.0625;0.0625;0.0625;0.0625;0.0625;0.0625;0.0625;0.0625;0.0625;0.0625;0.0625;0.0625;0.0625;0.0625;0.0625,0.125;0.125;0.125;0.125;0.125;0.125;0.125;0.125,0,0,0,0,0
deep,2,3,petz,,0.9999999999999951,True,7.536444433132412e-15,0.9999999999999947,8,3.535533905932733e-13,128,256,7.380292070526117e-15,7.993605777301127e-15,1.0000000000000122,1.0000000000000084,0.9999999999999944,-1.3322676295501878e-14,6.661338147750939e-16,8,4,0.125;0.125;0.125;0.125;0.125;0.125;0.125;0.125,0.25;0.25;0.25;0.25,0,0,0,0,0
deep,2,4,petz,,0.9999999999999991,True,3.768223281854612e-15,0.9999999999999969,4,4.999999999999997e-13,256,512,8.281236457116196e-15,2.220446049250313e-15,1.0000000000000016,1.000000000000001,0.9999999999999984,-1.9984014443252818e-15,6.661338147750939e-16,4,2,0.25;0.25;0.25;0.25,0.5;0.5,0,0,0,0,0
deep,2,5,petz,,1.0000000000000009,True,1.8841135143431048e-15,0.9999999999999987,2,7.071067811865471e-13,512,1024,2.325066043781083e-14,0.0,1.0000000000000038,1.0000000000000027,1.0,-1.7763568394002505e-15,8.881784197001252e-16,2,1,0.5;0.5,1,0,0,0,0,0
deep,3,1,petz,,0.9999999999999967,True,4.3964341143556675e-15,0.9999999999999969,32,1.767766952966367e-13,32,64,4.886941960078475e-15,4.440892098500626e-15,1.0000000000000042,1.0000000000000029,0.9999999999999969,-6.217248937900877e-15,-2.220446049250313e-16,32,16,0.03125;0.03125;0.03125;0.03125;0.03125;0.03125;0.03125;0.03125;0.03125;0.03125;0.03125;0.03125;0.03125;0.03125;0.03125;0.03125;0.03125;0.03125;0.03125;0.03125;0.03125;0.03125;0.03125;0.03125;0.03125;0.03125;0.03125;0.03125;0.03125;0.03125;0.03125;0.03125,0.0625;0.0625;0.0625;0.0625;0.0625;0.0625;0.0625;0.0625;0.0625;0.0625;0.0625;0.0625;0.0625;0.0625;0.0625;0.0625,0,0,0,0,0
deep,3,2,petz,,0.9999999999999982,True,3.768426334417819e-15,0.9999999999999973,16,2.4999999999999964e-13,64,128,4.9277737034647545e-15,3.1086244689504383e-15,1.0000000000000044,1.000000000000003,0.9999999999999979,-4.884981308350689e-15,3.3306690738754696e-16,16,8,0.0625;0.0625;0.0625;0.0625;0.0625;0.0625;0.0625;0.0625;0.0625;0.0625;0.0625;0.0625;0.0625;0.0625;0.0625;0.0625,0.125;0.125;0.125;0.125;0.125;0.125;0.125;0.125,0,0,0,0,0
deep,3,3,petz,,0.9999999999999962,True,4.3964341143556675e-15,0.9999999999999969,8,3.5355339059327333e-13,128,256,2.581147504454318e-15,4.884981308350689e-15,1.0000000000000067,1.0000000000000047,0.9999999999999966,-8.43769498715119e-15,-3.3306690738754696e-16,8,4,0.125;0.125;0.125;0.125;0.125;0.125;0.125;0.125,0.25;0.25;0.25;0.25,0,0,0,0,0
deep,3,4,petz,,0.9999999999999948,True,4.710440924509771e-15,0.9999999999999967,4,4.999999999999996e-13,256,512,4.017062086823299e-15,2.4424906541753444e-15,1.000000000000003,1.0000000000000022,0.9999999999999983,-7.438494264988549e-15,-3.552713678800501e-15,4,2,0.25;0.25;0.25;0.25,0.5;0.5,0,0,0,0,0
deep,3,5,petz,,0.9999999999999962,True,2.3554657679089182e-15,0.9999999999999983,2,7.071067811865474e-13,512,1024,2.1115310038279152e-15,0.0,1.0000000000000049,1.0000000000000033,1.0,-7.105427357601002e-15,-3.774758283725532e-15,2,1,0.5;0.5,1,0,0,0,0,0
deep,4,1,petz,,0.49999999999999817,True,5.181305113656458e-15,0.9999999999999963,16,2.4999999999999964e-13,32,64,3.0526817955560276e-15,1.0000000000000009,6.5670243328205966e-15,0.5000000000000022,0.49999999999999967,-4.052314039881821e-15,-1.4988010832439613e-15,16,16,0.0625;0.0625;0.0625;0.0625;0.0625;0.0625;0.0625;0.0625;0.0625;0.0625;0.0625;0.0625;0.0625;0.0625;0.0625;0.0625,0.0625;0.0625;0.0625;0.0625;0.0625;0.0625;0.0625;0.0625;0.0625;0.0625;0.0625;0.0625;0.0625;0.0625;0.0625;0.0625,1,0,0,1,1
deep,4,2,petz,,0.9999999999999962,True,5.181305113656458e-15,0.9999999999999963,16,2.499999999999996e-13,64,128,5.24341072611646e-15,1.7763568394002505e-15,1.0000000000000036,1.0000000000000024,0.9999999999999988,-6.217248937900877e-15,-2.55351295663786e-15,16,8,0.0625;0.0625;0.0625;0.0625;0.0625;0.0625;0.0625;0.0625;0.0625;0.0625;0.0625;0.0625;0.0625;0.0625;0.0625;0.0625,0.125;0.125;0.125;0.125;0.125;0.125;0.125;0.125,0,0,0,0,0
deep,4,3,petz,,0.9999999999999967,True,7.53644380168212e-15,0.9999999999999947,8,3.535533905932733e-13,128,256,6.2543139008272656e-15,8.881784197001252e-15,1.0000000000000135,1.0000000000000093,0.9999999999999939,-1.2656542480726785e-14,2.7755575615628914e-15,8,4,0.125;0.125;0.125;0.125;0.125;0.125;0.125;0.125,0.25;0.25;0.25;0.25,0,0,0,0,0
deep,4,4,petz,,0.999999999999994,True,3.768221917666679e-15,0.9999999999999973,4,4.999999999999997e-13,256,512,7.10857332692698e-15,2.220446049250313e-15,1.0000000000000016,1.000000000000001,0.9999999999999984,-7.105427357601002e-15,-4.440892098500626e-15,4,2,0.25;0.25;0.25;0.25,0.5;0.5,0,0,0,0,0
deep,4,5,petz,,0.9999999999999947,True,1.8841109588333394e-15,0.9999999999999987,2,7.071067811865474e-13,512,1024,1.143795033921244e-14,0.0,1.0000000000000038,1.0000000000000027,1.0,-7.993605777301127e-15,-5.329070518200751e-15,2,1,0.5;0.5,1,0,0,0,0,0
deep,5,1,petz,,0.9999999999999967,True,4.8672866219197025e-15,0.9999999999999966,32,1.7677669529663672e-13,32,64,5.248486808775047e-15,1.7763568394002505e-15,1.0000000000000036,1.0000000000000024,0.9999999999999988,-5.773159728050814e-15,-2.1094237467877974e-15,32,16,0.03125;0.03125;0.03125;0.03125;0.03125;0.03125;0.03125;0.03125;0.03125;0.03125;0.03125;0.03125;0.03125;0.03125;0.03125;0.03125;0.03125;0.03125;0.03125;0.03125;0.03125;0.03125;0.03125;0.03125;0.03125;0.03125;0.03125;0.03125;0.03125;0.03125;0.03125;0.03125,0.0625;0.0625;0.0625;0.0625;0.0625;0.0625;0.0625;0.0625;0.0625;0.0625;0.0625;0.0625;0.0625;0.0625;0.0625;0.0625,0,0,0,0,0
deep,5,2,petz,,0.9999999999999956,True,4.8672866219197025e-15,0.9999999999999966,16,2.499999999999998e-13,64,128,5.476720893423883e-15,7.105427357601002e-15,1.0000000000000067,1.0000000000000047,0.9999999999999951,-9.103828801926284e-15,4.440892098500626e-16,16,8,0.0625;0.0625;0.0625;0.0625;0.0625;0.0625;0.0625;0.0625;0.0625;0.0625;0.0625;0.0625;0.0625;0.0625;0.0625;0.0625,0.125;0.125;0.125;0.125;0.125;0.125;0.125;0.125,0,0,0,0,0
deep,5,3,petz,,0.9999999999999969,True,2.3551386880256627e-15,0.9999999999999983,8,3.535533905932737e-13,128,256,8.093564268461102e-15,2.6645352591003757e-15,1.0000000000000049,1.0000000000000033,0.9999999999999981,-6.439293542825908e-15,-1.2212453270876722e-15,8,4,0.125;0.125;0.125;0.125;0.125;0.125;0.125;0.125,0.25;0.25;0.25;0.25,0,0,0,0,0
deep,5,4,petz,,0.9999999999999954,True,1.2560739669470201e-15,0.9999999999999991,4,4.999999999999999e-13,256,512,6.853638274671699e-15,8.881784197001252e-16,1.0000000000000002,1.0000000000000002,0.9999999999999993,-4.773959005888173e-15,-3.885780586188048e-15,4,2,0.25;0.25;0.25;0.25,0.5;0.5,0,0,0,0,0
deep,5,5,petz,,0.9999999999999982,True,6.280369985554218e-16,0.9999999999999996,2,7.071067811865476e-13,512,1024,2.869255993361887e-15,0.0,1.0000000000000013,1.0000000000000009,1.0,-2.6645352591003757e-15,-1.7763568394002505e-15,2,1,0.5;0.5,1,0,0,0,0,0
deep,6,1,petz,,0.9999999999999971,True,2.9831756714991726e-15,0.9999999999999979,32,1.7677669529663677e-13,32,64,5.411204320609429e-15,3.552713678800501e-15,1.0000000000000036,1.0000000000000024,0.9999999999999976,-5.329070518200751e-15,-4.440892098500626e-16,32,16,0.03125;0.03125;0.03125;0.03125;0.03125;0.03125;0.03125;0.03125;0.03125;0.03125;0.03125;0.03125;0.03125;0.03125;0.03125;0.03125;0.03125;0.03125;0.03125;0.03125;0.03125;0.03125;0.03125;0.03125;0.03125;0.03125;0.03125;0.03125;0.03125;0.03125;0.03125;0.03125,0.0625;0.0625;0.0625;0.0625;0.0625;0.0625;0.0625;0.0625;0.0625;0.0625;0.0625;0.0625;0.0625;0.0625;0.0625;0.0625,0,0,0,0,0
deep,6,2,petz,,0.9999999999999971,True,3.611212654972683e-15,0.9999999999999974,16,2.499999999999998e-13,64,128,2.9334059742080756e-15,3.1086244689504383e-15,1.0000000000000036,1.0000000000000024,0.9999999999999979,-5.329070518200751e-15,-7.771561172376096e-16,16,8,0.0625;0.0625;0.0625;0.0625;0.0625;0.0625;0.0625;0.0625;0.0625;0.0625;0.0625;0.0625;0.0625;0.0625;0.0625;0.0625,0.125;0.125;0.125;0.125;0.125;0.125;0.125;0.125,0,0,0,0,0
deep,6,3,petz,,0.9999999999999974,True,2.9831756714991726e-15,0.9999999999999979,8,3.535533905932733e-13,128,256,1.0276850349705323e-15,3.552713678800501e-15,1.0000000000000018,1.0000000000000013,0.9999999999999976,-3.885780586188048e-15,-1.1102230246251565e-16,8,4,0.125;0.125;0.125;0.125;0.125;0.125;0.125;0.125,0.25;0.25;0.25;0.25,0,0,0,0,0
deep,6,4,petz,,0.9999999999999953,True,3.925231146709438e-15,0.9999999999999972,4,4.999999999999996e-13,256,512,3.799748810907645e-15,1.5543122344752192e-15,1.0000000000000027,1.0000000000000018,0.9999999999999989,-6.439293542825908e-15,-3.552713678800501e-15,4,2,0.25;0.25;0.25;0.25,0.5;0.5,0,0,0,0,0
deep,6,5,petz,,0.9999999999999885,True,2.0411201962889075e-15,0.9999999999999986,2,7.071067811865473e-13,512,1024,6.372221516936327e-15,0.0,1.0000000000000042,1.0000000000000029,1.0,-1.4432899320127035e-14,-1.1546319456101628e-14,2,1,0.5;0.5,1,0,0,0,0,0
deep,7,1,petz,,0.4999999999999982,True,4.8672866219197025e-15,0.9999999999999966,16,2.499999999999997e-13,32,64,4.104185695169999e-15,1.0000000000000044,7.207709633583583e-15,0.5000000000000026,0.49999999999999845,-4.3298697960381105e-15,-2.220446049250313e-16,16,16,0.0625;0.0625;0.0625;0.0625;0.0625;0.0625;0.0625;0.0625;0.0625;0.0625;0.0625;0.0625;0.0625;0.0625;0.0625;0.0625,0.0625;0.0625;0.0625;0.0625;0.0625;0.0625;0.0625;0.0625;0.0625;0.0625;0.0625;0.0625;0.0625;0.0625;0.0625;0.0625,1,0,0,1,1
deep,7,2,petz,,0.9999999999999958,True,2.3551386880256627e-15,0.9999999999999983,16,2.499999999999999e-13,64,128,7.781742427015105e-15,3.9968028886505635e-15,1.0000000000000042,1.0000000000000029,0.9999999999999972,-7.105427357601002e-15,-1.4432899320127035e-15,16,8,0.0625;0.0625;0.0625;0.0625;0.0625;0.0625;0.0625;0.0625;0.0625;0.0625;0.0625;0.0625;0.0625;0.0625;0.0625;0.0625,0.125;0.125;0.125;0.125;0.125;0.125;0.125;0.125,0,0,0,0,0
deep,7,3,petz,,0.999999999999998,True,1.2560739669470201e-15,0.9999999999999991,8,3.5355339059327374e-13,128,256,8.657466496320872e-15,2.6645352591003757e-15,1.0000000000000027,1.0000000000000018,0.9999999999999981,-3.774758283725532e-15,-1.1102230246251565e-16,8,4,0.125;0.125;0.125;0.125;0.125;0.125;0.125;0.125,0.25;0.25;0.25;0.25,0,0,0,0,0
deep,7,4,petz,,1.000000000000004,True,6.280369834735101e-16,0.9999999999999996,4,4.999999999999999e-13,256,512,1.0364888977464935e-14,2.220446049250313e-16,1.0000000000000007,1.0000000000000004,0.9999999999999999,3.552713678800501e-15,4.107825191113079e-15,4,2,0.25;0.25;0.25;0.25,0.5;0.5,0,0,0,0,0
deep,7,5,petz,,0.9999999999999853,True,3.1401849173675503e-16,0.9999999999999998,2,7.071067811865524e-13,512,1024,3.540406448190762e-14,0.0,1.0000000000000007,1.0000000000000004,1.0,-1.509903313490213e-14,-1.4654943925052066e-14,2,1,0.5;0.5,1,0,0,0,0,0
deep,8,1,petz,,0.9999999999999951,True,5.65233285126159e-15,0.999999999999996,32,1.7677669529663657e-13,32,64,4.517512917340985e-15,5.329070518200751e-15,1.000000000000007,1.0000000000000049,0.9999999999999963,-9.769962616701378e-15,-1.2212453270876722e-15,32,16,0.03125;0.03125;0.03125;0.03125;0.03125;0.03125;0.03125;0.03125;0.03125;0.03125;0.03125;0.03125;0.03125;0.03125;0.03125;0.03125;0.03125;0.03125;0.03125;0.03125;0.03125;0.03125;0.03125;0.03125;0.03125;0.03125;0.03125;0.03125;0.03125;0.03125;0.03125;0.03125,0.0625;0.0625;0.0625;0.0625;0.0625;0.0625;0.0625;0.0625;0.0625;0.0625;0.0625;0.0625;0.0625;0.0625;0.0625;0.0625,0,0,0,0,0
deep,8,2,petz,,0.9999999999999953,True,5.966351342998345e-15,0.9999999999999958,16,2.4999999999999954e-13,64,128,2.668260363855928e-15,5.329070518200751e-15,1.0000000000000056,1.0000000000000038,0.9999999999999963,-8.43769498715119e-15,-9.992007221626409e-16,16,8,0.0625;0.0625;0.0625;0.0625;0.0625;0.0625;0.0625;0.0625;0.0625;0.0625;0.0625;0.0625;0.0625;0.0625;0.0625;0.0625,0.125;0.125;0.125;0.125;0.125;0.125;0.125;0.125,0,0,0,0,0
deep,8,3,petz,,0.999999999999994,True,5.966351342998345e-15,0.9999999999999958,8,3.535533905932732e-13,128,256,3.131654669098748e-15,6.661338147750939e-15,1.000000000000007,1.0000000000000049,0.9999999999999953,-1.0880185641326534e-14,-1.3322676295501878e-15,8,4,0.125;0.125;0.125;0.125;0.125;0.125;0.125;0.125,0.25;0.25;0.25;0.25,0,0,0,0,0
deep,8,4,petz,,0.9999999999999951,True,5.495323605393213e-15,0.9999999999999961,4,4.999999999999991e-13,256,512,9.554701281482322e-16,5.773159728050814e-15,1.0000000000000058,1.000000000000004,0.999999999999996,-8.881784197001252e-15,-8.881784197001252e-16,4,2,0.25;0.25;0.25;0.25,0.5;0.5,0,0,0,0,0
deep,8,5,petz,,0.9999999999999996,True,5.338314359524835e-15,0.9999999999999962,2,7.071067811865457e-13,512,1024,4.193391805967757e-15,0.0,1.0000000000000109,1.0000000000000075,1.0,-7.993605777301127e-15,-4.440892098500626e-16,2,1,0.5;0.5,1,0,0,0,0,0
deep,9,1,petz,,0.4999999999999985,True,4.8672866219197025e-15,0.9999999999999966,16,2.4999999999999964e-13,32,64,3.1944290057889373e-15,0.9999999999999991,5.125482406103878e-15,0.5000000000000018,0.5000000000000003,-3.2751579226442118e-15,-1.8318679906315083e-15,16,16,0.0625;0.0625;0.0625;0.0625;0.0625;0.0625;0.0625;0.0625;0.0625;0.0625;0.0625;0.0625;0.0625;0.0625;0.0625;0.0625,0.0625;0.0625;0.0625;0.0625;0.0625;0.0625;0.0625;0.0625;0.0625;0.0625;0.0625;0.0625;0.0625;0.0625;0.0625;0.0625,1,0,0,1,1
deep,9,2,petz,,0.4999999999999981,True,4.867444894795833e-15,0.9999999999999966,8,3.5355339059327333e-13,64,128,3.0069147945956915e-15,1.0000000000000027,6.0865103572483564e-15,0.5000000000000021,0.49999999999999906,-3.9968028886505635e-15,-9.43689570931383e-16,8,8,0.125;0.125;0.125;0.125;0.125;0.125;0.125;0.125,0.125;0.125;0.125;0.125;0.125;0.125;0.125;0.125,1,0,0,1,1
deep,9,3,petz,,0.9999999999999972,True,2.3551386880256627e-15,0.9999999999999983,8,3.535533905932737e-13,128,256,7.478620324178128e-15,3.1086244689504383e-15,1.0000000000000042,1.0000000000000029,0.9999999999999979,-5.662137425588298e-15,-6.661338147750939e-16,8,4,0.125;0.125;0.125;0.125;0.125;0.125;0.125;0.125,0.25;0.25;0.25;0.25,0,0,0,0,0
deep,9,4,petz,,0.9999999999999993,True,1.2560739669470201e-15,0.9999999999999991,4,4.999999999999999e-13,256,512,5.990491491049345e-15,8.881784197001252e-16,1.0000000000000013,1.0000000000000009,0.9999999999999993,-1.5543122344752192e-15,0.0,4,2,0.25;0.25;0.25;0.25,0.5;0.5,0,0,0,0,0
deep,9,5,petz,,1.0000000000000187,True,6.280369834735101e-16,0.9999999999999996,2,7.071067811865474e-13,512,1024,2.820353286674418e-14,0.0,1.0000000000000013,1.0000000000000009,1.0,1.7763568394002505e-14,1.865174681370263e-14,2,1,0.5;0.5,1,0,0,0,0,0
deep,10,1,petz,,0.2499999999999991,True,4.8672866219197025e-15,0.9999999999999966,8,3.535533905932734e-13,32,64,2.009846202575715e-15,1.999999999999996,-0.9999999999999968,0.25000000000000056,0.25000000000000067,-1.4432899320127035e-15,-1.5543122344752192e-15,8,16,0.125;0.125;0.125;0.125;0.125;0.125;0.125;0.125,0.0625;0.0625;0.0625;0.0625;0.0625;0.0625;0.0625;0.0625;0.0625;0.0625;0.0625;0.0625;0.0625;0.0625;0.0625;0.0625,2,0,0,2,2
deep,10,2,petz,,0.24999999999999925,True,4.8672866219197025e-15,0.9999999999999966,4,4.999999999999995e-13,64,128,1.0648770758274468e-15,1.9999999999999991,-0.9999999999999932,0.25000000000000117,0.25000000000000017,-1.915134717478395e-15,-9.159339953157541e-16,4,8,0.25;0.25;0.25;0.25,0.125;0.125;0.125;0.125;0.125;0.125;0.125;0.125,2,0,0,2,2
deep,10,3,petz,,0.4999999999999985,True,2.3551386880256627e-15,0.9999999999999983,4,4.999999999999994e-13,128,256,5.159217543072295e-15,1.0000000000000009,4.805139755722384e-15,0.5000000000000017,0.49999999999999967,-3.164135620181696e-15,-1.1657341758564144e-15,4,4,0.25;0.25;0.25;0.25,0.25;0.25;0.25;0.25,1,0,0,1,1
deep,10,4,petz,,0.4999999999999989,True,1.2560739669470201e-15,0.9999999999999991,2,7.071067811865466e-13,256,512,1.1420686386920782e-15,1.0000000000000002,3.203426503814918e-16,0.5000000000000001,0.49999999999999994,-1.2212453270876722e-15,-1.0547118733938987e-15,2,2,0.5;0.5,0.5;0.5,1,0,0,1,1
deep,10,5,petz,,1.0000000000000009,True,6.280369985554218e-16,0.9999999999999996,2,7.071067811865474e-13,512,1024,2.3152548096178915e-14,0.0,1.0000000000000013,1.0000000000000009,1.0,0.0,8.881784197001252e-16,2,1,0.5;0.5,1,0,0,0,0,0
deep,11,1,petz,,0.9999999999999963,True,4.8672866219197025e-15,0.9999999999999966,32,1.7677669529663664e-13,32,64,5.7484424512215025e-15,3.552713678800501e-15,1.0000000000000047,1.0000000000000033,0.9999999999999976,-6.994405055138486e-15,-1.2212453270876722e-15,32,16,0.03125;0.03125;0.03125;0.03125;0.03125;0.03125;0.03125;0.03125;0.03125;0.03125;0.03125;0.03125;0.03125;0.03125;0.03125;0.03125;0.03125;0.03125;0.03125;0.03125;0.03125;0.03125;0.03125;0.03125;0.03125;0.03125;0.03125;0.03125;0.03125;0.03125;0.03125;0.03125,0.0625;0.0625;0.0625;0.0625;0.0625;0.0625;0.0625;0.0625;0.0625;0.0625;0.0625;0.0625;0.0625;0.0625;0.0625;0.0625,0,0,0,0,0
deep,11,2,petz,,0.9999999999999961,True,4.8672866219197025e-15,0.9999999999999966,16,2.499999999999998e-13,64,128,6.110521270035037e-15,7.549516567451064e-15,1.0000000000000067,1.0000000000000047,0.9999999999999948,-8.548717289613705e-15,1.3322676295501878e-15,16,8,0.0625;0.0625;0.0625;0.0625;0.0625;0.0625;0.0625;0.0625;0.0625;0.0625;0.0625;0.0625;0.0625;0.0625;0.0625;0.0625,0.125;0.125;0.125;0.125;0.125;0.125;0.125;0.125,0,0,0,0,0
deep,11,3,petz,,0.9999999999999962,True,2.5121479507808173e-15,0.9999999999999982,8,3.535533905932737e-13,128,256,7.361653414502372e-15,2.6645352591003757e-15,1.0000000000000036,1.0000000000000024,0.9999999999999981,-6.217248937900877e-15,-1.887379141862766e-15,8,4,0.125;0.125;0.125;0.125;0.125;0.125;0.125;0.125,0.25;0.25;0.25;0.25,0,0,0,0,0
deep,11,4,petz,,0.9999999999999916,True,1.2560739753904086e-15,0.9999999999999991,4,4.999999999999999e-13,256,512,7.063636341117609e-15,1.1102230246251565e-15,1.0000000000000002,1.0000000000000002,0.9999999999999992,-8.659739592076221e-15,-7.66053886991358e-15,4,2,0.25;0.25;0.25;0.25,0.5;0.5,0,0,0,0,0
deep,11,5,petz,,0.9999999999999969,True,6.280380433531227e-16,0.9999999999999996,2,7.071067811865475e-13,512,1024,3.701246362935062e-15,0.0,1.0000000000000013,1.0000000000000009,1.0,-3.9968028886505635e-15,-3.1086244689504383e-15,2,1,0.5;0.5,1,0,0,0,0,0
deep,12,1,petz,,0.9999999999999966,True,4.8672866219197025e-15,0.9999999999999966,32,1.7677669529663664e-13,32,64,5.943967325779963e-15,2.6645352591003757e-15,1.0000000000000042,1.0000000000000029,0.9999999999999981,-6.328271240363392e-15,-1.5543122344752192e-15,32,16,0.03125;0.03125;0.03125;0.03125;0.03125;0.03125;0.03125;0.03125;0.03125;0.03125;0.03125;0.03125;0.03125;0.03125;0.03125;0.03125;0.03125;0.03125;0.03125;0.03125;0.03125;0.03125;0.03125;0.03125;0.03125;0.03125;0.03125;0.03125;0.03125;0.03125;0.03125;0.03125,0.0625;0.0625;0.0625;0.0625;0.0625;0.0625;0.0625;0.0625;0.0625;0.0625;0.0625;0.0625;0.0625;0.0625;0.0625;0.0625,0,0,0,0,0
deep,12,2,petz,,0.999999999999996,True,4.867286656782727e-15,0.9999999999999966,16,2.499999999999998e-13,64,128,5.798625913217261e-15,6.217248937900877e-15,1.0000000000000089,1.0000000000000062,0.9999999999999957,-1.021405182655144e-14,3.3306690738754696e-16,16,8,0.0625;0.0625;0.0625;0.0625;0.0625;0.0625;0.0625;0.0625;0.0625;0.0625;0.0625;0.0625;0.0625;0.0625;0.0625;0.0625,0.125;0.125;0.125;0.125;0.125;0.125;0.125;0.125,0,0,0,0,0
deep,12,3,petz,,0.9999999999999964,True,2.5121479507808173e-15,0.9999999999999982,8,3.535533905932737e-13,128,256,9.838316366723715e-15,3.1086244689504383e-15,1.0000000000000049,1.0000000000000033,0.9999999999999979,-6.8833827526759706e-15,-1.4432899320127035e-15,8,4,0.125;0.125;0.125;0.125;0.125;0.125;0.125;0.125,0.25;0.25;0.25;0.25,0,0,0,0,0
deep,12,4,petz,,0.9999999999999956,True,1.2560760867062454e-15,0.9999999999999991,4,4.999999999999999e-13,256,512,1.0454125976769096e-14,8.881784197001252e-16,1.0000000000000002,1.0000000000000002,0.9999999999999993,-4.6629367034256575e-15,-3.774758283725532e-15,4,2,0.25;0.25;0.25;0.25,0.5;0.5,0,0,0,0,0
deep,12,5,petz,,1.0000000000000142,True,6.280380433531227e-16,0.9999999999999996,2,7.071067811865474e-13,512,1024,2.714356777244361e-14,0.0,1.0000000000000013,1.0000000000000009,1.0,1.3322676295501878e-14,1.4210854715202004e-14,2,1,0.5;0.5,1,0,0,0,0,0
deep,13,1,petz,,0.49999999999999845,True,2.6691637608567454e-15,0.9999999999999981,16,2.4999999999999974e-13,32,64,2.8985828347916245e-15,0.9999999999999982,1.922055902288952e-15,0.5000000000000007,0.5000000000000007,-2.220446049250313e-15,-2.220446049250313e-15,16,16,0.0625;0.0625;0.0625;0.0625;0.0625;0.0625;0.0625;0.0625;0.0625;0.0625;0.0625;0.0625;0.0625;0.0625;0.0625;0.0625,0.0625;0.0625;0.0625;0.0625;0.0625;0.0625;0.0625;0.0625;0.0625;0.0625;0.0625;0.0625;0.0625;0.0625;0.0625;0.0625,1,0,0,1,1
deep,13,2,petz,,0.9999999999999966,True,3.925232265496693e-15,0.9999999999999972,16,2.4999999999999984e-13,64,128,4.923803731848982e-15,5.329070518200751e-15,1.0000000000000058,1.000000000000004,0.9999999999999963,-7.438494264988549e-15,2.220446049250313e-16,16,8,0.0625;0.0625;0.0625;0.0625;0.0625;0.0625;0.0625;0.0625;0.0625;0.0625;0.0625;0.0625;0.0625;0.0625;0.0625;0.0625,0.125;0.125;0.125;0.125;0.125;0.125;0.125;0.125,0,0,0,0,0
deep,13,3,petz,,0.9999999999999953,True,2.0411239895016036e-15,0.9999999999999986,8,3.535533905932737e-13,128,256,8.538853143787271e-15,2.220446049250313e-15,1.0000000000000029,1.000000000000002,0.9999999999999984,-6.661338147750939e-15,-3.1086244689504383e-15,8,4,0.125;0.125;0.125;0.125;0.125;0.125;0.125;0.125,0.25;0.25;0.25;0.25,0,0,0,0,0
deep,13,4,petz,,0.9999999999999948,True,1.0990648284131813e-15,0.9999999999999992,4,4.999999999999999e-13,256,512,6.432082638748628e-15,8.881784197001252e-16,1.0000000000000002,1.0000000000000002,0.9999999999999993,-5.440092820663267e-15,-4.551914400963142e-15,4,2,0.25;0.25;0.25;0.25,0.5;0.5,0,0,0,0,0
deep,13,5,petz,,1.0000000000000222,True,6.280370304323713e-16,0.9999999999999996,2,7.071067811865474e-13,512,1024,3.16698623774564e-14,0.0,1.0000000000000013,1.0000000000000009,1.0,2.1316282072803006e-14,2.220446049250313e-14,2,1,0.5;0.5,1,0,0,0,0,0
deep,14,1,petz,,0.9999999999999964,True,4.8672866219197025e-15,0.9999999999999966,32,1.767766952966367e-13,32,64,4.918339877165065e-15,2.6645352591003757e-15,1.0000000000000044,1.000000000000003,0.9999999999999981,-6.661338147750939e-15,-1.6653345369377348e-15,32,16,0.03125;0.03125;0.03125;0.03125;0.03125;0.03125;0.03125;0.03125;0.03125;0.03125;0.03125;0.03125;0.03125;0.03125;0.03125;0.03125;0.03125;0.03125;0.03125;0.03125;0.03125;0.03125;0.03125;0.03125;0.03125;0.03125;0.03125;0.03125;0.03125;0.03125;0.03125;0.03125,0.0625;0.0625;0.0625;0.0625;0.0625;0.0625;0.0625;0.0625;0.0625;0.0625;0.0625;0.0625;0.0625;0.0625;0.0625;0.0625,0,0,0,0,0
deep,14,2,petz,,0.999999999999996,True,4.867286628825006e-15,0.9999999999999966,16,2.499999999999998e-13,64,128,5.170124239566699e-15,6.217248937900877e-15,1.0000000000000067,1.0000000000000047,0.9999999999999957,-8.659739592076221e-15,3.3306690738754696e-16,16,8,0.0625;0.0625;0.0625;0.0625;0.0625;0.0625;0.0625;0.0625;0.0625;0.0625;0.0625;0.0625;0.0625;0.0625;0.0625;0.0625,0.125;0.125;0.125;0.125;0.125;0.125;0.125;0.125,0,0,0,0,0
deep,14,3,petz,,0.9999999999999947,True,2.355138691593403e-15,0.9999999999999983,8,3.5355339059327364e-13,128,256,6.9941047761394154e-15,2.6645352591003757e-15,1.0000000000000033,1.0000000000000022,0.9999999999999981,-7.549516567451064e-15,-3.4416913763379853e-15,8,4,0.125;0.125;0.125;0.125;0.125;0.125;0.125;0.125,0.25;0.25;0.25;0.25,0,0,0,0,0
deep,14,4,petz,,0.9999999999999915,True,1.2560762377923347e-15,0.9999999999999991,4,4.999999999999999e-13,256,512,1.0898146998389006e-14,8.881784197001252e-16,1.0000000000000002,1.0000000000000002,0.9999999999999993,-8.770761894538737e-15,-7.882583474838611e-15,4,2,0.25;0.25;0.25;0.25,0.5;0.5,0,0,0,0,0
deep,14,5,petz,,0.9999999999999962,True,6.280382454919002e-16,0.9999999999999996,2,7.071067811865475e-13,512,1024,1.1461831677527487e-14,0.0,1.0000000000000013,1.0000000000000009,1.0,-4.6629367034256575e-15,-3.774758283725532e-15,2,1,0.5;0.5,1,0,0,0,0,0
deep,15,1,petz,,0.4999999999999987,True,3.611212654972683e-15,0.9999999999999974,16,2.4999999999999984e-13,32,64,2.6680396294855735e-15,1.0000000000000009,4.004283129768653e-15,0.5000000000000013,0.49999999999999967,-2.609024107869118e-15,-9.43689570931383e-16,16,16,0.0625;0.0625;0.0625;0.0625;0.0625;0.0625;0.0625;0.0625;0.0625;0.0625;0.0625;0.0625;0.0625;0.0625;0.0625;0.0625,0.0625;0.0625;0.0625;0.0625;0.0625;0.0625;0.0625;0.0625;0.0625;0.0625;0.0625;0.0625;0.0625;0.0625;0.0625;0.0625,1,0,0,1,1
deep,15,2,petz,,0.4999999999999985,True,2.9831756714991726e-15,0.9999999999999979,8,3.5355339059327343e-13,64,128,2.678542189026999e-15,1.0000000000000004,2.5627412030519365e-15,0.5000000000000009,0.49999999999999983,-2.3869795029440866e-15,-1.3322676295501878e-15,8,8,0.125;0.125;0.125;0.125;0.125;0.125;0.125;0.125,0.125;0.125;0.125;0.125;0.125;0.125;0.125;0.125,1,0,0,1,1
deep,15,3,petz,,0.4999999999999977,True,3.925231146709438e-15,0.9999999999999972,4,4.999999999999998e-13,128,256,3.937711611340034e-15,1.000000000000001,7.528052283965076e-15,0.5000000000000027,0.4999999999999996,-4.9404924595819466e-15,-1.887379141862766e-15,4,4,0.25;0.25;0.25;0.25,0.25;0.25;0.25;0.25,1,0,0,1,1
deep,15,4,petz,,0.9999999999999943,True,3.925231146709438e-15,0.9999999999999972,4,4.999999999999997e-13,256,512,5.107983405332191e-15,1.7763568394002505e-15,1.0000000000000027,1.0000000000000018,0.9999999999999988,-7.438494264988549e-15,-4.440892098500626e-15,4,2,0.25;0.25;0.25;0.25,0.5;0.5,0,0,0,0,0
deep,15,5,petz,,0.9999999999999962,True,2.0411201962889075e-15,0.9999999999999986,2,7.071067811865473e-13,512,1024,1.7271017045521525e-15,0.0,1.0000000000000042,1.0000000000000029,1.0,-6.661338147750939e-15,-3.774758283725532e-15,2,1,0.5;0.5,1,0,0,0,0,0
deep,16,1,petz,,0.9999999999999979,True,4.39625888431457e-15,0.9999999999999969,32,1.7677669529663674e-13,32,64,5.4033518447776566e-15,5.329070518200751e-15,1.0000000000000056,1.0000000000000038,0.9999999999999963,-5.88418203051333e-15,1.5543122344752192e-15,32,16,0.03125;0.03125;0.03125;0.03125;0.03125;0.03125;0.03125;0.03125;0.03125;0.03125;0.03125;0.03125;0.03125;0.03125;0.03125;0.03125;0.03125;0.03125;0.03125;0.03125;0.03125;0.03125;0.03125;0.03125;0.03125;0.03125;0.03125;0.03125;0.03125;0.03125;0.03125;0.03125,0.0625;0.0625;0.0625;0.0625;0.0625;0.0625;0.0625;0.0625;0.0625;0.0625;0.0625;0.0625;0.0625;0.0625;0.0625;0.0625,0,0,0,0,0
deep,16,2,petz,,0.9999999999999958,True,2.198129442157285e-15,0.9999999999999984,16,2.499999999999999e-13,64,128,5.9136517109410636e-15,2.6645352591003757e-15,1.0000000000000038,1.0000000000000027,0.9999999999999981,-6.8833827526759706e-15,-2.3314683517128287e-15,16,8,0.0625;0.0625;0.0625;0.0625;0.0625;0.0625;0.0625;0.0625;0.0625;0.0625;0.0625;0.0625;0.0625;0.0625;0.0625;0.0625,0.125;0.125;0.125;0.125;0.125;0.125;0.125;0.125,0,0,0,0,0
deep,16,3,petz,,0.9999999999999963,True,9.42055475210265e-16,0.9999999999999993,8,3.5355339059327374e-13,128,256,8.897747804864626e-15,1.3322676295501878e-15,1.0000000000000022,1.0000000000000016,0.9999999999999991,-5.218048215738236e-15,-2.7755575615628914e-15,8,4,0.125;0.125;0.125;0.125;0.125;0.125;0.125;0.125,0.25;0.25;0.25;0.25,0,0,0,0,0
deep,16,4,petz,,1.0000000000000058,True,4.710277376051325e-16,0.9999999999999997,4,4.999999999999999e-13,256,512,1.0962593195186327e-14,0.0,1.0000000000000007,1.0000000000000004,1.0,5.329070518200751e-15,5.773159728050814e-15,4,2,0.25;0.25;0.25;0.25,0.5;0.5,0,0,0,0,0
deep,16,5,petz,,0.9999999999999853,True,3.1401849173675503e-16,0.9999999999999998,2,7.071067811865526e-13,512,1024,3.4303647336825566e-14,0.0,1.0000000000000007,1.0000000000000004,1.0,-1.509903313490213e-14,-1.4654943925052066e-14,2,1,0.5;0.5,1,0,0,0,0,0
deep,17,1,petz,,0.4999999999999981,True,4.8672866219197025e-15,0.9999999999999966,16,2.4999999999999974e-13,32,64,4.0270462829314755e-15,1.0000000000000036,6.887366983202089e-15,0.5000000000000023,0.4999999999999988,-4.218847493575595e-15,-6.661338147750939e-16,16,16,0.0625;0.0625;0.0625;0.0625;0.0625;0.0625;0.0625;0.0625;0.0625;0.0625;0.0625;0.0625;0.0625;0.0625;0.0625;0.0625,0.0625;0.0625;0.0625;0.0625;0.0625;0.0625;0.0625;0.0625;0.0625;0.0625;0.0625;0.0625;0.0625;0.0625;0.0625;0.0625,1,0,0,1,1
deep,17,2,petz,,0.9999999999999956,True,2.3551386880256627e-15,0.9999999999999983,16,2.499999999999999e-13,64,128,7.901293494669636e-15,3.9968028886505635e-15,1.0000000000000029,1.000000000000002,0.9999999999999972,-6.439293542825908e-15,-1.6653345369377348e-15,16,8,0.0625;0.0625;0.0625;0.0625;0.0625;0.0625;0.0625;0.0625;0.0625;0.0625;0.0625;0.0625;0.0625;0.0625;0.0625;0.0625,0.125;0.125;0.125;0.125;0.125;0.125;0.125;0.125,0,0,0,0,0
deep,17,3,petz,,0.9999999999999969,True,1.2560739669470201e-15,0.9999999999999991,8,3.5355339059327374e-13,128,256,8.866978698700403e-15,8.881784197001252e-16,1.0000000000000009,1.0000000000000007,0.9999999999999993,-3.774758283725532e-15,-2.4424906541753444e-15,8,4,0.125;0.125;0.125;0.125;0.125;0.125;0.125;0.125,0.25;0.25;0.25;0.25,0,0,0,0,0
deep,17,4,petz,,1.0000000000000022,True,6.280369834735101e-16,0.9999999999999996,4,4.999999999999999e-13,256,512,8.708668027169752e-15,2.220446049250313e-16,1.0000000000000007,1.0000000000000004,0.9999999999999999,1.7763568394002505e-15,2.3314683517128287e-15,4,2,0.25;0.25;0.25;0.25,0.5;0.5,0,0,0,0,0
deep,17,5,petz,,0.9999999999999853,True,3.1401849173675503e-16,0.9999999999999998,2,7.071067811865525e-13,512,1024,3.5677108874512995e-14,0.0,1.0000000000000007,1.0000000000000004,1.0,-1.509903313490213e-14,-1.4654943925052066e-14,2,1,0.5;0.5,1,0,0,0,0,0
deep,18,1,petz,,0.4999999999999982,True,4.8672866219197025e-15,0.9999999999999966,16,2.4999999999999974e-13,32,64,3.58918836474398e-15,1.0000000000000053,7.528052283965076e-15,0.5000000000000027,0.49999999999999817,-4.440892098500626e-15,5.551115123125783e-17,16,16,0.0625;0.0625;0.0625;0.0625;0.0625;0.0625;0.0625;0.0625;0.0625;0.0625;0.0625;0.0625;0.0625;0.0625;0.0625;0.0625,0.0625;0.0625;0.0625;0.0625;0.0625;0.0625;0.0625;0.0625;0.0625;0.0625;0.0625;0.0625;0.0625;0.0625;0.0625;0.0625,1,0,0,1,1
deep,18,2,petz,,0.9999999999999958,True,2.3551386880256627e-15,0.9999999999999983,16,2.499999999999999e-13,64,128,6.4864644933893094e-15,3.552713678800501e-15,1.0000000000000058,1.000000000000004,0.9999999999999976,-8.215650382226158e-15,-1.7763568394002505e-15,16,8,0.0625;0.0625;0.0625;0.0625;0.0625;0.0625;0.0625;0.0625;0.0625;0.0625;0.0625;0.0625;0.0625;0.0625;0.0625;0.0625,0.125;0.125;0.125;0.125;0.125;0.125;0.125;0.125,0,0,0,0,0
deep,18,3,petz,,0.9999999999999977,True,1.2560739669470201e-15,0.9999999999999991,8,3.5355339059327374e-13,128,256,9.137645156443364e-15,1.3322676295501878e-15,1.0000000000000022,1.0000000000000016,0.9999999999999991,-3.885780586188048e-15,-1.4432899320127035e-15,8,4,0.125;0.125;0.125;0.125;0.125;0.125;0.125;0.125,0.25;0.25;0.25;0.25,0,0,0,0,0
deep,18,4,petz,,1.0000000000000018,True,6.280369834735101e-16,0.9999999999999996,4,4.999999999999999e-13,256,512,8.852422683614001e-15,0.0,1.0000000000000007,1.0000000000000004,1.0,1.3322676295501878e-15,1.7763568394002505e-15,4,2,0.25;0.25;0.25;0.25,0.5;0.5,0,0,0,0,0
deep,18,5,petz,,0.9999999999999853,True,3.1401849173675503e-16,0.9999999999999998,2,7.071067811865529e-13,512,1024,3.5929562794256595e-14,0.0,1.0000000000000007,1.0000000000000004,1.0,-1.509903313490213e-14,-1.4654943925052066e-14,2,1,0.5;0.5,1,0,0,0,0,0
deep,19,1,petz,,0.4999999999999982,True,4.9464142581768705e-15,0.9999999999999964,16,2.499999999999996e-13,32,64,2.9266744692490627e-15,1.0000000000000009,3.5237691541964136e-15,0.5000000000000012,0.49999999999999967,-2.9976021664879227e-15,-1.4432899320127035e-15,16,16,0.0625;0.0625;0.0625;0.0625;0.0625;0.0625;0.0625;0.0625;0.0625;0.0625;0.0625;0.0625;0.0625;0.0625;0.0625;0.0625,0.0625;0.0625;0.0625;0.0625;0.0625;0.0625;0.0625;0.0625;0.0625;0.0625;0.0625;0.0625;0.0625;0.0625;0.0625;0.0625,1,0,0,1,1
deep,19,2,petz,,0.4999999999999972,True,4.9464142581768705e-15,0.9999999999999964,8,3.5355339059327333e-13,64,128,3.872081604747952e-15,1.0000000000000027,8.32890890991881e-15,0.5000000000000029,0.49999999999999906,-5.662137425588298e-15,-1.8318679906315083e-15,8,8,0.125;0.125;0.125;0.125;0.125;0.125;0.125;0.125,0.125;0.125;0.125;0.125;0.125;0.125;0.125;0.125,1,0,0,1,1
deep,19,3,petz,,0.49999999999999767,True,3.972054645195637e-15,0.999999999999996,4,4.999999999999995e-13,128,256,3.1451079041403415e-15,1.000000000000001,3.5237691541964136e-15,0.5000000000000012,0.4999999999999996,-3.552713678800501e-15,-1.942890293094024e-15,4,4,0.25;0.25;0.25;0.25,0.25;0.25;0.25;0.25,1,0,0,1,1
deep,19,4,petz,,0.9999999999999905,True,1.9860273225978185e-15,0.9999999999999987,4,5e-13,256,512,1.1519246439636328e-14,4.440892098500626e-16,1.0000000000000002,1.0000000000000002,0.9999999999999997,-9.769962616701378e-15,-9.2148511043888e-15,4,2,0.25;0.25;0.25;0.25,0.5;0.5,0,0,0,0,0
deep,19,5,petz,,0.9999999999999969,True,9.930136612989092e-16,0.9999999999999991,2,7.071067811865476e-13,512,1024,3.988699297339181e-15,0.0,1.0000000000000013,1.0000000000000009,1.0,-3.9968028886505635e-15,-3.1086244689504383e-15,2,1,0.5;0.5,1,0,0,0,0,0
deep,20,1,petz,,0.9999999999999958,True,4.8672866219197025e-15,0.9999999999999966,32,1.7677669529663664e-13,32,64,5.597174288903446e-15,4.440892098500626e-15,1.0000000000000058,1.000000000000004,0.9999999999999969,-8.215650382226158e-15,-1.1102230246251565e-15,32,16,0.03125;0.03125;0.03125;0.03125;0.03125;0.03125;0.03125;0.03125;0.03125;0.03125;0.03125;0.03125;0.03125;0.03125;0.03125;0.03125;0.03125;0.03125;0.03125;0.03125;0.03125;0.03125;0.03125;0.03125;0.03125;0.03125;0.03125;0.03125;0.03125;0.03125;0.03125;0.03125,0.0625;0.0625;0.0625;0.0625;0.0625;0.0625;0.0625;0.0625;0.0625;0.0625;0.0625;0.0625;0.0625;0.0625;0.0625;0.0625,0,0,0,0,0
deep,20,2,petz,,0.9999999999999969,True,4.8672866219197025e-15,0.9999999999999966,16,2.499999999999996e-13,64,128,4.725855158951121e-15,4.440892098500626e-15,1.000000000000006,1.0000000000000042,0.9999999999999969,-7.327471962526033e-15,0.0,16,8,0.0625;0.0625;0.0625;0.0625;0.0625;0.0625;0.0625;0.0625;0.0625;0.0625;0.0625;0.0625;0.0625;0.0625;0.0625;0.0625,0.125;0.125;0.125;0.125;0.125;0.125;0.125;0.125,0,0,0,0,0
deep,20,3,petz,,0.9999999999999948,True,4.8672866219197025e-15,0.9999999999999966,8,3.535533905932734e-13,128,256,4.8080376024141735e-15,5.773159728050814e-15,1.0000000000000084,1.0000000000000058,0.999999999999996,-1.099120794378905e-14,-1.2212453270876722e-15,8,4,0.125;0.125;0.125;0.125;0.125;0.125;0.125;0.125,0.25;0.25;0.25;0.25,0,0,0,0,0
deep,20,4,petz,,0.9999999999999923,True,4.8672866219197025e-15,0.9999999999999966,4,4.999999999999996e-13,256,512,5.585762273553803e-15,2.6645352591003757e-15,1.0000000000000027,1.0000000000000018,0.9999999999999981,-9.43689570931383e-15,-5.773159728050814e-15,4,2,0.25;0.25;0.25;0.25,0.5;0.5,0,0,0,0,0
deep,20,5,petz,,0.9999999999999853,True,2.5121479338940403e-15,0.9999999999999982,2,7.071067811865474e-13,512,1024,1.1854073006331762e-14,0.0,1.000000000000005,1.0000000000000036,1.0,-1.8207657603852567e-14,-1.4654943925052066e-14,2,1,0.5;0.5,1,0,0,0,0,0
deep,21,1,petz,,0.4999999999999984,True,4.39625888431457e-15,0.9999999999999969,16,2.499999999999997e-13,32,64,2.9781728435769355e-15,0.9999999999999982,4.805139755722384e-15,0.5000000000000017,0.5000000000000007,-3.2751579226442118e-15,-2.275957200481571e-15,16,16,0.0625;0.0625;0.0625;0.0625;0.0625;0.0625;0.0625;0.0625;0.0625;0.0625;0.0625;0.0625;0.0625;0.0625;0.0625;0.0625,0.0625;0.0625;0.0625;0.0625;0.0625;0.0625;0.0625;0.0625;0.0625;0.0625;0.0625;0.0625;0.0625;0.0625;0.0625;0.0625,1,0,0,1,1
deep,21,2,petz,,0.9999999999999977,True,4.710277376051325e-15,0.9999999999999967,16,2.4999999999999964e-13,64,128,4.475940901008971e-15,3.1086244689504383e-15,1.0000000000000047,1.0000000000000033,0.9999999999999979,-5.662137425588298e-15,-2.220446049250313e-16,16,8,0.0625;0.0625;0.0625;0.0625;0.0625;0.0625;0.0625;0.0625;0.0625;0.0625;0.0625;0.0625;0.0625;0.0625;0.0625;0.0625,0.125;0.125;0.125;0.125;0.125;0.125;0.125;0.125,0,0,0,0,0
deep,21,3,petz,,0.9999999999999963,True,4.710277376051325e-15,0.9999999999999967,8,3.5355339059327343e-13,128,256,5.023560089626674e-15,4.884981308350689e-15,1.0000000000000084,1.0000000000000058,0.9999999999999966,-9.43689570931383e-15,-2.220446049250313e-16,8,4,0.125;0.125;0.125;0.125;0.125;0.125;0.125;0.125,0.25;0.25;0.25;0.25,0,0,0,0,0
deep,21,4,petz,,0.9999999999999928,True,2.3551386880256627e-15,0.9999999999999983,4,4.999999999999998e-13,256,512,7.46795137052403e-15,1.3322676295501878e-15,1.0000000000000016,1.000000000000001,0.9999999999999991,-8.326672684688674e-15,-6.328271240363392e-15,4,2,0.25;0.25;0.25;0.25,0.5;0.5,0,0,0,0,0
deep,21,5,petz,,0.999999999999994,True,1.2560739669470201e-15,0.9999999999999991,2,7.071067811865474e-13,512,1024,4.710277376051325e-15,0.0,1.0000000000000027,1.0000000000000018,1.0,-7.771561172376096e-15,-5.995204332975845e-15,2,1,0.5;0.5,1,0,0,0,0,0
deep,22,1,petz,,0.4999999999999982,True,4.39625888431457e-15,0.9999999999999969,16,2.499999999999998e-13,32,64,2.5317212122831743e-15,0.9999999999999991,5.44582505648537e-15,0.5000000000000019,0.5000000000000003,-3.6637359812630166e-15,-2.1094237467877974e-15,16,16,0.0625;0.0625;0.0625;0.0625;0.0625;0.0625;0.0625;0.0625;0.0625;0.0625;0.0625;0.0625;0.0625;0.0625;0.0625;0.0625,0.0625;0.0625;0.0625;0.0625;0.0625;0.0625;0.0625;0.0625;0.0625;0.0625;0.0625;0.0625;0.0625;0.0625;0.0625;0.0625,1,0,0,1,1
deep,22,2,petz,,0.49999999999999833,True,4.710277376051325e-15,0.9999999999999967,8,3.5355339059327323e-13,64,128,2.5085650512982353e-15,1.0000000000000004,5.605996381676117e-15,0.5000000000000019,0.49999999999999983,-3.552713678800501e-15,-1.4988010832439613e-15,8,8,0.125;0.125;0.125;0.125;0.125;0.125;0.125;0.125,0.125;0.125;0.125;0.125;0.125;0.125;0.125;0.125,1,0,0,1,1
deep,22,3,petz,,0.999999999999994,True,4.710277376051325e-15,0.9999999999999967,8,3.5355339059327343e-13,128,256,6.422516961882713e-15,5.329070518200751e-15,1.0000000000000089,1.0000000000000062,0.9999999999999963,-1.2212453270876722e-14,-2.3314683517128287e-15,8,4,0.125;0.125;0.125;0.125;0.125;0.125;0.125;0.125,0.25;0.25;0.25;0.25,0,0,0,0,0
deep,22,4,petz,,0.9999999999999925,True,2.3551386880256627e-15,0.9999999999999983,4,4.999999999999998e-13,256,512,7.745039771393217e-15,1.3322676295501878e-15,1.0000000000000016,1.000000000000001,0.9999999999999991,-8.659739592076221e-15,-6.661338147750939e-15,4,2,0.25;0.25;0.25;0.25,0.5;0.5,0,0,0,0,0
deep,22,5,petz,,0.9999999999999853,True,1.2560739669470201e-15,0.9999999999999991,2,7.071067811865475e-13,512,1024,1.2603504841887092e-14,0.0,1.0000000000000027,1.0000000000000018,1.0,-1.6431300764452317e-14,-1.4654943925052066e-14,2,1,0.5;0.5,1,0,0,0,0,0
deep,23,1,petz,,0.9999999999999968,True,4.8672866219197025e-15,0.9999999999999966,32,1.767766952966367e-13,32,64,5.631595964568251e-15,1.7763568394002505e-15,1.000000000000005,1.0000000000000036,0.9999999999999988,-6.772360450213455e-15,-1.9984014443252818e-15,32,16,0.03125;0.03125;0.03125;0.03125;0.03125;0.03125;0.03125;0.03125;0.03125;0.03125;0.03125;0.03125;0.03125;0.03125;0.03125;0.03125;0.03125;0.03125;0.03125;0.03125;0.03125;0.03125;0.03125;0.03125;0.03125;0.03125;0.03125;0.03125;0.03125;0.03125;0.03125;0.03125,0.0625;0.0625;0.0625;0.0625;0.0625;0.0625;0.0625;0.0625;0.0625;0.0625;0.0625;0.0625;0.0625;0.0625;0.0625;0.0625,0,0,0,0,0
deep,23,2,petz,,0.9999999999999971,True,4.8672866219197025e-15,0.9999999999999966,16,2.499999999999998e-13,64,128,6.7317651032988035e-15,6.661338147750939e-15,1.000000000000007,1.0000000000000049,0.9999999999999953,-7.771561172376096e-15,1.7763568394002505e-15,16,8,0.0625;0.0625;0.0625;0.0625;0.0625;0.0625;0.0625;0.0625;0.0625;0.0625;0.0625;0.0625;0.0625;0.0625;0.0625;0.0625,0.125;0.125;0.125;0.125;0.125;0.125;0.125;0.125,0,0,0,0,0
deep,23,3,petz,,0.9999999999999966,True,2.3551386880256627e-15,0.9999999999999983,8,3.535533905932737e-13,128,256,7.603413197587265e-15,2.6645352591003757e-15,1.0000000000000044,1.000000000000003,0.9999999999999981,-6.5503158452884236e-15,-1.5543122344752192e-15,8,4,0.125;0.125;0.125;0.125;0.125;0.125;0.125;0.125,0.25;0.25;0.25;0.25,0,0,0,0,0
deep,23,4,petz,,0.9999999999999918,True,1.2560739669470201e-15,0.9999999999999991,4,4.999999999999999e-13,256,512,8.085099049295559e-15,1.3322676295501878e-15,1.0000000000000002,1.0000000000000002,0.9999999999999991,-8.43769498715119e-15,-7.327471962526033e-15,4,2,0.25;0.25;0.25;0.25,0.5;0.5,0,0,0,0,0
deep,23,5,petz,,0.9999999999999978,True,6.280369834735101e-16,0.9999999999999996,2,7.071067811865474e-13,512,1024,2.4837969789035887e-15,0.0,1.0000000000000013,1.0000000000000009,1.0,-3.1086244689504383e-15,-2.220446049250313e-15,2,1,0.5;0.5,1,0,0,0,0,0
deep,24,1,petz,,0.9999999999999964,True,4.39625888431457e-15,0.9999999999999969,32,1.7677669529663672e-13,32,64,5.159224719201242e-15,1.7763568394002505e-15,1.000000000000005,1.0000000000000036,0.9999999999999988,-7.105427357601002e-15,-2.3314683517128287e-15,32,16,0.03125;0.03125;0.03125;0.03125;0.03125;0.03125;0.03125;0.03125;0.03125;0.03125;0.03125;0.03125;0.03125;0.03125;0.03125;0.03125;0.03125;0.03125;0.03125;0.03125;0.03125;0.03125;0.03125;0.03125;0.03125;0.03125;0.03125;0.03125;0.03125;0.03125;0.03125;0.03125,0.0625;0.0625;0.0625;0.0625;0.0625;0.0625;0.0625;0.0625;0.0625;0.0625;0.0625;0.0625;0.0625;0.0625;0.0625;0.0625,0,0,0,0,0
deep,24,2,petz,,0.9999999999999969,True,3.76822190084106e-15,0.9999999999999973,16,2.4999999999999984e-13,64,128,3.246186416766823e-15,3.9968028886505635e-15,1.000000000000003,1.0000000000000022,0.9999999999999972,-5.329070518200751e-15,-3.3306690738754696e-16,16,8,0.0625;0.0625;0.0625;0.0625;0.0625;0.0625;0.0625;0.0625;0.0625;0.0625;0.0625;0.0625;0.0625;0.0625;0.0625;0.0625,0.125;0.125;0.125;0.125;0.125;0.125;0.125;0.125,0,0,0,0,0
deep,24,3,petz,,0.9999999999999964,True,3.76822190084106e-15,0.9999999999999973,8,3.5355339059327333e-13,128,256,1.376148297011199e-15,3.9968028886505635e-15,1.000000000000003,1.0000000000000022,0.9999999999999972,-5.773159728050814e-15,-7.771561172376096e-16,8,4,0.125;0.125;0.125;0.125;0.125;0.125;0.125;0.125,0.25;0.25;0.25;0.25,0,0,0,0,0
deep,24,4,petz,,0.9999999999999978,True,3.76822190084106e-15,0.9999999999999973,4,4.999999999999992e-13,256,512,1.175910528467457e-15,4.440892098500626e-15,1.0000000000000053,1.0000000000000038,0.9999999999999969,-5.995204332975845e-15,8.881784197001252e-16,4,2,0.25;0.25;0.25;0.25,0.5;0.5,0,0,0,0,0
deep,24,5,petz,,0.9999999999999971,True,4.39625888431457e-15,0.9999999999999969,2,7.071067811865464e-13,512,1024,3.896186107393462e-16,0.0,1.0000000000000089,1.0000000000000062,1.0,-9.103828801926284e-15,-2.886579864025407e-15,2,1,0.5;0.5,1,0,0,0,0,0
deep,25,1,petz,,0.9999999999999964,True,4.867344277635898e-15,0.9999999999999966,32,1.767766952966367e-13,32,64,5.7158936242161365e-15,2.6645352591003757e-15,1.000000000000006,1.0000000000000042,0.9999999999999981,-7.771561172376096e-15,-1.6653345369377348e-15,32,16,0.03125;0.03125;0.03125;0.03125;0.03125;0.03125;0.03125;0.03125;0.03125;0.03125;0.03125;0.03125;0.03125;0.03125;0.03125;0.03125;0.03125;0.03125;0.03125;0.03125;0.03125;0.03125;0.03125;0.03125;0.03125;0.03125;0.03125;0.03125;0.03125;0.03125;0.03125;0.03125,0.0625;0.0625;0.0625;0.0625;0.0625;0.0625;0.0625;0.0625;0.0625;0.0625;0.0625;0.0625;0.0625;0.0625;0.0625;0.0625,0,0,0,0,0
deep,25,2,petz,,0.9999999999999948,True,4.867344277635898e-15,0.9999999999999966,16,2.499999999999998e-13,64,128,6.787016255344722e-15,6.217248937900877e-15,1.0000000000000075,1.0000000000000053,0.9999999999999957,-1.0547118733938987e-14,-8.881784197001252e-16,16,8,0.0625;0.0625;0.0625;0.0625;0.0625;0.0625;0.0625;0.0625;0.0625;0.0625;0.0625;0.0625;0.0625;0.0625;0.0625;0.0625,0.125;0.125;0.125;0.125;0.125;0.125;0.125;0.125,0,0,0,0,0
deep,25,3,petz,,0.9999999999999943,True,2.3552578408640637e-15,0.9999999999999983,8,3.5355339059327364e-13,128,256,8.397073163562754e-15,3.1086244689504383e-15,1.0000000000000049,1.0000000000000033,0.9999999999999979,-8.992806499463768e-15,-3.552713678800501e-15,8,4,0.125;0.125;0.125;0.125;0.125;0.125;0.125;0.125,0.25;0.25;0.25;0.25,0,0,0,0,0
deep,25,4,petz,,0.9999999999999922,True,1.2562973643045006e-15,0.9999999999999991,4,4.999999999999999e-13,256,512,1.2568669021821832e-14,8.881784197001252e-16,1.0000000000000002,1.0000000000000002,0.9999999999999993,-7.993605777301127e-15,-7.105427357601002e-15,4,2,0.25;0.25;0.25;0.25,0.5;0.5,0,0,0,0,0
deep,25,5,petz,,0.9999999999999969,True,6.284836590770815e-16,0.9999999999999996,2,7.071067811865476e-13,512,1024,3.4434410971285834e-15,0.0,1.0000000000000013,1.0000000000000009,1.0,-3.9968028886505635e-15,-3.1086244689504383e-15,2,1,0.5;0.5,1,0,0,0,0,0
deep,26,1,petz,,0.9999999999999964,True,4.39625888431457e-15,0.9999999999999969,32,1.767766952966367e-13,32,64,5.392811129327407e-15,2.6645352591003757e-15,1.0000000000000022,1.0000000000000016,0.9999999999999981,-5.10702591327572e-15,-1.6653345369377348e-15,32,16,0.03125;0.03125;0.03125;0.03125;0.03125;0.03125;0.03125;0.03125;0.03125;0.03125;0.03125;0.03125;0.03125;0.03125;0.03125;0.03125;0.03125;0.03125;0.03125;0.03125;0.03125;0.03125;0.03125;0.03125;0.03125;0.03125;0.03125;0.03125;0.03125;0.03125;0.03125;0.03125,0.0625;0.0625;0.0625;0.0625;0.0625;0.0625;0.0625;0.0625;0.0625;0.0625;0.0625;0.0625;0.0625;0.0625;0.0625;0.0625,0,0,0,0,0
deep,26,2,petz,,0.999999999999997,True,4.710277376051325e-15,0.9999999999999967,16,2.499999999999998e-13,64,128,4.594639855863893e-15,3.9968028886505635e-15,1.0000000000000042,1.0000000000000029,0.9999999999999972,-5.88418203051333e-15,-2.220446049250313e-16,16,8,0.0625;0.0625;0.0625;0.0625;0.0625;0.0625;0.0625;0.0625;0.0625;0.0625;0.0625;0.0625;0.0625;0.0625;0.0625;0.0625,0.125;0.125;0.125;0.125;0.125;0.125;0.125;0.125,0,0,0,0,0
deep,26,3,petz,,0.9999999999999968,True,4.553268130182947e-15,0.9999999999999968,8,3.5355339059327333e-13,128,256,1.9620132927307808e-15,4.440892098500626e-15,1.0000000000000078,1.0000000000000053,0.9999999999999969,-8.548717289613705e-15,-1.1102230246251565e-16,8,4,0.125;0.125;0.125;0.125;0.125;0.125;0.125;0.125,0.25;0.25;0.25;0.25,0,0,0,0,0
deep,26,4,petz,,0.9999999999999958,True,4.710277376051325e-15,0.9999999999999967,4,4.999999999999996e-13,256,512,3.8583702001180566e-15,2.4424906541753444e-15,1.000000000000003,1.0000000000000022,0.9999999999999983,-6.439293542825908e-15,-2.55351295663786e-15,4,2,0.25;0.25;0.25;0.25,0.5;0.5,0,0,0,0,0
deep,26,5,petz,,0.9999999999999909,True,2.3551386880256627e-15,0.9999999999999983,2,7.071067811865474e-13,512,1024,8.313180306181361e-15,0.0,1.0000000000000049,1.0000000000000033,1.0,-1.2434497875801753e-14,-9.103828801926284e-15,2,1,0.5;0.5,1,0,0,0,0,0
deep,27,1,petz,,0.4999999999999983,True,4.8672866219197025e-15,0.9999999999999966,16,2.499999999999998e-13,32,64,2.7054242363159988e-15,0.9999999999999991,5.285653731294624e-15,0.5000000000000019,0.5000000000000003,-3.608224830031759e-15,-2.0539125955565396e-15,16,16,0.0625;0.0625;0.0625;0.0625;0.0625;0.0625;0.0625;0.0625;0.0625;0.0625;0.0625;0.0625;0.0625;0.0625;0.0625;0.0625,0.0625;0.0625;0.0625;0.0625;0.0625;0.0625;0.0625;0.0625;0.0625;0.0625;0.0625;0.0625;0.0625;0.0625;0.0625;0.0625,1,0,0,1,1
deep,27,2,petz,,0.49999999999999784,True,4.8672866219197025e-15,0.9999999999999966,8,3.535533905932734e-13,64,128,2.857361347248498e-15,1.0000000000000027,9.129765535872545e-15,0.5000000000000031,0.49999999999999906,-5.2735593669694936e-15,-1.2212453270876722e-15,8,8,0.125;0.125;0.125;0.125;0.125;0.125;0.125;0.125,0.125;0.125;0.125;0.125;0.125;0.125;0.125;0.125,1,0,0,1,1
deep,27,3,petz,,0.9999999999999947,True,2.3551386880256627e-15,0.9999999999999983,8,3.5355339059327384e-13,128,256,7.877486358724324e-15,2.6645352591003757e-15,1.0000000000000038,1.0000000000000027,0.9999999999999981,-7.993605777301127e-15,-3.4416913763379853e-15,8,4,0.125;0.125;0.125;0.125;0.125;0.125;0.125;0.125,0.25;0.25;0.25;0.25,0,0,0,0,0
deep,27,4,petz,,0.999999999999995,True,1.2560739669470201e-15,0.9999999999999991,4,4.999999999999999e-13,256,512,6.875185409934169e-15,8.881784197001252e-16,1.0000000000000002,1.0000000000000002,0.9999999999999993,-5.218048215738236e-15,-4.3298697960381105e-15,4,2,0.25;0.25;0.25;0.25,0.5;0.5,0,0,0,0,0
deep,27,5,petz,,0.9999999999999962,True,6.280369985554218e-16,0.9999999999999996,2,7.071067811865476e-13,512,1024,1.1618702611683239e-14,0.0,1.0000000000000013,1.0000000000000009,1.0,-4.6629367034256575e-15,-3.774758283725532e-15,2,1,0.5;0.5,1,0,0,0,0,0
deep,28,1,petz,,0.49999999999999845,True,4.39625888431457e-15,0.9999999999999969,16,2.499999999999996e-13,32,64,2.7617558827405987e-15,0.9999999999999991,3.844111804577906e-15,0.5000000000000013,0.5000000000000003,-2.886579864025407e-15,-1.887379141862766e-15,16,16,0.0625;0.0625;0.0625;0.0625;0.0625;0.0625;0.0625;0.0625;0.0625;0.0625;0.0625;0.0625;0.0625;0.0625;0.0625;0.0625,0.0625;0.0625;0.0625;0.0625;0.0625;0.0625;0.0625;0.0625;0.0625;0.0625;0.0625;0.0625;0.0625;0.0625;0.0625;0.0625,1,0,0,1,1
deep,28,2,petz,,0.9999999999999969,True,4.710277376051325e-15,0.9999999999999967,16,2.4999999999999974e-13,64,128,3.8631790480129146e-15,3.552713678800501e-15,1.0000000000000042,1.0000000000000029,0.9999999999999976,-5.995204332975845e-15,-6.661338147750939e-16,16,8,0.0625;0.0625;0.0625;0.0625;0.0625;0.0625;0.0625;0.0625;0.0625;0.0625;0.0625;0.0625;0.0625;0.0625;0.0625;0.0625,0.125;0.125;0.125;0.125;0.125;0.125;0.125;0.125,0,0,0,0,0
deep,28,3,petz,,0.999999999999996,True,4.710277376051325e-15,0.9999999999999967,8,3.5355339059327354e-13,128,256,6.886544175779334e-15,5.329070518200751e-15,1.0000000000000082,1.0000000000000058,0.9999999999999963,-9.769962616701378e-15,-3.3306690738754696e-16,8,4,0.125;0.125;0.125;0.125;0.125;0.125;0.125;0.125,0.25;0.25;0.25;0.25,0,0,0,0,0
deep,28,4,petz,,0.9999999999999898,True,2.3551386880256627e-15,0.9999999999999983,4,5.000000000000001e-13,256,512,1.0672985440277804e-14,1.3322676295501878e-15,1.0000000000000016,1.000000000000001,0.9999999999999991,-1.1324274851176597e-14,-9.325873406851315e-15,4,2,0.25;0.25;0.25;0.25,0.5;0.5,0,0,0,0,0
deep,28,5,petz,,0.9999999999999853,True,1.2560739669470201e-15,0.9999999999999991,2,7.071067811865475e-13,512,1024,1.260765929554076e-14,0.0,1.0000000000000027,1.0000000000000018,1.0,-1.6431300764452317e-14,-1.4654943925052066e-14,2,1,0.5;0.5,1,0,0,0,0,0
deep,29,1,petz,,0.9999999999999967,True,4.39625888431457e-15,0.9999999999999969,32,1.767766952966367e-13,32,64,5.5356345277398105e-15,8.881784197001252e-16,1.0000000000000027,1.0000000000000018,0.9999999999999993,-5.10702591327572e-15,-2.6645352591003757e-15,32,16,0.03125;0.03125;0.03125;0.03125;0.03125;0.03125;0.03125;0.03125;0.03125;0.03125;0.03125;0.03125;0.03125;0.03125;0.03125;0.03125;0.03125;0.03125;0.03125;0.03125;0.03125;0.03125;0.03125;0.03125;0.03125;0.03125;0.03125;0.03125;0.03125;0.03125;0.03125;0.03125,0.0625;0.0625;0.0625;0.0625;0.0625;0.0625;0.0625;0.0625;0.0625;0.0625;0.0625;0.0625;0.0625;0.0625;0.0625;0.0625,0,0,0,0,0
deep,29,2,petz,,0.9999999999999971,True,4.710277376051325e-15,0.9999999999999967,16,2.4999999999999974e-13,64,128,4.8309450410018165e-15,3.552713678800501e-15,1.000000000000003,1.0000000000000022,0.9999999999999976,-5.10702591327572e-15,-4.440892098500626e-16,16,8,0.0625;0.0625;0.0625;0.0625;0.0625;0.0625;0.0625;0.0625;0.0625;0.0625;0.0625;0.0625;0.0625;0.0625;0.0625;0.0625,0.125;0.125;0.125;0.125;0.125;0.125;0.125;0.125,0,0,0,0,0
deep,29,3,petz,,0.9999999999999959,True,4.710277376051325e-15,0.9999999999999967,8,3.5355339059327343e-13,128,256,4.2710453109102886e-15,5.329070518200751e-15,1.0000000000000084,1.0000000000000058,0.9999999999999963,-9.880984919163893e-15,-4.440892098500626e-16,8,4,0.125;0.125;0.125;0.125;0.125;0.125;0.125;0.125,0.25;0.25;0.25;0.25,0,0,0,0,0
deep,29,4,petz,,0.9999999999999913,True,2.3551386880256627e-15,0.9999999999999983,4,4.999999999999998e-13,256,512,8.417633461118438e-15,1.3322676295501878e-15,1.0000000000000016,1.000000000000001,0.9999999999999991,-9.769962616701378e-15,-7.771561172376096e-15,4,2,0.25;0.25;0.25;0.25,0.5;0.5,0,0,0,0,0
deep,29,5,petz,,0.999999999999994,True,1.2560739669470201e-15,0.9999999999999991,2,7.071067811865474e-13,512,1024,4.710277376051325e-15,0.0,1.0000000000000027,1.0000000000000018,1.0,-7.771561172376096e-15,-5.995204332975845e-15,2,1,0.5;0.5,1,0,0,0,0,0
deep,30,1,petz,,0.24999999999999906,True,5.0242958677880805e-15,0.9999999999999964,8,3.5355339059327323e-13,32,64,1.670239709944557e-15,1.999999999999997,-0.9999999999999956,0.2500000000000008,0.25000000000000056,-1.7208456881689926e-15,-1.4988010832439613e-15,8,16,0.125;0.125;0.125;0.125;0.125;0.125;0.125;0.125,0.0625;0.0625;0.0625;0.0625;0.0625;0.0625;0.0625;0.0625;0.0625;0.0625;0.0625;0.0625;0.0625;0.0625;0.0625;0.0625,2,0,0,2,2
deep,30,2,petz,,0.9999999999999956,True,5.024295893478662e-15,0.9999999999999964,16,2.499999999999998e-13,64,128,5.020885097777379e-15,6.661338147750939e-15,1.0000000000000093,1.0000000000000064,0.9999999999999953,-1.0880185641326534e-14,2.220446049250313e-16,16,8,0.0625;0.0625;0.0625;0.0625;0.0625;0.0625;0.0625;0.0625;0.0625;0.0625;0.0625;0.0625;0.0625;0.0625;0.0625;0.0625,0.125;0.125;0.125;0.125;0.125;0.125;0.125;0.125,0,0,0,0,0
deep,30,3,petz,,0.9999999999999951,True,3.1401849584724813e-15,0.9999999999999978,8,3.5355339059327364e-13,128,256,9.573490303296879e-15,2.220446049250313e-15,1.000000000000003,1.0000000000000022,0.9999999999999984,-7.105427357601002e-15,-3.3306690738754696e-15,8,4,0.125;0.125;0.125;0.125;0.125;0.125;0.125;0.125,0.25;0.25;0.25;0.25,0,0,0,0,0
deep,30,4,petz,,0.9999999999999989,True,1.570092465438486e-15,0.9999999999999989,4,4.999999999999999e-13,256,512,8.778974734532668e-15,8.881784197001252e-16,1.0000000000000002,1.0000000000000002,0.9999999999999993,-1.3322676295501878e-15,-4.440892098500626e-16,4,2,0.25;0.25;0.25;0.25,0.5;0.5,0,0,0,0,0
deep,30,5,petz,,0.9999999999999947,True,7.85046232719243e-16,0.9999999999999994,2,7.071067811865475e-13,512,1024,1.1104210595426005e-14,0.0,1.0000000000000013,1.0000000000000009,1.0,-6.217248937900877e-15,-5.329070518200751e-15,2,1,0.5;0.5,1,0,0,0,0,0
deep,31,1,petz,,0.49999999999999817,True,4.39625888431457e-15,0.9999999999999969,16,2.4999999999999964e-13,32,64,2.7397535991338817e-15,0.9999999999999991,2.5627412030519365e-15,0.5000000000000009,0.5000000000000003,-2.7200464103316335e-15,-2.1649348980190553e-15,16,16,0.0625;0.0625;0.0625;0.0625;0.0625;0.0625;0.0625;0.0625;0.0625;0.0625;0.0625;0.0625;0.0625;0.0625;0.0625;0.0625,0.0625;0.0625;0.0625;0.0625;0.0625;0.0625;0.0625;0.0625;0.0625;0.0625;0.0625;0.0625;0.0625;0.0625;0.0625;0.0625,1,0,0,1,1
deep,31,2,petz,,0.9999999999999972,True,4.710277376051325e-15,0.9999999999999967,16,2.4999999999999974e-13,64,128,3.987536921634922e-15,3.9968028886505635e-15,1.0000000000000049,1.0000000000000033,0.9999999999999972,-6.106226635438361e-15,0.0,16,8,0.0625;0.0625;0.0625;0.0625;0.0625;0.0625;0.0625;0.0625;0.0625;0.0625;0.0625;0.0625;0.0625;0.0625;0.0625;0.0625,0.125;0.125;0.125;0.125;0.125;0.125;0.125;0.125,0,0,0,0,0
deep,31,3,petz,,0.9999999999999931,True,4.710277376051325e-15,0.9999999999999967,8,3.5355339059327343e-13,128,256,6.2912515455314835e-15,5.329070518200751e-15,1.0000000000000087,1.000000000000006,0.9999999999999963,-1.2878587085651816e-14,-3.219646771412954e-15,8,4,0.125;0.125;0.125;0.125;0.125;0.125;0.125;0.125,0.25;0.25;0.25;0.25,0,0,0,0,0
deep,31,4,petz,,0.9999999999999917,True,2.3551386880256627e-15,0.9999999999999983,4,4.999999999999998e-13,256,512,8.09624801907656e-15,1.3322676295501878e-15,1.0000000000000016,1.000000000000001,0.9999999999999991,-9.43689570931383e-15,-7.438494264988549e-15,4,2,0.25;0.25;0.25;0.25,0.5;0.5,0,0,0,0,0
deep,31,5,petz,,0.9999999999999964,True,1.2560739669470201e-15,0.9999999999999991,2,7.071067811865475e-13,512,1024,7.381833785279763e-15,0.0,1.0000000000000027,1.0000000000000018,1.0,-5.329070518200751e-15,-3.552713678800501e-15,2,1,0.5;0.5,1,0,0,0,0,0
deep,32,1,petz,,0.9999999999999963,True,4.39625888431457e-15,0.9999999999999969,32,1.7677669529663667e-13,32,64,5.228167628447064e-15,5.329070518200751e-15,1.0000000000000049,1.0000000000000033,0.9999999999999963,-6.994405055138486e-15,0.0,32,16,0.03125;0.03125;0.03125;0.03125;0.03125;0.03125;0.03125;0.03125;0.03125;0.03125;0.03125;0.03125;0.03125;0.03125;0.03125;0.03125;0.03125;0.03125;0.03125;0.03125;0.03125;0.03125;0.03125;0.03125;0.03125;0.03125;0.03125;0.03125;0.03125;0.03125;0.03125;0.03125,0.0625;0.0625;0.0625;0.0625;0.0625;0.0625;0.0625;0.0625;0.0625;0.0625;0.0625;0.0625;0.0625;0.0625;0.0625;0.0625,0,0,0,0,0
deep,32,2,petz,,0.9999999999999962,True,4.710277376051325e-15,0.9999999999999967,16,2.4999999999999974e-13,64,128,3.715307718825084e-15,4.884981308350689e-15,1.0000000000000049,1.0000000000000033,0.9999999999999966,-7.105427357601002e-15,-3.3306690738754696e-16,16,8,0.0625;0.0625;0.0625;0.0625;0.0625;0.0625;0.0625;0.0625;0.0625;0.0625;0.0625;0.0625;0.0625;0.0625;0.0625;0.0625,0.125;0.125;0.125;0.125;0.125;0.125;0.125;0.125,0,0,0,0,0
deep,32,3,petz,,0.999999999999992,True,4.710277376051325e-15,0.9999999999999967,8,3.5355339059327364e-13,128,256,9.282813145820428e-15,6.217248937900877e-15,1.0000000000000078,1.0000000000000053,0.9999999999999957,-1.3322676295501878e-14,-3.6637359812630166e-15,8,4,0.125;0.125;0.125;0.125;0.125;0.125;0.125;0.125,0.25;0.25;0.25;0.25,0,0,0,0,0
deep,32,4,petz,,0.9999999999999917,True,2.3551386880256627e-15,0.9999999999999983,4,4.999999999999998e-13,256,512,8.400187162875428e-15,1.3322676295501878e-15,1.0000000000000016,1.000000000000001,0.9999999999999991,-9.43689570931383e-15,-7.438494264988549e-15,4,2,0.25;0.25;0.25;0.25,0.5;0.5,0,0,0,0,0
deep,32,5,petz,,0.999999999999994,True,1.2560739669470201e-15,0.9999999999999991,2,7.071067811865474e-13,512,1024,4.39625888431457e-15,0.0,1.0000000000000027,1.0000000000000018,1.0,-7.771561172376096e-15,-5.995204332975845e-15,2,1,0.5;0.5,1,0,0,0,0,0
deep,33,1,petz,,0.49999999999999883,True,3.1406173725486954e-15,0.9999999999999978,16,2.499999999999998e-13,32,64,3.894516564880818e-15,1.0000000000000022,4.4847971053408916e-15,0.5000000000000016,0.4999999999999992,-2.7200464103316335e-15,-3.885780586188048e-16,16,16,0.0625;0.0625;0.0625;0.0625;0.0625;0.0625;0.0625;0.0625;0.0625;0.0625;0.0625;0.0625;0.0625;0.0625;0.0625;0.0625,0.0625;0.0625;0.0625;0.0625;0.0625;0.0625;0.0625;0.0625;0.0625;0.0625;0.0625;0.0625;0.0625;0.0625;0.0625;0.0625,1,0,0,1,1
deep,33,2,petz,,0.499999999999999,True,3.4545965548758116e-15,0.9999999999999976,8,3.5355339059327343e-13,64,128,1.980177301169066e-15,1.0000000000000022,3.68394047938716e-15,0.5000000000000012,0.4999999999999992,-2.220446049250313e-15,-2.220446049250313e-16,8,8,0.125;0.125;0.125;0.125;0.125;0.125;0.125;0.125,0.125;0.125;0.125;0.125;0.125;0.125;0.125;0.125,1,0,0,1,1
deep,33,3,petz,,0.9999999999999986,True,3.4545965548758116e-15,0.9999999999999976,8,3.535533905932733e-13,128,256,2.8462395132135294e-15,3.9968028886505635e-15,1.0000000000000024,1.0000000000000018,0.9999999999999972,-3.219646771412954e-15,1.3322676295501878e-15,8,4,0.125;0.125;0.125;0.125;0.125;0.125;0.125;0.125,0.25;0.25;0.25;0.25,0,0,0,0,0
deep,33,4,petz,,1.0000000000000002,True,2.9836308840935004e-15,0.9999999999999979,4,4.999999999999992e-13,256,512,3.725116357982153e-15,4.440892098500626e-15,1.0000000000000042,1.0000000000000029,0.9999999999999969,-2.6645352591003757e-15,3.3306690738754696e-15,4,2,0.25;0.25;0.25;0.25,0.5;0.5,0,0,0,0,0
deep,33,5,petz,,0.999999999999994,True,3.9255771194296905e-15,0.9999999999999972,2,7.071067811865469e-13,512,1024,2.36642477958303e-15,0.0,1.0000000000000095,1.0000000000000067,1.0,-1.2656542480726785e-14,-5.995204332975845e-15,2,1,0.5;0.5,1,0,0,0,0,0
deep,34,1,petz,,0.4999999999999988,True,3.1401849173675502e-15,0.9999999999999978,16,2.499999999999998e-13,32,64,2.4048120667114244e-15,0.9999999999999991,1.922055902288952e-15,0.5000000000000007,0.5000000000000003,-1.887379141862766e-15,-1.5543122344752192e-15,16,16,0.0625;0.0625;0.0625;0.0625;0.0625;0.0625;0.0625;0.0625;0.0625;0.0625;0.0625;0.0625;0.0625;0.0625;0.0625;0.0625,0.0625;0.0625;0.0625;0.0625;0.0625;0.0625;0.0625;0.0625;0.0625;0.0625;0.0625;0.0625;0.0625;0.0625;0.0625;0.0625,1,0,0,1,1
deep,34,2,petz,,0.9999999999999973,True,2.826166425630795e-15,0.999999999999998,16,2.499999999999998e-13,64,128,3.7386634089220745e-15,2.6645352591003757e-15,1.0000000000000042,1.0000000000000029,0.9999999999999981,-5.551115123125783e-15,-7.771561172376096e-16,16,8,0.0625;0.0625;0.0625;0.0625;0.0625;0.0625;0.0625;0.0625;0.0625;0.0625;0.0625;0.0625;0.0625;0.0625;0.0625;0.0625,0.125;0.125;0.125;0.125;0.125;0.125;0.125;0.125,0,0,0,0,0
deep,34,3,petz,,0.9999999999999933,True,4.082240392577815e-15,0.9999999999999971,8,3.5355339059327354e-13,128,256,6.397547633315573e-15,4.884981308350689e-15,1.0000000000000084,1.0000000000000058,0.9999999999999966,-1.2434497875801753e-14,-3.219646771412954e-15,8,4,0.125;0.125;0.125;0.125;0.125;0.125;0.125;0.125,0.25;0.25;0.25;0.25,0,0,0,0,0
deep,34,4,petz,,0.9999999999999942,True,2.0411201962889075e-15,0.9999999999999986,4,4.999999999999998e-13,256,512,7.0021149841760115e-15,1.3322676295501878e-15,1.0000000000000016,1.000000000000001,0.9999999999999991,-6.8833827526759706e-15,-4.884981308350689e-15,4,2,0.25;0.25;0.25;0.25,0.5;0.5,0,0,0,0,0
deep,34,5,petz,,0.9999999999999925,True,1.0990647210786425e-15,0.9999999999999992,2,7.071067811865475e-13,512,1024,1.1458722206982453e-14,0.0,1.0000000000000027,1.0000000000000018,1.0,-9.325873406851315e-15,-7.549516567451064e-15,2,1,0.5;0.5,1,0,0,0,0,0
deep,35,1,petz,,0.49999999999999856,True,4.8672866219197025e-15,0.9999999999999966,16,2.4999999999999974e-13,32,64,3.410801631773936e-15,0.9999999999999996,4.644968430531638e-15,0.5000000000000017,0.5000000000000001,-3.1086244689504383e-15,-1.5543122344752192e-15,16,16,0.0625;0.0625;0.0625;0.0625;0.0625;0.0625;0.0625;0.0625;0.0625;0.0625;0.0625;0.0625;0.0625;0.0625;0.0625;0.0625,0.0625;0.0625;0.0625;0.0625;0.0625;0.0625;0.0625;0.0625;0.0625;0.0625;0.0625;0.0625;0.0625;0.0625;0.0625;0.0625,1,0,0,1,1
deep,35,2,petz,,0.499999999999998,True,4.8672866219197025e-15,0.9999999999999966,8,3.535533905932733e-13,64,128,3.017887703769223e-15,1.0000000000000027,6.40685300762985e-15,0.5000000000000022,0.49999999999999906,-4.218847493575595e-15,-1.0547118733938987e-15,8,8,0.125;0.125;0.125;0.125;0.125;0.125;0.125;0.125,0.125;0.125;0.125;0.125;0.125;0.125;0.125;0.125,1,0,0,1,1
deep,35,3,petz,,0.9999999999999943,True,2.3551386880256627e-15,0.9999999999999983,8,3.5355339059327364e-13,128,256,8.19626180690927e-15,3.1086244689504383e-15,1.0000000000000042,1.0000000000000029,0.9999999999999979,-8.548717289613705e-15,-3.552713678800501e-15,8,4,0.125;0.125;0.125;0.125;0.125;0.125;0.125;0.125,0.25;0.25;0.25;0.25,0,0,0,0,0
deep,35,4,petz,,0.9999999999999876,True,1.2560739669470201e-15,0.9999999999999991,4,5e-13,256,512,8.261803492207777e-15,8.881784197001252e-16,1.0000000000000002,1.0000000000000002,0.9999999999999993,-1.2656542480726785e-14,-1.176836406102666e-14,4,2,0.25;0.25;0.25;0.25,0.5;0.5,0,0,0,0,0
deep,35,5,petz,,0.9999999999999969,True,6.280369834735101e-16,0.9999999999999996,2,7.071067811865476e-13,512,1024,3.7500097557749056e-15,0.0,1.0000000000000013,1.0000000000000009,1.0,-3.9968028886505635e-15,-3.1086244689504383e-15,2,1,0.5;0.5,1,0,0,0,0,0
deep,36,1,petz,,0.49999999999999817,True,4.8672866219197025e-15,0.9999999999999966,16,2.4999999999999964e-13,32,64,3.490177815042837e-15,1.0,5.125482406103878e-15,0.5000000000000018,0.5,-3.608224830031759e-15,-1.8318679906315083e-15,16,16,0.0625;0.0625;0.0625;0.0625;0.0625;0.0625;0.0625;0.0625;0.0625;0.0625;0.0625;0.0625;0.0625;0.0625;0.0625;0.0625,0.0625;0.0625;0.0625;0.0625;0.0625;0.0625;0.0625;0.0625;0.0625;0.0625;0.0625;0.0625;0.0625;0.0625;0.0625;0.0625,1,0,0,1,1
deep,36,2,petz,,0.9999999999999959,True,4.8672866219197025e-15,0.9999999999999966,16,2.499999999999998e-13,64,128,5.624449008117875e-15,6.217248937900877e-15,1.0000000000000084,1.0000000000000058,0.9999999999999957,-9.880984919163893e-15,2.220446049250313e-16,16,8,0.0625;0.0625;0.0625;0.0625;0.0625;0.0625;0.0625;0.0625;0.0625;0.0625;0.0625;0.0625;0.0625;0.0625;0.0625;0.0625,0.125;0.125;0.125;0.125;0.125;0.125;0.125;0.125,0,0,0,0,0
deep,36,3,petz,,0.9999999999999916,True,2.5121479338940403e-15,0.9999999999999982,8,3.535533905932737e-13,128,256,1.0446404396822305e-14,2.6645352591003757e-15,1.0000000000000038,1.0000000000000027,0.9999999999999981,-1.1102230246251565e-14,-6.5503158452884236e-15,8,4,0.125;0.125;0.125;0.125;0.125;0.125;0.125;0.125,0.25;0.25;0.25;0.25,0,0,0,0,0
deep,36,4,petz,,1.0,True,1.2560739669470201e-15,0.9999999999999991,4,4.999999999999999e-13,256,512,1.4197502004695424e-14,8.881784197001252e-16,1.0000000000000002,1.0000000000000002,0.9999999999999993,-2.220446049250313e-16,6.661338147750939e-16,4,2,0.25;0.25;0.25;0.25,0.5;0.5,0,0,0,0,0
deep,36,5,petz,,1.0000000000000107,True,6.280369876952043e-16,0.9999999999999996,2,7.071067811865474e-13,512,1024,2.5333898028260178e-14,0.0,1.0000000000000013,1.0000000000000009,1.0,9.769962616701378e-15,1.0658141036401503e-14,2,1,0.5;0.5,1,0,0,0,0,0
deep,37,1,petz,,0.9999999999999963,True,4.867286649540917e-15,0.9999999999999966,32,1.7677669529663667e-13,32,64,5.278359084456603e-15,3.552713678800501e-15,1.0000000000000042,1.0000000000000029,0.9999999999999976,-6.5503158452884236e-15,-1.2212453270876722e-15,32,16,0.03125;0.03125;0.03125;0.03125;0.03125;0.03125;0.03125;0.03125;0.03125;0.03125;0.03125;0.03125;0.03125;0.03125;0.03125;0.03125;0.03125;0.03125;0.03125;0.03125;0.03125;0.03125;0.03125;0.03125;0.03125;0.03125;0.03125;0.03125;0.03125;0.03125;0.03125;0.03125,0.0625;0.0625;0.0625;0.0625;0.0625;0.0625;0.0625;0.0625;0.0625;0.0625;0.0625;0.0625;0.0625;0.0625;0.0625;0.0625,0,0,0,0,0
deep,37,2,petz,,0.9999999999999962,True,4.867286628825006e-15,0.9999999999999966,16,2.499999999999998e-13,64,128,5.447782832764147e-15,5.773159728050814e-15,1.0000000000000078,1.0000000000000053,0.999999999999996,-9.103828801926284e-15,2.220446049250313e-16,16,8,0.0625;0.0625;0.0625;0.0625;0.0625;0.0625;0.0625;0.0625;0.0625;0.0625;0.0625;0.0625;0.0625;0.0625;0.0625;0.0625,0.125;0.125;0.125;0.125;0.125;0.125;0.125;0.125,0,0,0,0,0
deep,37,3,petz,,0.999999999999994,True,2.355138691593403e-15,0.9999999999999983,8,3.535533905932737e-13,128,256,7.768988592829646e-15,3.1086244689504383e-15,1.0000000000000038,1.0000000000000027,0.9999999999999979,-8.659739592076221e-15,-3.885780586188048e-15,8,4,0.125;0.125;0.125;0.125;0.125;0.125;0.125;0.125,0.25;0.25;0.25;0.25,0,0,0,0,0
deep,37,4,petz,,0.9999999999999905,True,1.2560762377923347e-15,0.9999999999999991,4,4.999999999999999e-13,256,512,6.8743226479483664e-15,8.881784197001252e-16,1.0000000000000002,1.0000000000000002,0.9999999999999993,-9.769962616701378e-15,-8.881784197001252e-15,4,2,0.25;0.25;0.25;0.25,0.5;0.5,0,0,0,0,0
deep,37,5,petz,,1.0000000000000009,True,6.280382454919002e-16,0.9999999999999996,2,7.071067811865474e-13,512,1024,2.224298440490792e-14,0.0,1.0000000000000013,1.0000000000000009,1.0,0.0,8.881784197001252e-16,2,1,0.5;0.5,1,0,0,0,0,0
deep,38,1,petz,,0.9999999999999962,True,5.181305113656458e-15,0.9999999999999963,32,1.7677669529663662e-13,32,64,6.776571088956921e-15,0.0,1.0000000000000013,1.0000000000000009,1.0,-4.6629367034256575e-15,-3.774758283725532e-15,32,16,0.03125;0.03125;0.03125;0.03125;0.03125;0.03125;0.03125;0.03125;0.03125;0.03125;0.03125;0.03125;0.03125;0.03125;0.03125;0.03125;0.03125;0.03125;0.03125;0.03125;0.03125;0.03125;0.03125;0.03125;0.03125;0.03125;0.03125;0.03125;0.03125;0.03125;0.03125;0.03125,0.0625;0.0625;0.0625;0.0625;0.0625;0.0625;0.0625;0.0625;0.0625;0.0625;0.0625;0.0625;0.0625;0.0625;0.0625;0.0625,0,0,0,0,0
deep,38,2,petz,,0.9999999999999962,True,7.53644380168212e-15,0.9999999999999947,16,2.4999999999999964e-13,64,128,6.923793547302631e-15,8.881784197001252e-15,1.0000000000000118,1.0000000000000082,0.9999999999999939,-1.199040866595169e-14,2.3314683517128287e-15,16,8,0.0625;0.0625;0.0625;0.0625;0.0625;0.0625;0.0625;0.0625;0.0625;0.0625;0.0625;0.0625;0.0625;0.0625;0.0625;0.0625,0.125;0.125;0.125;0.125;0.125;0.125;0.125;0.125,0,0,0,0,0
deep,38,3,petz,,0.9999999999999974,True,3.76822190084106e-15,0.9999999999999973,8,3.5355339059327354e-13,128,256,7.700818908341873e-15,3.9968028886505635e-15,1.000000000000006,1.0000000000000042,0.9999999999999972,-6.772360450213455e-15,2.220446049250313e-16,8,4,0.125;0.125;0.125;0.125;0.125;0.125;0.125;0.125,0.25;0.25;0.25;0.25,0,0,0,0,0
deep,38,4,petz,,1.0000000000000049,True,1.88411095042053e-15,0.9999999999999987,4,4.999999999999998e-13,256,512,1.2074079036925486e-14,8.881784197001252e-16,1.000000000000001,1.0000000000000007,0.9999999999999993,4.218847493575595e-15,5.551115123125783e-15,4,2,0.25;0.25;0.25;0.25,0.5;0.5,0,0,0,0,0
deep,38,5,petz,,0.999999999999994,True,9.42055475210265e-16,0.9999999999999993,2,7.071067811865475e-13,512,1024,1.3776942867708289e-14,0.0,1.000000000000002,1.0000000000000013,1.0,-7.327471962526033e-15,-5.995204332975845e-15,2,1,0.5;0.5,1,0,0,0,0,0
deep,39,1,petz,,0.9999999999999964,True,4.8672866219197025e-15,0.9999999999999966,32,1.7677669529663667e-13,32,64,6.187258362142824e-15,4.440892098500626e-15,1.0000000000000049,1.0000000000000033,0.9999999999999969,-6.8833827526759706e-15,-4.440892098500626e-16,32,16,0.03125;0.03125;0.03125;0.03125;0.03125;0.03125;0.03125;0.03125;0.03125;0.03125;0.03125;0.03125;0.03125;0.03125;0.03125;0.03125;0.03125;0.03125;0.03125;0.03125;0.03125;0.03125;0.03125;0.03125;0.03125;0.03125;0.03125;0.03125;0.03125;0.03125;0.03125;0.03125,0.0625;0.0625;0.0625;0.0625;0.0625;0.0625;0.0625;0.0625;0.0625;0.0625;0.0625;0.0625;0.0625;0.0625;0.0625;0.0625,0,0,0,0,0
deep,39,2,petz,,0.9999999999999956,True,4.8672866219197025e-15,0.9999999999999966,16,2.499999999999998e-13,64,128,5.932848987230512e-15,5.773159728050814e-15,1.0000000000000073,1.000000000000005,0.999999999999996,-9.547918011776346e-15,-4.440892098500626e-16,16,8,0.0625;0.0625;0.0625;0.0625;0.0625;0.0625;0.0625;0.0625;0.0625;0.0625;0.0625;0.0625;0.0625;0.0625;0.0625;0.0625,0.125;0.125;0.125;0.125;0.125;0.125;0.125;0.125,0,0,0,0,0
deep,39,3,petz,,0.9999999999999962,True,2.5121479338940403e-15,0.9999999999999982,8,3.5355339059327364e-13,128,256,6.326610191722632e-15,3.1086244689504383e-15,1.0000000000000049,1.0000000000000033,0.9999999999999979,-7.105427357601002e-15,-1.6653345369377348e-15,8,4,0.125;0.125;0.125;0.125;0.125;0.125;0.125;0.125,0.25;0.25;0.25;0.25,0,0,0,0,0
deep,39,4,petz,,0.9999999999999907,True,1.2560739669470201e-15,0.9999999999999991,4,4.999999999999999e-13,256,512,8.910539072961997e-15,8.881784197001252e-16,1.0000000000000002,1.0000000000000002,0.9999999999999993,-9.547918011776346e-15,-8.659739592076221e-15,4,2,0.25;0.25;0.25;0.25,0.5;0.5,0,0,0,0,0
deep,39,5,petz,,0.9999999999999947,True,6.280369876952043e-16,0.9999999999999996,2,7.071067811865476e-13,512,1024,1.115691160538058e-14,0.0,1.0000000000000013,1.0000000000000009,1.0,-6.217248937900877e-15,-5.329070518200751e-15,2,1,0.5;0.5,1,0,0,0,0,0
deep,40,1,petz,,0.9999999999999961,True,5.181305113656458e-15,0.9999999999999963,32,1.767766952966366e-13,32,64,5.467944296071864e-15,4.440892098500626e-15,1.0000000000000038,1.0000000000000027,0.9999999999999969,-6.5503158452884236e-15,-7.771561172376096e-16,32,16,0.03125;0.03125;0.03125;0.03125;0.03125;0.03125;0.03125;0.03125;0.03125;0.03125;0.03125;0.03125;0.03125;0.03125;0.03125;0.03125;0.03125;0.03125;0.03125;0.03125;0.03125;0.03125;0.03125;0.03125;0.03125;0.03125;0.03125;0.03125;0.03125;0.03125;0.03125;0.03125,0.0625;0.0625;0.0625;0.0625;0.0625;0.0625;0.0625;0.0625;0.0625;0.0625;0.0625;0.0625;0.0625;0.0625;0.0625;0.0625,0,0,0,0,0
deep,40,2,petz,,0.9999999999999958,True,5.181305113656458e-15,0.9999999999999963,16,2.499999999999997e-13,64,128,5.595828332455556e-15,1.7763568394002505e-15,1.0000000000000042,1.0000000000000029,0.9999999999999988,-7.105427357601002e-15,-2.9976021664879227e-15,16,8,0.0625;0.0625;0.0625;0.0625;0.0625;0.0625;0.0625;0.0625;0.0625;0.0625;0.0625;0.0625;0.0625;0.0625;0.0625;0.0625,0.125;0.125;0.125;0.125;0.125;0.125;0.125;0.125,0,0,0,0,0
deep,40,3,petz,,0.9999999999999961,True,7.53644380168212e-15,0.9999999999999947,8,3.5355339059327333e-13,128,256,5.6231179544295346e-15,7.993605777301127e-15,1.0000000000000129,1.0000000000000089,0.9999999999999944,-1.27675647831893e-14,1.6653345369377348e-15,8,4,0.125;0.125;0.125;0.125;0.125;0.125;0.125;0.125,0.25;0.25;0.25;0.25,0,0,0,0,0
deep,40,4,petz,,0.9999999999999933,True,3.7682224844227375e-15,0.9999999999999973,4,4.999999999999997e-13,256,512,1.078242734150897e-14,2.220446049250313e-15,1.0000000000000016,1.000000000000001,0.9999999999999984,-7.771561172376096e-15,-5.10702591327572e-15,4,2,0.25;0.25;0.25;0.25,0.5;0.5,0,0,0,0,0
deep,40,5,petz,,1.0000000000000009,True,1.8841112422113687e-15,0.9999999999999987,2,7.071067811865471e-13,512,1024,2.2866265234516364e-14,0.0,1.0000000000000038,1.0000000000000027,1.0,-1.7763568394002505e-15,8.881784197001252e-16,2,1,0.5;0.5,1,0,0,0,0,0
deep,41,1,petz,,0.4999999999999983,True,4.8672866219197025e-15,0.9999999999999966,16,2.4999999999999974e-13,32,64,3.88316898693078e-15,0.9999999999999996,3.844111804577906e-15,0.5000000000000013,0.5000000000000001,-3.0531133177191805e-15,-1.8318679906315083e-15,16,16,0.0625;0.0625;0.0625;0.0625;0.0625;0.0625;0.0625;0.0625;0.0625;0.0625;0.0625;0.0625;0.0625;0.0625;0.0625;0.0625,0.0625;0.0625;0.0625;0.0625;0.0625;0.0625;0.0625;0.0625;0.0625;0.0625;0.0625;0.0625;0.0625;0.0625;0.0625;0.0625,1,0,0,1,1
deep,41,2,petz,,0.9999999999999956,True,4.867286628825006e-15,0.9999999999999966,16,2.499999999999998e-13,64,128,4.835433927344784e-15,5.329070518200751e-15,1.000000000000008,1.0000000000000056,0.9999999999999963,-9.992007221626409e-15,-7.771561172376096e-16,16,8,0.0625;0.0625;0.0625;0.0625;0.0625;0.0625;0.0625;0.0625;0.0625;0.0625;0.0625;0.0625;0.0625;0.0625;0.0625;0.0625,0.125;0.125;0.125;0.125;0.125;0.125;0.125;0.125,0,0,0,0,0
deep,41,3,petz,,0.9999999999999963,True,2.355138691593403e-15,0.9999999999999983,8,3.5355339059327364e-13,128,256,6.228169273704981e-15,3.1086244689504383e-15,1.0000000000000042,1.0000000000000029,0.9999999999999979,-6.5503158452884236e-15,-1.5543122344752192e-15,8,4,0.125;0.125;0.125;0.125;0.125;0.125;0.125;0.125,0.25;0.25;0.25;0.25,0,0,0,0,0
deep,41,4,petz,,0.9999999999999982,True,1.2560739686193983e-15,0.9999999999999991,4,4.999999999999999e-13,256,512,7.660214107221714e-15,8.881784197001252e-16,1.0000000000000002,1.0000000000000002,0.9999999999999993,-1.9984014443252818e-15,-1.1102230246251565e-15,4,2,0.25;0.25;0.25;0.25,0.5;0.5,0,0,0,0,0
deep,41,5,petz,,0.9999999999999947,True,6.280382454919002e-16,0.9999999999999996,2,7.071067811865476e-13,512,1024,1.110512189603506e-14,0.0,1.0000000000000013,1.0000000000000009,1.0,-6.217248937900877e-15,-5.329070518200751e-15,2,1,0.5;0.5,1,0,0,0,0,0
deep,42,1,petz,,0.49999999999999806,True,5.024405023916863e-15,0.9999999999999964,16,2.499999999999996e-13,32,64,3.3810227711490226e-15,0.9999999999999956,2.2423985526704442e-15,0.5000000000000008,0.5000000000000016,-2.7200464103316335e-15,-3.497202527569243e-15,16,16,0.0625;0.0625;0.0625;0.0625;0.0625;0.0625;0.0625;0.0625;0.0625;0.0625;0.0625;0.0625;0.0625;0.0625;0.0625;0.0625,0.0625;0.0625;0.0625;0.0625;0.0625;0.0625;0.0625;0.0625;0.0625;0.0625;0.0625;0.0625;0.0625;0.0625;0.0625;0.0625,1,0,0,1,1
deep,42,2,petz,,0.9999999999999957,True,2.669216439204014e-15,0.9999999999999981,16,2.4999999999999964e-13,64,128,4.329386100032068e-15,9.769962616701378e-15,1.0000000000000109,1.0000000000000075,0.9999999999999932,-1.1879386363489175e-14,2.4424906541753444e-15,16,8,0.0625;0.0625;0.0625;0.0625;0.0625;0.0625;0.0625;0.0625;0.0625;0.0625;0.0625;0.0625;0.0625;0.0625;0.0625;0.0625,0.125;0.125;0.125;0.125;0.125;0.125;0.125;0.125,0,0,0,0,0
deep,42,3,petz,,0.9999999999999973,True,1.4131287650040912e-15,0.999999999999999,8,3.5355339059327354e-13,128,256,8.942033131390045e-15,3.9968028886505635e-15,1.0000000000000064,1.0000000000000044,0.9999999999999972,-7.105427357601002e-15,1.1102230246251565e-16,8,4,0.125;0.125;0.125;0.125;0.125;0.125;0.125;0.125,0.25;0.25;0.25;0.25,0,0,0,0,0
deep,42,4,petz,,1.0000000000000018,True,6.280376572837321e-16,0.9999999999999996,4,4.999999999999998e-13,256,512,1.0044066856380757e-14,2.220446049250313e-16,1.0000000000000007,1.0000000000000004,0.9999999999999999,1.3322676295501878e-15,1.887379141862766e-15,4,2,0.25;0.25;0.25;0.25,0.5;0.5,0,0,0,0,0
deep,42,5,petz,,0.999999999999984,True,4.716984752091148e-16,0.9999999999999997,2,7.071067811865518e-13,512,1024,2.5338752550087584e-14,0.0,1.000000000000002,1.0000000000000013,1.0,-1.7319479184152442e-14,-1.5987211554602254e-14,2,1,0.5;0.5,1,0,0,0,0,0
deep,43,1,petz,,0.9999999999999964,True,4.8672866219197025e-15,0.9999999999999966,32,1.7677669529663667e-13,32,64,5.3739902487519995e-15,1.7763568394002505e-15,1.000000000000005,1.0000000000000036,0.9999999999999988,-7.105427357601002e-15,-2.3314683517128287e-15,32,16,0.03125;0.03125;0.03125;0.03125;0.03125;0.03125;0.03125;0.03125;0.03125;0.03125;0.03125;0.03125;0.03125;0.03125;0.03125;0.03125;0.03125;0.03125;0.03125;0.03125;0.03125;0.03125;0.03125;0.03125;0.03125;0.03125;0.03125;0.03125;0.03125;0.03125;0.03125;0.03125,0.0625;0.0625;0.0625;0.0625;0.0625;0.0625;0.0625;0.0625;0.0625;0.0625;0.0625;0.0625;0.0625;0.0625;0.0625;0.0625,0,0,0,0,0
deep,43,2,petz,,0.9999999999999958,True,4.8672866219197025e-15,0.9999999999999961,16,2.499999999999998e-13,64,128,5.498869348305678e-15,6.217248937900877e-15,1.0000000000000067,1.0000000000000047,0.9999999999999957,-8.881784197001252e-15,1.1102230246251565e-16,16,8,0.0625;0.0625;0.0625;0.0625;0.0625;0.0625;0.0625;0.0625;0.0625;0.0625;0.0625;0.0625;0.0625;0.0625;0.0625;0.0625,0.125;0.125;0.125;0.125;0.125;0.125;0.125;0.125,0,0,0,0,0
deep,43,3,petz,,0.9999999999999919,True,2.3551386880256627e-15,0.9999999999999983,8,3.535533905932737e-13,128,256,1.1290994055863285e-14,2.6645352591003757e-15,1.0000000000000009,1.0000000000000007,0.9999999999999981,-8.770761894538737e-15,-6.217248937900877e-15,8,4,0.125;0.125;0.125;0.125;0.125;0.125;0.125;0.125,0.25;0.25;0.25;0.25,0,0,0,0,0
deep,43,4,petz,,0.999999999999998,True,1.2560739669470201e-15,0.9999999999999991,4,4.999999999999999e-13,256,512,1.9289318628464394e-14,8.881784197001252e-16,1.0000000000000002,1.0000000000000002,0.9999999999999993,-2.220446049250313e-15,-1.3322676295501878e-15,4,2,0.25;0.25;0.25;0.25,0.5;0.5,0,0,0,0,0
deep,43,5,petz,,0.9999999999999969,True,6.280369834735101e-16,0.9999999999999996,2,7.071067811865475e-13,512,1024,4.2166156275057625e-15,0.0,1.0000000000000013,1.0000000000000009,1.0,-3.9968028886505635e-15,-3.1086244689504383e-15,2,1,0.5;0.5,1,0,0,0,0,0
deep,44,1,petz,,0.9999999999999964,True,4.553268130182947e-15,0.9999999999999968,32,1.7677669529663667e-13,32,64,4.9052683019313205e-15,4.440892098500626e-15,1.0000000000000044,1.000000000000003,0.9999999999999969,-6.661338147750939e-15,-4.440892098500626e-16,32,16,0.03125;0.03125;0.03125;0.03125;0.03125;0.03125;0.03125;0.03125;0.03125;0.03125;0.03125;0.03125;0.03125;0.03125;0.03125;0.03125;0.03125;0.03125;0.03125;0.03125;0.03125;0.03125;0.03125;0.03125;0.03125;0.03125;0.03125;0.03125;0.03125;0.03125;0.03125;0.03125,0.0625;0.0625;0.0625;0.0625;0.0625;0.0625;0.0625;0.0625;0.0625;0.0625;0.0625;0.0625;0.0625;0.0625;0.0625;0.0625,0,0,0,0,0
deep,44,2,petz,,0.9999999999999973,True,3.925231146709438e-15,0.9999999999999972,16,2.4999999999999974e-13,64,128,3.434030135822084e-15,2.6645352591003757e-15,1.0000000000000042,1.0000000000000029,0.9999999999999981,-5.551115123125783e-15,-7.771561172376096e-16,16,8,0.0625;0.0625;0.0625;0.0625;0.0625;0.0625;0.0625;0.0625;0.0625;0.0625;0.0625;0.0625;0.0625;0.0625;0.0625;0.0625,0.125;0.125;0.125;0.125;0.125;0.125;0.125;0.125,0,0,0,0,0
deep,44,3,petz,,0.9999999999999964,True,4.553268130182947e-15,0.9999999999999968,8,3.535533905932733e-13,128,256,1.6511512984073054e-15,4.884981308350689e-15,1.0000000000000078,1.0000000000000053,0.9999999999999966,-8.881784197001252e-15,-1.1102230246251565e-16,8,4,0.125;0.125;0.125;0.125;0.125;0.125;0.125;0.125,0.25;0.25;0.25;0.25,0,0,0,0,0
deep,44,4,petz,,0.9999999999999929,True,4.710277376051325e-15,0.9999999999999967,4,4.999999999999996e-13,256,512,5.326615288230584e-15,2.4424906541753444e-15,1.000000000000003,1.0000000000000022,0.9999999999999983,-9.325873406851315e-15,-5.440092820663267e-15,4,2,0.25;0.25;0.25;0.25,0.5;0.5,0,0,0,0,0
deep,44,5,petz,,0.9999999999999853,True,2.3551386880256627e-15,0.9999999999999983,2,7.071067811865474e-13,512,1024,1.1816482443610433e-14,0.0,1.0000000000000049,1.0000000000000033,1.0,-1.7985612998927536e-14,-1.4654943925052066e-14,2,1,0.5;0.5,1,0,0,0,0,0
deep,45,1,petz,,0.49999999999999833,True,4.39625888431457e-15,0.9999999999999969,16,2.499999999999996e-13,32,64,2.8275584539009058e-15,0.9999999999999996,5.44582505648537e-15,0.5000000000000019,0.5000000000000001,-3.552713678800501e-15,-1.7763568394002505e-15,16,16,0.0625;0.0625;0.0625;0.0625;0.0625;0.0625;0.0625;0.0625;0.0625;0.0625;0.0625;0.0625;0.0625;0.0625;0.0625;0.0625,0.0625;0.0625;0.0625;0.0625;0.0625;0.0625;0.0625;0.0625;0.0625;0.0625;0.0625;0.0625;0.0625;0.0625;0.0625;0.0625,1,0,0,1,1
deep,45,2,petz,,0.49999999999999845,True,4.710277376051325e-15,0.9999999999999967,8,3.535533905932733e-13,64,128,2.714746341730588e-15,1.0000000000000004,6.0865103572483564e-15,0.5000000000000021,0.49999999999999983,-3.6637359812630166e-15,-1.3877787807814457e-15,8,8,0.125;0.125;0.125;0.125;0.125;0.125;0.125;0.125,0.125;0.125;0.125;0.125;0.125;0.125;0.125;0.125,1,0,0,1,1
deep,45,3,petz,,0.9999999999999949,True,4.710277376051325e-15,0.9999999999999967,8,3.535533905932735e-13,128,256,7.923028685054218e-15,5.773159728050814e-15,1.0000000000000095,1.0000000000000067,0.999999999999996,-1.176836406102666e-14,-1.1102230246251565e-15,8,4,0.125;0.125;0.125;0.125;0.125;0.125;0.125;0.125,0.25;0.25;0.25;0.25,0,0,0,0,0
deep,45,4,petz,,0.9999999999999901,True,2.3551386880256627e-15,0.9999999999999983,4,4.999999999999998e-13,256,512,9.472846730062006e-15,1.3322676295501878e-15,1.0000000000000016,1.000000000000001,0.9999999999999991,-1.099120794378905e-14,-8.992806499463768e-15,4,2,0.25;0.25;0.25;0.25,0.5;0.5,0,0,0,0,0
deep,45,5,petz,,0.9999999999999925,True,1.2560739669470201e-15,0.9999999999999991,2,7.071067811865475e-13,512,1024,9.256913953079468e-15,0.0,1.0000000000000027,1.0000000000000018,1.0,-9.325873406851315e-15,-7.549516567451064e-15,2,1,0.5;0.5,1,0,0,0,0,0
deep,46,1,petz,,0.9999999999999964,True,4.8672866219197025e-15,0.9999999999999966,32,1.7677669529663662e-13,32,64,5.1660852907497495e-15,3.552713678800501e-15,1.000000000000006,1.0000000000000042,0.9999999999999976,-7.771561172376096e-15,-1.1102230246251565e-15,32,16,0.03125;0.03125;0.03125;0.03125;0.03125;0.03125;0.03125;0.03125;0.03125;0.03125;0.03125;0.03125;0.03125;0.03125;0.03125;0.03125;0.03125;0.03125;0.03125;0.03125;0.03125;0.03125;0.03125;0.03125;0.03125;0.03125;0.03125;0.03125;0.03125;0.03125;0.03125;0.03125,0.0625;0.0625;0.0625;0.0625;0.0625;0.0625;0.0625;0.0625;0.0625;0.0625;0.0625;0.0625;0.0625;0.0625;0.0625;0.0625,0,0,0,0,0
deep,46,2,petz,,0.999999999999996,True,4.8672866219197025e-15,0.9999999999999966,16,2.499999999999998e-13,64,128,5.236655101896046e-15,6.661338147750939e-15,1.000000000000007,1.0000000000000049,0.9999999999999953,-8.881784197001252e-15,6.661338147750939e-16,16,8,0.0625;0.0625;0.0625;0.0625;0.0625;0.0625;0.0625;0.0625;0.0625;0.0625;0.0625;0.0625;0.0625;0.0625;0.0625;0.0625,0.125;0.125;0.125;0.125;0.125;0.125;0.125;0.125,0,0,0,0,0
deep,46,3,petz,,0.9999999999999952,True,2.5121479338940403e-15,0.9999999999999982,8,3.535533905932737e-13,128,256,8.046870203474596e-15,2.220446049250313e-15,1.0000000000000042,1.0000000000000029,0.9999999999999984,-7.66053886991358e-15,-3.219646771412954e-15,8,4,0.125;0.125;0.125;0.125;0.125;0.125;0.125;0.125,0.25;0.25;0.25;0.25,0,0,0,0,0
deep,46,4,petz,,0.9999999999999958,True,1.2560739669470201e-15,0.9999999999999991,4,4.999999999999999e-13,256,512,9.41057642460635e-15,4.440892098500626e-16,1.0000000000000002,1.0000000000000002,0.9999999999999997,-4.440892098500626e-15,-3.885780586188048e-15,4,2,0.25;0.25;0.25;0.25,0.5;0.5,0,0,0,0,0
deep,46,5,petz,,0.9999999999999969,True,6.280369834735101e-16,0.9999999999999996,2,7.071067811865475e-13,512,1024,3.704309135642034e-15,0.0,1.0000000000000013,1.0000000000000009,1.0,-3.9968028886505635e-15,-3.1086244689504383e-15,2,1,0.5;0.5,1,0,0,0,0,0
deep,47,1,petz,,0.9999999999999962,True,5.181305113656458e-15,0.9999999999999963,32,1.7677669529663657e-13,32,64,5.889968415874458e-15,8.881784197001252e-16,1.0000000000000038,1.0000000000000027,0.9999999999999993,-6.439293542825908e-15,-3.1086244689504383e-15,32,16,0.03125;0.03125;0.03125;0.03125;0.03125;0.03125;0.03125;0.03125;0.03125;0.03125;0.03125;0.03125;0.03125;0.03125;0.03125;0.03125;0.03125;0.03125;0.03125;0.03125;0.03125;0.03125;0.03125;0.03125;0.03125;0.03125;0.03125;0.03125;0.03125;0.03125;0.03125;0.03125,0.0625;0.0625;0.0625;0.0625;0.0625;0.0625;0.0625;0.0625;0.0625;0.0625;0.0625;0.0625;0.0625;0.0625;0.0625;0.0625,0,0,0,0,0
deep,47,2,petz,,0.9999999999999948,True,7.693453047550498e-15,0.9999999999999946,16,2.4999999999999964e-13,64,128,6.4187081417303475e-15,9.769962616701378e-15,1.0000000000000118,1.0000000000000082,0.9999999999999932,-1.3433698597964394e-14,1.5543122344752192e-15,16,8,0.0625;0.0625;0.0625;0.0625;0.0625;0.0625;0.0625;0.0625;0.0625;0.0625;0.0625;0.0625;0.0625;0.0625;0.0625;0.0625,0.125;0.125;0.125;0.125;0.125;0.125;0.125;0.125,0,0,0,0,0
deep,47,3,petz,,0.9999999999999979,True,3.76822190084106e-15,0.9999999999999973,8,3.5355339059327354e-13,128,256,9.169084109598569e-15,4.440892098500626e-15,1.0000000000000067,1.0000000000000047,0.9999999999999969,-6.772360450213455e-15,9.992007221626409e-16,8,4,0.125;0.125;0.125;0.125;0.125;0.125;0.125;0.125,0.25;0.25;0.25;0.25,0,0,0,0,0
deep,47,4,petz,,1.0000000000000075,True,1.88411095042053e-15,0.9999999999999987,4,4.999999999999998e-13,256,512,2.060284156751963e-14,8.881784197001252e-16,1.000000000000001,1.0000000000000007,0.9999999999999993,6.8833827526759706e-15,8.215650382226158e-15,4,2,0.25;0.25;0.25;0.25,0.5;0.5,0,0,0,0,0
deep,47,5,petz,,0.999999999999994,True,1.099064763860266e-15,0.9999999999999992,2,7.071067811865473e-13,512,1024,1.3305018486910338e-14,0.0,1.0000000000000022,1.0000000000000016,1.0,-7.549516567451064e-15,-5.995204332975845e-15,2,1,0.5;0.5,1,0,0,0,0,0
deep,48,1,petz,,0.4999999999999983,True,5.0242958677880805e-15,0.9999999999999964,16,2.4999999999999964e-13,32,64,3.2961667471279466e-15,0.999999999999996,2.8830838534334287e-15,0.500000000000001,0.5000000000000013,-2.7200464103316335e-15,-3.0531133177191805e-15,16,16,0.0625;0.0625;0.0625;0.0625;0.0625;0.0625;0.0625;0.0625;0.0625;0.0625;0.0625;0.0625;0.0625;0.0625;0.0625;0.0625,0.0625;0.0625;0.0625;0.0625;0.0625;0.0625;0.0625;0.0625;0.0625;0.0625;0.0625;0.0625;0.0625;0.0625;0.0625;0.0625,1,0,0,1,1
deep,48,2,petz,,0.9999999999999957,True,2.5121479338940403e-15,0.9999999999999982,16,2.4999999999999974e-13,64,128,4.674307500758533e-15,9.769962616701378e-15,1.0000000000000107,1.0000000000000073,0.9999999999999932,-1.1657341758564144e-14,2.4424906541753444e-15,16,8,0.0625;0.0625;0.0625;0.0625;0.0625;0.0625;0.0625;0.0625;0.0625;0.0625;0.0625;0.0625;0.0625;0.0625;0.0625;0.0625,0.125;0.125;0.125;0.125;0.125;0.125;0.125;0.125,0,0,0,0,0
deep,48,3,petz,,0.9999999999999964,True,1.256074565889618e-15,0.9999999999999991,8,3.5355339059327354e-13,128,256,1.0216036721287957e-14,4.440892098500626e-15,1.000000000000006,1.0000000000000042,0.9999999999999969,-7.771561172376096e-15,-4.440892098500626e-16,8,4,0.125;0.125;0.125;0.125;0.125;0.125;0.125;0.125,0.25;0.25;0.25;0.25,0,0,0,0,0
deep,48,4,petz,,1.0000000000000018,True,6.280369834735101e-16,0.9999999999999996,4,4.999999999999998e-13,256,512,8.238822218229396e-15,8.881784197001252e-16,1.000000000000001,1.0000000000000007,0.9999999999999993,1.1102230246251565e-15,2.4424906541753444e-15,4,2,0.25;0.25;0.25;0.25,0.5;0.5,0,0,0,0,0
deep,48,5,petz,,0.9999999999999747,True,3.1401849173675503e-16,0.9999999999999998,2,7.071067811865523e-13,512,1024,3.6145686277098055e-14,0.0,1.000000000000002,1.0000000000000013,1.0,-2.6645352591003757e-14,-2.531308496145357e-14,2,1,0.5;0.5,1,0,0,0,0,0
deep,49,1,petz,,0.4999999999999983,True,4.8672866219197025e-15,0.9999999999999966,16,2.4999999999999974e-13,32,64,2.9300544732718747e-15,0.9999999999999991,4.644968430531638e-15,0.5000000000000017,0.5000000000000003,-3.3861802251067274e-15,-2.0539125955565396e-15,16,16,0.0625;0.0625;0.0625;0.0625;0.0625;0.0625;0.0625;0.0625;0.0625;0.0625;0.0625;0.0625;0.0625;0.0625;0.0625;0.0625,0.0625;0.0625;0.0625;0.0625;0.0625;0.0625;0.0625;0.0625;0.0625;0.0625;0.0625;0.0625;0.0625;0.0625;0.0625;0.0625,1,0,0,1,1
deep,49,2,petz,,0.9999999999999963,True,4.8672866219197025e-15,0.9999999999999966,16,2.499999999999998e-13,64,128,5.41795102739869e-15,5.773159728050814e-15,1.000000000000008,1.0000000000000056,0.999999999999996,-9.2148511043888e-15,3.3306690738754696e-16,16,8,0.0625;0.0625;0.0625;0.0625;0.0625;0.0625;0.0625;0.0625;0.0625;0.0625;0.0625;0.0625;0.0625;0.0625;0.0625;0.0625,0.125;0.125;0.125;0.125;0.125;0.125;0.125;0.125,0,0,0,0,0
deep,49,3,petz,,0.9999999999999971,True,2.355138691593403e-15,0.9999999999999983,8,3.535533905932737e-13,128,256,7.00582102823892e-15,2.6645352591003757e-15,1.0000000000000049,1.0000000000000033,0.9999999999999981,-6.217248937900877e-15,-9.992007221626409e-16,8,4,0.125;0.125;0.125;0.125;0.125;0.125;0.125;0.125,0.25;0.25;0.25;0.25,0,0,0,0,0
deep,49,4,petz,,0.9999999999999987,True,1.2560739686193983e-15,0.9999999999999991,4,4.999999999999999e-13,256,512,5.827698936968473e-15,8.881784197001252e-16,1.0000000000000002,1.0000000000000002,0.9999999999999993,-1.5543122344752192e-15,-6.661338147750939e-16,4,2,0.25;0.25;0.25;0.25,0.5;0.5,0,0,0,0,0
deep,49,5,petz,,1.0000000000000142,True,6.280369843096992e-16,0.9999999999999996,2,7.071067811865474e-13,512,1024,2.7565733337476018e-14,0.0,1.0000000000000013,1.0000000000000009,1.0,1.3322676295501878e-14,1.4210854715202004e-14,2,1,0.5;0.5,1,0,0,0,0,0
